timestamp,client,consumption_kw,rolling_z_score,rolling_z_flag,isolation_forest_flag,lof_score,lof_flag
2011-01-02 00:15:00,MT_196,10041.6666666667,-2.070702370559287,False,False,1.5074312742562432,False
2011-01-02 13:45:00,MT_196,26791.6666666667,1.3701519624313583,False,False,1.2567159003971196,False
2011-01-02 18:00:00,MT_196,28875.0,1.2225793320269531,False,False,1.1129036822288207,False
2011-01-02 19:30:00,MT_196,24666.6666666667,0.5702125306677751,False,False,1.0423863195511585,False
2011-01-02 21:30:00,MT_196,24958.3333333333,0.49126386354575835,False,False,1.0267041683493945,False
2011-01-03 03:45:00,MT_196,10416.6666666667,-1.7408790947897215,False,False,0.9696860382434382,False
2011-01-03 06:30:00,MT_196,19208.3333333333,-0.436260335692984,False,False,1.0583336455202108,False
2011-01-03 09:15:00,MT_196,30583.3333333333,1.2081905691878176,False,False,1.2661313899532136,False
2011-01-03 09:30:00,MT_196,26208.3333333333,0.5793904778366162,False,False,1.0040409080899053,False
2011-01-03 13:00:00,MT_196,28708.3333333333,1.0636125088644774,False,False,1.026538219250478,False
2011-01-03 18:45:00,MT_196,27333.3333333333,0.7228651515965758,False,False,0.9910174354057157,False
2011-01-03 19:15:00,MT_196,28041.6666666667,0.8203582670947388,False,False,0.9946700202159123,False
2011-01-03 21:00:00,MT_196,26458.3333333333,0.5819850317901202,False,False,0.9985904535228958,False
2011-01-04 04:30:00,MT_196,10625.0,-1.8287557894679616,False,False,1.0139075791468493,False
2011-01-04 05:15:00,MT_196,17208.3333333333,-0.8603058062102901,False,False,1.0558995012565964,False
2011-01-04 05:30:00,MT_196,16875.0,-0.9130712642786849,False,False,1.0147893492507025,False
2011-01-04 09:30:00,MT_196,28375.0,0.8013242260481853,False,False,1.0429111151401957,False
2011-01-04 09:45:00,MT_196,26625.0,0.5316155454803427,False,False,0.994091693135697,False
2011-01-04 16:00:00,MT_196,30250.0,1.0073574648479053,False,False,1.0118446703619668,False
2011-01-05 01:30:00,MT_196,10250.0,-1.9042795619812698,False,False,1.0428324681534782,False
2011-01-05 07:45:00,MT_196,24666.6666666667,0.12012661594803437,False,False,1.1004760885596745,False
2011-01-05 10:45:00,MT_196,26958.3333333333,0.46886665722296955,False,False,0.9903297433414994,False
2011-01-05 19:15:00,MT_196,27000.0,0.4957780506401098,False,False,1.0157985677331107,False
2011-01-06 04:45:00,MT_196,13375.0,-1.5335918216301612,False,False,1.0314538367603596,False
2011-01-06 06:30:00,MT_196,22500.0,-0.17506732139911158,False,False,1.248677947557998,False
2011-01-06 10:30:00,MT_196,27875.0,0.6147960605647642,False,False,1.030460152195091,False
2011-01-06 11:15:00,MT_196,26708.3333333333,0.44062440129844166,False,False,1.0059621686826052,False
2011-01-06 12:00:00,MT_196,27416.6666666667,0.5495049281537249,False,False,1.008471432840036,False
2011-01-06 16:30:00,MT_196,28708.3333333333,0.7451575943894562,False,False,1.1193795739588563,False
2011-01-07 01:00:00,MT_196,12708.3333333333,-1.625548144026607,False,False,1.0354783161181171,False
2011-01-07 11:30:00,MT_196,26125.0,0.36556014896542555,False,False,1.003680827198783,False
2011-01-07 13:15:00,MT_196,27583.3333333333,0.604661987079462,False,False,0.9999460354586842,False
2011-01-07 19:00:00,MT_196,28541.6666666667,0.7431400686545985,False,False,0.9831500023861344,False
2011-01-07 19:45:00,MT_196,28750.0,0.7807988733438811,False,False,0.9790736608317973,False
2011-01-07 23:45:00,MT_196,20333.3333333333,-0.4824057475166931,False,False,1.056176796396844,False
2011-01-08 02:00:00,MT_196,11291.6666666667,-1.8130284952107318,False,False,1.0037212609775268,False
2011-01-08 03:30:00,MT_196,11666.6666666667,-1.7572215180405741,False,False,1.0101470944986555,False
2011-01-08 04:45:00,MT_196,15208.3333333333,-1.239789107051291,False,False,1.090414604440241,False
2011-01-08 08:30:00,MT_196,24916.6666666667,0.222962495346858,False,False,1.008083349744807,False
2011-01-08 09:15:00,MT_196,29291.6666666667,0.8921264183651028,False,False,1.0240919342613255,False
2011-01-08 12:15:00,MT_196,27708.3333333333,0.5972821030588173,False,False,1.023296920149872,False
2011-01-08 12:30:00,MT_196,27916.6666666667,0.6244096507223377,False,False,1.0049348976969967,False
2011-01-08 15:00:00,MT_196,28416.6666666667,0.7110589076131404,False,False,1.007493405611589,False
2011-01-08 18:45:00,MT_196,30083.3333333333,1.0514784753712485,False,False,1.0473264190035965,False
2011-01-08 19:45:00,MT_196,28791.6666666667,0.8423907872697967,False,False,0.9657470863067958,False
2011-01-08 20:30:00,MT_196,26958.3333333333,0.5565985375115146,False,False,0.9804565412694762,False
2011-01-08 20:45:00,MT_196,28125.0,0.7371678608383309,False,False,0.9783589699106886,False
2011-01-08 23:15:00,MT_196,23291.6666666667,-0.009759865268236991,False,False,1.0499772221133619,False
2011-01-09 00:30:00,MT_196,13958.3333333333,-1.4484226748063873,False,False,1.0475931762547965,False
2011-01-09 00:45:00,MT_196,11833.3333333333,-1.7772494120711597,False,False,1.070823826404207,False
2011-01-09 02:30:00,MT_196,10750.0,-1.9236358353298126,False,False,1.0512548174502603,False
2011-01-09 15:15:00,MT_196,26250.0,0.4379786020081873,False,False,0.9706359616833501,False
2011-01-09 17:30:00,MT_196,27208.3333333333,0.6153010325980908,False,False,1.013443557270109,False
2011-01-09 18:00:00,MT_196,27875.0,0.7219626783778047,False,False,0.9943171229380624,False
2011-01-09 20:15:00,MT_196,24166.6666666667,0.20547455445073692,False,False,1.0422385566504109,False
2011-01-09 21:15:00,MT_196,24833.3333333333,0.33180954354006303,False,False,0.9992303284423293,False
2011-01-09 22:45:00,MT_196,21500.0,-0.16069619134631732,False,False,1.0062319635289487,False
2011-01-10 06:00:00,MT_196,17166.6666666667,-0.7642677477173865,False,False,0.9740912066507493,False
2011-01-10 06:15:00,MT_196,16958.3333333333,-0.7957075533160684,False,False,0.950381181136453,False
2011-01-10 07:45:00,MT_196,25833.3333333333,0.596406733370088,False,False,1.1477669872973284,False
2011-01-10 08:30:00,MT_196,28458.3333333333,0.9802184654691032,False,False,1.17002691560326,False
2011-01-10 16:30:00,MT_196,29416.6666666667,1.0705174785079086,False,False,1.0569118619639992,False
2011-01-11 00:30:00,MT_196,13625.0,-1.38575859884933,False,False,0.9974234784754391,False
2011-01-11 06:30:00,MT_196,20000.0,-0.4689428212479172,False,False,1.0414057212130834,False
2011-01-11 06:45:00,MT_196,21208.3333333333,-0.296074006470837,False,False,1.072093043400104,False
2011-01-11 07:45:00,MT_196,25791.6666666667,0.36860272776206415,False,False,1.135634296013803,False
2011-01-11 08:00:00,MT_196,25750.0,0.36252880253458186,False,False,1.093715667169383,False
2011-01-11 11:30:00,MT_196,25750.0,0.39518015269199197,False,False,1.0219599478321957,False
2011-01-11 20:15:00,MT_196,27458.3333333333,0.6627350355183531,False,False,1.0108487009553098,False
2011-01-11 22:00:00,MT_196,27291.6666666667,0.6253115635246117,False,False,1.0166329356123558,False
2011-01-12 02:00:00,MT_196,11166.6666666667,-1.8196164106613673,False,False,0.9966359020321294,False
2011-01-12 05:15:00,MT_196,18083.3333333333,-0.7762609632033404,False,False,1.0886739792655042,False
2011-01-12 07:00:00,MT_196,21208.3333333333,-0.30777547916005354,False,False,1.1286824449071078,False
2011-01-12 11:30:00,MT_196,26208.3333333333,0.4541760818166871,False,False,0.9907211998461388,False
2011-01-12 14:15:00,MT_196,27333.3333333333,0.6186491996776153,False,False,1.0238280920504017,False
2011-01-12 17:30:00,MT_196,28791.6666666667,0.8801838393328559,False,False,1.0309207665423616,False
2011-01-12 18:00:00,MT_196,27708.3333333333,0.7184202064483535,False,False,1.057232970263287,False
2011-01-12 19:00:00,MT_196,29166.6666666667,0.946018305712175,False,False,1.0891536638178405,False
2011-01-12 20:30:00,MT_196,26250.0,0.4915355980895721,False,False,0.9994209824944759,False
2011-01-13 02:45:00,MT_196,11750.0,-1.7336906413928912,False,False,0.9995095699498246,False
2011-01-13 06:15:00,MT_196,18375.0,-0.6908228030331217,False,False,1.0367978507357207,False
2011-01-13 08:15:00,MT_196,24291.6666666667,0.21797978235559506,False,False,1.0336868188484016,False
2011-01-13 10:00:00,MT_196,25833.3333333333,0.44509583390593094,False,False,1.0055360045456052,False
2011-01-13 18:15:00,MT_196,28416.6666666667,0.8647504228651691,False,False,1.0195322402551141,False
2011-01-13 21:15:00,MT_196,26291.6666666667,0.5474560368770689,False,False,0.989387205184423,False
2011-01-14 03:45:00,MT_196,10416.6666666667,-1.800752781962046,False,False,0.9824753437250103,False
2011-01-14 08:15:00,MT_196,24250.0,0.2480391319312011,False,False,1.0580455981016186,False
2011-01-14 09:00:00,MT_196,29083.3333333333,0.9552115823453475,False,False,1.1360625293078468,False
2011-01-14 13:00:00,MT_196,29458.3333333333,0.9975122567602289,False,False,0.9950913428902491,False
2011-01-14 21:30:00,MT_196,27291.6666666667,0.6472913262080385,False,False,0.9996489797116211,False
2011-01-15 01:30:00,MT_196,9166.66666666667,-1.9472627204014545,False,False,1.0221981694689706,False
2011-01-15 09:00:00,MT_196,25458.3333333333,0.41072789892652517,False,False,0.9781739334810386,False
2011-01-15 11:45:00,MT_196,30083.3333333333,1.0767837138902154,False,False,0.9873980060376945,False
2011-01-15 13:15:00,MT_196,26750.0,0.5817727207287734,False,False,1.011472917772629,False
2011-01-16 01:15:00,MT_196,10125.0,-1.8411364142050475,False,False,1.0543040160366064,False
2011-01-16 02:00:00,MT_196,10291.6666666667,-1.8268948258967,False,False,0.9726293177435007,False
2011-01-16 08:30:00,MT_196,27666.6666666667,0.7101508656112808,False,False,1.1126065328826626,False
2011-01-16 10:45:00,MT_196,30625.0,1.106936004002224,False,False,1.0367203975223394,False
2011-01-16 15:00:00,MT_196,25000.0,0.2592885825079313,False,False,1.0106559322817454,False
2011-01-16 16:45:00,MT_196,30000.0,1.018895848878701,False,False,1.0383960300450306,False
2011-01-17 10:15:00,MT_196,24750.0,0.36989117046907394,False,False,0.9927206263796933,False
2011-01-17 13:15:00,MT_196,27541.6666666667,0.8561349565842001,False,False,1.0306994832546483,False
2011-01-17 15:45:00,MT_196,28708.3333333333,0.9819187936100686,False,False,1.073142249143784,False
2011-01-17 22:30:00,MT_196,25375.0,0.42088650855522,False,False,1.0916699568293171,False
2011-01-17 22:45:00,MT_196,25166.6666666667,0.3887693219207418,False,False,1.1144691453083373,False
2011-01-18 12:30:00,MT_196,26125.0,0.44864856949564963,False,False,1.0393859807305754,False
2011-01-18 17:45:00,MT_196,29833.3333333333,1.0009851429158227,False,False,1.0226424493780961,False
2011-01-18 18:00:00,MT_196,29666.6666666667,0.9736734467126603,False,False,1.0393545831632245,False
2011-01-19 01:00:00,MT_196,10583.3333333333,-1.8660967144299803,False,False,1.0528589848272116,False
2011-01-19 02:45:00,MT_196,10541.6666666667,-1.866701351347394,False,False,0.9966655736665174,False
2011-01-19 04:30:00,MT_196,10375.0,-1.867818019068531,False,False,1.0190689569155975,False
2011-01-19 07:45:00,MT_196,25166.6666666667,0.3357922412447775,False,False,1.1240063688894444,False
2011-01-19 08:15:00,MT_196,24291.6666666667,0.2101466971655259,False,False,1.0493939759623387,False
2011-01-19 10:45:00,MT_196,25583.3333333333,0.4109207954755976,False,False,0.9881302141646976,False
2011-01-19 12:30:00,MT_196,26208.3333333333,0.5020868426451867,False,False,0.9962053221368442,False
2011-01-19 13:30:00,MT_196,27083.3333333333,0.6317033796808926,False,False,1.0213878589635024,False
2011-01-19 20:45:00,MT_196,25916.6666666667,0.4899200040277273,False,False,0.9964917494140766,False
2011-01-19 23:45:00,MT_196,19500.0,-0.46739745270143224,False,False,1.0372875121009566,False
2011-01-20 02:30:00,MT_196,12208.3333333333,-1.610820030177403,False,False,1.0131532849495608,False
2011-01-20 12:30:00,MT_196,27166.6666666667,0.6684002385707057,False,False,1.0134626714257984,False
2011-01-21 02:45:00,MT_196,10166.6666666667,-1.9074157850373634,False,False,1.0082918267571874,False
2011-01-21 08:15:00,MT_196,23958.3333333333,0.252710514010035,False,False,1.0534965672869132,False
2011-01-21 11:00:00,MT_196,25500.0,0.4927351708162125,False,False,0.9907966747893019,False
2011-01-21 13:00:00,MT_196,29458.3333333333,1.0734534619338885,False,False,0.9916330743145307,False
2011-01-21 13:45:00,MT_196,26208.3333333333,0.5966651999724752,False,False,1.042783816241298,False
2011-01-22 00:00:00,MT_196,17041.6666666667,-0.7462557199185464,False,False,1.0241580110541866,False
2011-01-22 01:00:00,MT_196,10125.0,-1.7338892036168463,False,False,1.0013797219694813,False
2011-01-22 02:00:00,MT_196,8666.66666666667,-1.9258206729523708,False,False,1.0211307360949449,False
2011-01-22 03:30:00,MT_196,9250.0,-1.7997347768036371,False,False,0.984832298545375,False
2011-01-22 07:00:00,MT_196,19916.6666666667,-0.2948019367741307,False,False,1.0272305689295929,False
2011-01-22 14:45:00,MT_196,26625.0,0.6838417530649724,False,False,1.0024784354536511,False
2011-01-22 21:30:00,MT_196,25708.3333333333,0.6007642657346367,False,False,1.0424440022671,False
2011-01-23 03:00:00,MT_196,8750.0,-1.7815218883344783,False,False,0.9985207711138262,False
2011-01-23 03:45:00,MT_196,8583.33333333333,-1.8001598922710433,False,False,0.9926700767226009,False
2011-01-23 05:45:00,MT_196,15708.3333333333,-0.7954434512991271,False,False,1.0138381935711696,False
2011-01-23 06:30:00,MT_196,17333.3333333333,-0.5624130187194616,False,False,0.9699041762334608,False
2011-01-23 06:45:00,MT_196,17958.3333333333,-0.4724654384172798,False,False,0.9782623381096899,False
2011-01-23 12:15:00,MT_196,25666.6666666667,0.4459446252207495,False,False,1.0353911755528609,False
2011-01-23 12:30:00,MT_196,26583.3333333333,0.569011301840342,False,False,1.037613066454159,False
2011-01-23 15:30:00,MT_196,25916.6666666667,0.5086895487787746,False,False,0.9699481781210778,False
2011-01-23 21:15:00,MT_196,24083.3333333333,0.34471451936482594,False,False,1.0027412147354517,False
2011-01-23 22:15:00,MT_196,22583.3333333333,0.15220183787917452,False,False,1.0249413717697333,False
2011-01-23 22:45:00,MT_196,21166.6666666667,-0.03943658750150675,False,False,0.9994620543628007,False
2011-01-24 04:15:00,MT_196,8291.66666666667,-1.7528225030801003,False,False,1.058376033973433,False
2011-01-24 04:45:00,MT_196,12791.6666666667,-1.143848406301453,False,False,1.08131765943117,False
2011-01-24 05:30:00,MT_196,15083.3333333333,-0.8235447337455785,False,False,0.9782718111864481,False
2011-01-24 11:00:00,MT_196,23333.3333333333,0.37464332047553184,False,False,1.0048962945126616,False
2011-01-24 13:30:00,MT_196,27083.3333333333,0.9757078015061387,False,False,1.0297428652415996,False
2011-01-24 16:45:00,MT_196,26125.0,0.7780320873185156,False,False,1.060047765559001,False
2011-01-24 20:30:00,MT_196,26291.6666666667,0.7340654165906694,False,False,0.993255027515336,False
2011-01-24 20:45:00,MT_196,25291.6666666667,0.5922751901484862,False,False,1.002416251881078,False
2011-01-24 21:30:00,MT_196,25208.3333333333,0.5691314314992287,False,False,0.9981661338672639,False
2011-01-25 00:15:00,MT_196,12458.3333333333,-1.219301046591221,False,False,0.9789026372572398,False
2011-01-25 04:45:00,MT_196,16625.0,-0.797921352876929,False,False,1.1033852529136265,False
2011-01-25 14:00:00,MT_196,27833.3333333333,0.8747918529225394,False,False,1.0168041455587353,False
2011-01-25 19:00:00,MT_196,26583.3333333333,0.6653343567604896,False,False,1.0237053232468838,False
2011-01-25 22:15:00,MT_196,23250.0,0.15480395734410282,False,False,1.001719527082225,False
2011-01-26 02:45:00,MT_196,7458.33333333333,-2.10949468551122,False,False,1.443568349899315,False
2011-01-26 11:30:00,MT_196,25250.0,0.47922191576588774,False,False,0.9857832668222829,False
2011-01-26 11:45:00,MT_196,25208.3333333333,0.4755443074629671,False,False,0.9864502070200583,False
2011-01-26 15:15:00,MT_196,28208.3333333333,0.8778669600202114,False,False,1.0067980311321274,False
2011-01-26 18:15:00,MT_196,28791.6666666667,0.9727364914638574,False,False,1.0664085947867634,False
2011-01-26 23:30:00,MT_196,21000.0,-0.08732936143064693,False,False,0.9972372270034778,False
2011-01-27 08:30:00,MT_196,26416.6666666667,0.6101746835816607,False,False,1.0454740098920214,False
2011-01-27 13:15:00,MT_196,26625.0,0.6508166372760319,False,False,1.026586606150683,False
2011-01-27 18:15:00,MT_196,28416.6666666667,0.8430379304171609,False,False,1.0181905454921014,False
2011-01-27 23:00:00,MT_196,23958.3333333333,0.244392365542889,False,False,1.1033767634444456,False
2011-01-28 03:45:00,MT_196,10041.6666666667,-1.629661940827028,False,False,0.9632270169647074,False
2011-01-28 04:30:00,MT_196,11333.3333333333,-1.460682493997115,False,False,0.9889538618878496,False
2011-01-28 05:00:00,MT_196,9791.66666666667,-1.6764114069090743,False,False,1.0867867392352681,False
2011-01-28 05:15:00,MT_196,16583.3333333333,-0.7545982889768754,False,False,1.0211217578645928,False
2011-01-28 09:30:00,MT_196,29458.3333333333,0.95665552171248,False,False,1.1192632588085518,False
2011-01-28 14:00:00,MT_196,28166.6666666667,0.7303982240527299,False,False,1.007133965783068,False
2011-01-28 15:30:00,MT_196,29708.3333333333,0.9428723122296694,False,False,1.0419554908515416,False
2011-01-28 15:45:00,MT_196,27791.6666666667,0.688964261764177,False,False,1.134087639996883,False
2011-01-29 00:00:00,MT_196,15083.3333333333,-0.9651785745291664,False,False,0.9956375222168091,False
2011-01-29 11:30:00,MT_196,27250.0,0.69122049821156,False,False,1.0207425180732335,False
2011-01-29 13:30:00,MT_196,25958.3333333333,0.5022336456468374,False,False,1.0355328045585819,False
2011-01-29 17:00:00,MT_196,29625.0,1.0062367158710732,False,False,1.0545422593087384,False
2011-01-29 19:15:00,MT_196,28666.6666666667,0.8329956620485405,False,False,0.9747362579307276,False
2011-01-29 19:45:00,MT_196,31375.0,1.1963856899002587,False,False,1.113599296718014,False
2011-01-29 21:45:00,MT_196,24833.3333333333,0.324163023753451,False,False,1.0164858073019103,False
2011-01-29 23:45:00,MT_196,17958.3333333333,-0.5775176440642208,False,False,1.0532121590550183,False
2011-01-30 09:00:00,MT_196,26958.3333333333,0.6259069709305233,False,False,1.0444911458558783,False
2011-01-30 10:30:00,MT_196,28166.6666666667,0.7767935614578253,False,False,1.002457015090524,False
2011-01-30 11:00:00,MT_196,26916.6666666667,0.6115693776862046,False,False,0.9839573466211574,False
2011-01-30 12:15:00,MT_196,25958.3333333333,0.49640613009814216,False,False,1.0203516959017764,False
2011-01-30 17:15:00,MT_196,24875.0,0.46599987379920066,False,False,1.04681785505209,False
2011-01-31 00:00:00,MT_196,11625.0,-1.283848354885396,False,False,1.0471533045595096,False
2011-01-31 10:00:00,MT_196,27125.0,0.9668363687758634,False,False,1.0438542596585059,False
2011-01-31 12:30:00,MT_196,27166.6666666667,1.0286537859629206,False,False,1.0346472435410239,False
2011-01-31 16:45:00,MT_196,26500.0,0.8810603996826841,False,False,1.038198700851063,False
2011-02-01 01:15:00,MT_196,9083.33333333333,-1.7100407091481469,False,False,1.0280434617193797,False
2011-02-01 01:30:00,MT_196,8583.33333333333,-1.787339620989978,False,False,1.0201642904679744,False
2011-02-01 12:45:00,MT_196,26666.6666666667,0.8069795723387801,False,False,1.0002639452821722,False
2011-02-01 16:00:00,MT_196,28500.0,1.0572430220487274,False,False,1.013416497384438,False
2011-02-01 17:45:00,MT_196,27250.0,0.875658932734866,False,False,1.0234742638184475,False
2011-02-01 18:15:00,MT_196,26583.3333333333,0.7817691492714803,False,False,1.026738766940123,False
2011-02-01 20:45:00,MT_196,23916.6666666667,0.3786850720631155,False,False,1.023024107763625,False
2011-02-01 23:00:00,MT_196,22583.3333333333,0.18472562572314677,False,False,1.0054815519152152,False
2011-02-02 11:45:00,MT_196,24166.6666666667,0.41749507424839016,False,False,0.9880074078092496,False
2011-02-02 13:45:00,MT_196,26041.6666666667,0.6755021125412713,False,False,1.0310737834646562,False
2011-02-02 14:00:00,MT_196,24958.3333333333,0.522847486472051,False,False,1.0909646877832628,False
2011-02-02 14:45:00,MT_196,25375.0,0.5947047712428957,False,False,1.0658640367589036,False
2011-02-02 18:30:00,MT_196,27583.3333333333,0.941958667733612,False,False,1.0406424383163557,False
2011-02-03 04:00:00,MT_196,9125.0,-1.7001561007998807,False,False,0.9903346785619249,False
2011-02-03 05:00:00,MT_196,13083.3333333333,-1.1457050703967397,False,False,0.9863192433639207,False
2011-02-03 12:30:00,MT_196,26041.6666666667,0.7550928569852607,False,False,1.0039198916845484,False
2011-02-03 16:00:00,MT_196,24500.0,0.5565225491542162,False,False,1.0303352628755384,False
2011-02-03 21:15:00,MT_196,24083.3333333333,0.5117067472586049,False,False,1.0057201737159478,False
2011-02-04 01:45:00,MT_196,8333.33333333333,-1.9116966982679506,False,False,1.2161572498302764,False
2011-02-04 02:45:00,MT_196,8541.66666666667,-1.8486011424688582,False,False,1.0542468668147595,False
2011-02-04 03:00:00,MT_196,7958.33333333333,-1.9266572643962872,False,False,1.1429701731028448,False
2011-02-04 05:45:00,MT_196,13416.6666666667,-1.0190022203478135,False,False,1.006490174490038,False
2011-02-04 08:45:00,MT_196,26041.6666666667,0.8191810944540999,False,False,1.0914286037920573,False
2011-02-04 09:30:00,MT_196,27458.3333333333,1.0165729367950946,False,False,1.1440614693413031,False
2011-02-04 10:15:00,MT_196,26583.3333333333,0.886556006462789,False,False,1.0539126851523621,False
2011-02-04 12:45:00,MT_196,25833.3333333333,0.7861638697350876,False,False,0.9930294755097445,False
2011-02-04 15:45:00,MT_196,24916.6666666667,0.6154233764839465,False,False,1.0968893427585633,False
2011-02-04 19:00:00,MT_196,27125.0,0.8946323490017084,False,False,0.9816169713203615,False
2011-02-04 22:15:00,MT_196,23625.0,0.4092081242028188,False,False,0.9979693756488036,False
2011-02-05 03:30:00,MT_196,9708.33333333333,-1.5151820974835986,False,False,0.9895677280352992,False
2011-02-05 04:15:00,MT_196,8041.66666666667,-1.771122282611243,False,False,1.0890587026971446,False
2011-02-05 06:30:00,MT_196,16750.0,-0.5890006596708617,False,False,0.9506620513047725,False
2011-02-05 07:45:00,MT_196,24375.0,0.4868012963599011,False,False,1.070224281279849,False
2011-02-05 19:00:00,MT_196,28833.3333333333,1.0158742306687323,False,False,1.0199799469405066,False
2011-02-05 19:45:00,MT_196,27166.6666666667,0.774793956223027,False,False,0.9632780370556631,False
2011-02-06 04:45:00,MT_196,13625.0,-1.0929218636857356,False,False,1.0366444347427628,False
2011-02-06 05:30:00,MT_196,15708.3333333333,-0.8175806622989583,False,False,1.0105995682467046,False
2011-02-06 10:00:00,MT_196,28125.0,0.9056095402059863,False,False,1.0410021681467583,False
2011-02-06 11:30:00,MT_196,26375.0,0.680804350906866,False,False,0.9781711489819606,False
2011-02-06 16:30:00,MT_196,24791.6666666667,0.5234116394321889,False,False,0.9914850716576356,False
2011-02-06 17:00:00,MT_196,26416.6666666667,0.7642736323980963,False,False,1.0104655915561185,False
2011-02-06 21:00:00,MT_196,23958.3333333333,0.47781137614412317,False,False,0.998664583493874,False
2011-02-06 22:30:00,MT_196,20291.6666666667,-0.06778018819536256,False,False,0.9809232496844711,False
2011-02-07 03:45:00,MT_196,8333.33333333333,-1.7329011199243012,False,False,0.9957222086665074,False
2011-02-07 04:00:00,MT_196,8000.0,-1.773065089832761,False,False,1.0529314294022751,False
2011-02-07 04:30:00,MT_196,12000.0,-1.1916009599000876,False,False,1.079463590971041,False
2011-02-07 05:45:00,MT_196,14500.0,-0.8288123519649058,False,False,0.9936066480988359,False
2011-02-07 10:30:00,MT_196,24416.6666666667,0.6456780061190875,False,False,0.9870868235456336,False
2011-02-07 13:00:00,MT_196,23958.3333333333,0.6379776687882784,False,False,1.0038466626365627,False
2011-02-07 13:15:00,MT_196,25000.0,0.7977660131404665,False,False,1.0191500818968697,False
2011-02-07 14:15:00,MT_196,24166.6666666667,0.6898680802603475,False,False,1.0192436111697247,False
2011-02-07 20:15:00,MT_196,22708.3333333333,0.5082623071786574,False,False,0.9817528006985936,False
2011-02-08 02:00:00,MT_196,9041.66666666667,-1.6828628389126106,False,False,0.9879879075981209,False
2011-02-08 10:15:00,MT_196,25416.6666666667,0.895756050102509,False,False,1.0149078668136242,False
2011-02-08 11:45:00,MT_196,24791.6666666667,0.7656567133258146,False,False,0.9980225183532724,False
2011-02-08 12:15:00,MT_196,25791.6666666667,0.9086065881363087,False,False,0.9978746369047988,False
2011-02-08 12:30:00,MT_196,27875.0,1.2292534543449039,False,False,1.0166554768140001,False
2011-02-08 14:30:00,MT_196,25916.6666666667,0.881612688651031,False,False,0.9983294826586098,False
2011-02-08 20:00:00,MT_196,27166.6666666667,1.013403719282543,False,False,1.04008449597476,False
2011-02-08 22:30:00,MT_196,22708.3333333333,0.3315253268849608,False,False,1.005200124411705,False
2011-02-09 00:15:00,MT_196,10791.6666666667,-1.4413011642622506,False,False,1.0717132760751051,False
2011-02-09 03:30:00,MT_196,9875.0,-1.6331044889159112,False,False,0.9724335886215385,False
2011-02-09 17:00:00,MT_196,26041.6666666667,0.7766835716483833,False,False,1.0237920586633018,False
2011-02-09 22:30:00,MT_196,22583.3333333333,0.24533217074189206,False,False,0.9925334641525718,False
2011-02-10 03:30:00,MT_196,9625.0,-1.6548844569769667,False,False,0.9643367982068597,False
2011-02-10 09:15:00,MT_196,28125.0,1.060448697864956,False,False,1.153493569137693,False
2011-02-10 09:45:00,MT_196,26666.6666666667,0.8371016679912116,False,False,1.0763991934890247,False
2011-02-10 13:00:00,MT_196,25583.3333333333,0.6761817840041094,False,False,0.9915458792509289,False
2011-02-10 15:45:00,MT_196,26666.6666666667,0.8459752366412218,False,False,1.0153767153672426,False
2011-02-10 23:30:00,MT_196,20625.0,-0.04895427743516464,False,False,0.9960817807435393,False
2011-02-11 00:30:00,MT_196,10000.0,-1.590878679916477,False,False,1.1113928037505163,False
2011-02-11 11:15:00,MT_196,25166.6666666667,0.6371614415156519,False,False,0.9899452137995329,False
2011-02-11 19:15:00,MT_196,27833.3333333333,0.9663983054810817,False,False,0.9759558775084709,False
2011-02-12 04:00:00,MT_196,7958.33333333333,-1.8867805212278255,False,False,1.0892346835119378,False
2011-02-12 07:15:00,MT_196,22375.0,0.13604730502798779,False,False,1.0921618481845172,False
2011-02-12 14:45:00,MT_196,26250.0,0.5808344405222337,False,False,1.017601063781504,False
2011-02-12 17:15:00,MT_196,26333.3333333333,0.5793695163557653,False,False,1.0843004191138288,False
2011-02-12 17:45:00,MT_196,26291.6666666667,0.5808913218094784,False,False,1.0296267058439694,False
2011-02-12 19:15:00,MT_196,26375.0,0.6110075914963381,False,False,0.9856694594328067,False
2011-02-12 19:45:00,MT_196,29416.6666666667,1.0311303334771313,False,False,1.0117489193380569,False
2011-02-13 02:15:00,MT_196,8500.0,-1.8386030935521973,False,False,1.0161216354182316,False
2011-02-13 03:00:00,MT_196,9166.66666666667,-1.7344452102468213,False,False,0.9834047927968411,False
2011-02-13 06:00:00,MT_196,16208.3333333333,-0.764694129138203,False,False,0.9889246328406767,False
2011-02-13 06:30:00,MT_196,18625.0,-0.43392151530165524,False,False,1.0263972288287873,False
2011-02-13 07:45:00,MT_196,22958.3333333333,0.16635414314211636,False,False,1.0769867951791063,False
2011-02-13 14:30:00,MT_196,23750.0,0.34757115955878143,False,False,1.0014201741789646,False
2011-02-13 18:00:00,MT_196,26208.3333333333,0.7531169260311638,False,False,0.9893107476285621,False
2011-02-13 20:00:00,MT_196,24500.0,0.5513822522280352,False,False,1.0117122156435587,False
2011-02-13 20:30:00,MT_196,23833.3333333333,0.4678132428444441,False,False,0.9969518083447924,False
2011-02-13 22:00:00,MT_196,23625.0,0.4491753196358637,False,False,1.0260668958707964,False
2011-02-14 01:45:00,MT_196,11250.0,-1.4054984723802082,False,False,0.9704145667408848,False
2011-02-14 06:45:00,MT_196,15875.0,-0.7914405153522674,False,False,0.9617628145293626,False
2011-02-14 11:00:00,MT_196,26833.3333333333,1.0008746634139314,False,False,1.0303825483644555,False
2011-02-14 14:30:00,MT_196,29583.3333333333,1.4679001609409006,False,False,1.0105540264958337,False
2011-02-15 00:00:00,MT_196,14375.0,-1.132602711476045,False,False,0.9876505066692104,False
2011-02-15 00:30:00,MT_196,9791.66666666667,-1.8207912154958894,False,False,1.1265584831391302,False
2011-02-15 09:30:00,MT_196,26833.3333333333,0.7199338607116301,False,False,1.0135233376722201,False
2011-02-15 12:15:00,MT_196,30583.3333333333,1.2393879493033888,False,False,1.0492319932807834,False
2011-02-15 15:30:00,MT_196,26125.0,0.6198652029683737,False,False,1.02268107243069,False
2011-02-15 22:45:00,MT_196,24125.0,0.39992461771464355,False,False,1.013890314515157,False
2011-02-15 23:00:00,MT_196,23250.0,0.2736619348490534,False,False,1.0145160245260647,False
2011-02-15 23:45:00,MT_196,17583.3333333333,-0.541024545382785,False,False,1.0635551482910628,False
2011-02-16 03:15:00,MT_196,10666.6666666667,-1.5740755733560239,False,False,0.9760102683979622,False
2011-02-16 04:15:00,MT_196,9708.33333333333,-1.7251421405234322,False,False,0.9729164289632144,False
2011-02-16 10:30:00,MT_196,29666.6666666667,1.2100695760528364,False,False,1.2603830396301272,False
2011-02-16 15:30:00,MT_196,27333.3333333333,0.8155670521966224,False,False,1.0107798018287844,False
2011-02-16 16:45:00,MT_196,29208.3333333333,1.0605319720249062,False,False,0.9972600562836161,False
2011-02-16 17:00:00,MT_196,29625.0,1.116970254234251,False,False,1.0001597375892635,False
2011-02-17 00:00:00,MT_196,15166.6666666667,-0.94224099373099,False,False,1.0332560773514297,False
2011-02-17 00:15:00,MT_196,11041.6666666667,-1.5166457819995969,False,False,1.0182764953793029,False
2011-02-17 03:30:00,MT_196,9791.66666666667,-1.6347997988577716,False,False,0.957537161798742,False
2011-02-17 05:00:00,MT_196,13791.6666666667,-1.0889090099091652,False,False,0.9988550714431359,False
2011-02-17 08:30:00,MT_196,26958.3333333333,0.6807497665127873,False,False,1.0554343728132876,False
2011-02-17 11:00:00,MT_196,27375.0,0.7138756259996701,False,False,1.0293502332118858,False
2011-02-17 11:15:00,MT_196,24833.3333333333,0.37597427110190423,False,False,1.0034220407689523,False
2011-02-17 18:45:00,MT_196,29708.3333333333,1.0371122301539255,False,False,1.023089088478478,False
2011-02-17 23:00:00,MT_196,23708.3333333333,0.19808428720486315,False,False,1.0986922869684683,False
2011-02-18 00:15:00,MT_196,11500.0,-1.4153247978637233,False,False,1.0615624882501702,False
2011-02-18 00:30:00,MT_196,12000.0,-1.351101338698702,False,False,0.9927875878452186,False
2011-02-18 04:30:00,MT_196,13291.6666666667,-1.2226209587445198,False,False,1.027634282071812,False
2011-02-18 05:45:00,MT_196,15833.3333333333,-0.8974354308926404,False,False,0.9976450883670742,False
2011-02-18 06:00:00,MT_196,17750.0,-0.6364784589929581,False,False,0.9883140710305065,False
2011-02-18 14:00:00,MT_196,26958.3333333333,0.5820313901824603,False,False,1.0389740763779745,False
2011-02-18 16:45:00,MT_196,28875.0,0.84753139629648,False,False,1.0879902020880814,False
2011-02-18 19:30:00,MT_196,29500.0,0.937240433126909,False,False,0.9863368605181971,False
2011-02-19 05:45:00,MT_196,18291.6666666667,-0.6537815875593794,False,False,1.0098040098825458,False
2011-02-19 09:00:00,MT_196,27875.0,0.6244593421696553,False,False,1.000337945482188,False
2011-02-19 17:00:00,MT_196,27875.0,0.5729055592259884,False,False,1.1037866389018893,False
2011-02-20 05:00:00,MT_196,12208.3333333333,-1.5571972302735448,False,False,1.0178826546911413,False
2011-02-20 08:45:00,MT_196,25916.6666666667,0.38170616625782744,False,False,1.0959526530520496,False
2011-02-20 11:30:00,MT_196,29000.0,0.8137503903955954,False,False,1.0291313981580958,False
2011-02-20 14:15:00,MT_196,28250.0,0.7296153805541619,False,False,1.073702937364735,False
2011-02-20 15:30:00,MT_196,27291.6666666667,0.6236614258723577,False,False,0.9750322541552285,False
2011-02-20 15:45:00,MT_196,27250.0,0.6225017856399698,False,False,0.9768816861742605,False
2011-02-21 00:45:00,MT_196,13458.3333333333,-1.3285887908461298,False,False,0.9772395836655743,False
2011-02-21 01:00:00,MT_196,13375.0,-1.3551667541501549,False,False,0.9927066814335833,False
2011-02-21 01:30:00,MT_196,12250.0,-1.5587793287462604,False,False,0.9916262990494544,False
2011-02-21 07:30:00,MT_196,19791.6666666667,-0.45475464865215554,False,False,1.0088044437905181,False
2011-02-21 11:00:00,MT_196,26750.0,0.6855393945537412,False,False,1.0059590365448152,False
2011-02-21 11:30:00,MT_196,25291.6666666667,0.4592738302930452,False,False,1.0311088095922218,False
2011-02-21 14:30:00,MT_196,28833.3333333333,1.0681668605812153,False,False,1.0226144946192375,False
2011-02-21 16:15:00,MT_196,26791.6666666667,0.6975323075561377,False,False,1.1202220367840536,False
2011-02-21 17:15:00,MT_196,27583.3333333333,0.8293677809170762,False,False,1.0260834873231892,False
2011-02-21 17:30:00,MT_196,27166.6666666667,0.7589804443446161,False,False,1.0133658274244628,False
2011-02-21 17:45:00,MT_196,27666.6666666667,0.8358528418243367,False,False,0.9984053466044216,False
2011-02-22 01:45:00,MT_196,13833.3333333333,-1.502236834011059,False,False,1.0734499470392382,False
2011-02-22 02:30:00,MT_196,11666.6666666667,-1.8521699832927072,False,False,1.0660863840550518,False
2011-02-22 09:00:00,MT_196,27166.6666666667,0.6815206418373858,False,False,1.0291818601501175,False
2011-02-22 09:15:00,MT_196,28208.3333333333,0.8529047409148116,False,False,1.0535983399536657,False
2011-02-22 11:15:00,MT_196,26416.6666666667,0.5575529122446204,False,False,1.0033537782540136,False
2011-02-22 14:00:00,MT_196,28958.3333333333,0.9275030364181023,False,False,1.019987619880812,False
2011-02-22 19:00:00,MT_196,28375.0,0.8123151021523335,False,False,1.0339462359909568,False
2011-02-22 19:45:00,MT_196,26916.6666666667,0.5841182512462139,False,False,1.0271727582888104,False
2011-02-22 22:45:00,MT_196,24916.6666666667,0.2713102756705316,False,False,1.0050233584877415,False
2011-02-23 05:30:00,MT_196,15416.6666666667,-1.1097542138471308,False,False,1.005531426907205,False
2011-02-23 07:00:00,MT_196,21000.0,-0.27004451127069,False,False,1.1320633776656615,False
2011-02-23 11:45:00,MT_196,26041.6666666667,0.48116257601868423,False,False,0.9948316077818637,False
2011-02-23 13:30:00,MT_196,26125.0,0.5115422310559887,False,False,1.0472935730363206,False
2011-02-23 15:15:00,MT_196,27083.3333333333,0.6674921186684453,False,False,1.0402249691241547,False
2011-02-23 19:45:00,MT_196,27791.6666666667,0.7767941329947442,False,False,1.0276113230987598,False
2011-02-23 22:45:00,MT_196,25416.6666666667,0.4152593697456021,False,False,1.0412510695389918,False
2011-02-24 00:30:00,MT_196,12125.0,-1.5713768670341202,False,False,0.9948084049931089,False
2011-02-24 02:45:00,MT_196,10125.0,-1.8655752801968892,False,False,1.0123664378045247,False
2011-02-24 08:30:00,MT_196,26666.6666666667,0.6137892324237132,False,False,1.047486480842159,False
2011-02-24 12:00:00,MT_196,26958.3333333333,0.6608129922586334,False,False,0.9947753243394514,False
2011-02-24 15:30:00,MT_196,28458.3333333333,0.8783847063195812,False,False,1.0437564830372097,False
2011-02-24 16:00:00,MT_196,28125.0,0.8293111284970979,False,False,1.056043328637421,False
2011-02-24 19:45:00,MT_196,29333.3333333333,0.9920694327804306,False,False,1.0001173180545868,False
2011-02-24 20:00:00,MT_196,27750.0,0.7576923332961706,False,False,0.9809023033566144,False
2011-02-24 20:15:00,MT_196,27125.0,0.6658700064153525,False,False,0.978087830760072,False
2011-02-25 05:30:00,MT_196,17291.6666666667,-0.7463291376779867,False,False,1.0072536920739814,False
2011-02-25 08:45:00,MT_196,26333.3333333333,0.542848711890861,False,False,1.0390614418887565,False
2011-02-25 12:00:00,MT_196,27208.3333333333,0.6713391186145227,False,False,0.9854998822402721,False
2011-02-25 18:45:00,MT_196,29458.3333333333,0.9862980664447377,False,False,0.9932710659416657,False
2011-02-25 19:30:00,MT_196,28583.3333333333,0.8487092055008888,False,False,0.9810572019788836,False
2011-02-26 03:00:00,MT_196,11000.0,-1.6900711089906735,False,False,0.9778148307522619,False
2011-02-26 04:15:00,MT_196,11416.6666666667,-1.6521981733532274,False,False,0.9657698541346489,False
2011-02-26 05:00:00,MT_196,12250.0,-1.5674299514508347,False,False,1.0257459779587899,False
2011-02-26 05:15:00,MT_196,17583.3333333333,-0.792412145089408,False,False,1.0873979708470303,False
2011-02-26 08:30:00,MT_196,25375.0,0.32600157454041184,False,False,1.0194468705711088,False
2011-02-26 19:45:00,MT_196,29666.6666666667,0.8359104396475988,False,False,0.9888292749301395,False
2011-02-26 21:30:00,MT_196,28208.3333333333,0.6448087179516293,False,False,1.049026495701652,False
2011-02-26 23:45:00,MT_196,19583.3333333333,-0.5484057560571434,False,False,1.0851976183250818,False
2011-02-27 00:15:00,MT_196,13125.0,-1.4573449203893298,False,False,1.029424093668387,False
2011-02-27 00:30:00,MT_196,11958.3333333333,-1.6242070716808885,False,False,1.0266037642012207,False
2011-02-27 03:15:00,MT_196,11416.6666666667,-1.6989320886851464,False,False,0.9897441604735006,False
2011-02-27 04:45:00,MT_196,13500.0,-1.3836578046680836,False,False,1.048168102760284,False
2011-02-27 07:00:00,MT_196,21333.3333333333,-0.3036057938283456,False,False,1.1069662845056663,False
2011-02-27 15:30:00,MT_196,26208.3333333333,0.43299979332945104,False,False,0.96930769836787,False
2011-02-28 09:30:00,MT_196,26958.3333333333,0.7582487806314492,False,False,1.0317115921038758,False
2011-02-28 09:45:00,MT_196,26625.0,0.7141013085609084,False,False,0.9963084175223287,False
2011-02-28 16:15:00,MT_196,25333.3333333333,0.6538334722378315,False,False,1.077242183883614,False
2011-02-28 19:45:00,MT_196,26541.6666666667,0.8963159563637879,False,False,0.9856297405375307,False
2011-02-28 22:00:00,MT_196,25083.3333333333,0.6516779585092992,False,False,1.0245131424853164,False
2011-03-01 00:45:00,MT_196,10041.6666666667,-1.8073018693582164,False,False,1.0603543736595311,False
2011-03-01 03:00:00,MT_196,9666.66666666667,-1.8778313688991888,False,False,1.0232212780415668,False
2011-03-01 03:45:00,MT_196,10333.3333333333,-1.7670159520368947,False,False,0.9788043501469857,False
2011-03-01 06:15:00,MT_196,15583.3333333333,-0.9107952203513476,False,False,0.9787519134380539,False
2011-03-02 04:45:00,MT_196,13000.0,-1.2966035381880743,False,False,1.0035915212467366,False
2011-03-02 06:15:00,MT_196,15791.6666666667,-0.8622226865605243,False,False,0.9740288507317475,False
2011-03-02 08:45:00,MT_196,27458.3333333333,0.8860137121307357,False,False,1.2203494694962593,False
2011-03-02 10:15:00,MT_196,26791.6666666667,0.7834064615521351,False,False,1.0511993308276975,False
2011-03-02 17:30:00,MT_196,24791.6666666667,0.5384852319733139,False,False,1.0699095105379164,False
2011-03-02 20:00:00,MT_196,29833.3333333333,1.311714148721753,False,False,1.3337000493477242,False
2011-03-02 22:00:00,MT_196,24791.6666666667,0.5328207436303688,False,False,0.9970245880897197,False
2011-03-03 00:30:00,MT_196,10833.3333333333,-1.6101127687611023,False,False,1.0021107372429081,False
2011-03-03 02:00:00,MT_196,10083.3333333333,-1.7252854737094927,False,False,0.9906468549662736,False
2011-03-03 06:30:00,MT_196,15708.3333333333,-0.8681868805918123,False,False,0.9776884245445921,False
2011-03-03 09:30:00,MT_196,26833.3333333333,0.8463733525032643,False,False,1.0723796814644877,False
2011-03-03 10:00:00,MT_196,25916.6666666667,0.7062862883989535,False,False,1.0498823343833734,False
2011-03-03 15:45:00,MT_196,24583.3333333333,0.4979559825207541,False,False,1.0363570608828767,False
2011-03-03 23:30:00,MT_196,20708.3333333333,-0.10881771245094497,False,False,1.0192379956552076,False
2011-03-04 10:30:00,MT_196,27125.0,0.8404849968171451,False,False,1.036069944454319,False
2011-03-04 10:45:00,MT_196,27875.0,0.9513191870497232,False,False,1.0845175639934337,False
2011-03-04 12:00:00,MT_196,24208.3333333333,0.3881840355514218,False,False,0.9983817321971705,False
2011-03-05 04:15:00,MT_196,9375.0,-1.7646078961430465,False,False,0.997183517016756,False
2011-03-05 09:15:00,MT_196,28958.3333333333,0.9936632415675413,False,False,1.0424639247997227,False
2011-03-05 15:45:00,MT_196,27791.6666666667,0.6626079218230468,False,False,1.0359148864639975,False
2011-03-05 17:45:00,MT_196,29708.3333333333,0.838038695191397,False,False,1.060513610791819,False
2011-03-05 22:15:00,MT_196,24041.6666666667,0.1507868178192852,False,False,1.0081193311900276,False
2011-03-06 00:30:00,MT_196,11125.0,-1.5332355037391194,False,False,1.0172512095747315,False
2011-03-06 01:45:00,MT_196,9416.66666666667,-1.7774272747616815,False,False,0.9846368864882494,False
2011-03-06 05:30:00,MT_196,16000.0,-0.9466595262966148,False,False,1.0158589157900058,False
2011-03-06 07:15:00,MT_196,19708.3333333333,-0.45381544361655723,False,False,1.0181965765838432,False
2011-03-06 08:15:00,MT_196,23666.6666666667,0.083054702593688,False,False,1.0746050101184275,False
2011-03-06 09:15:00,MT_196,28083.3333333333,0.6899943089514203,False,False,1.0265141703309053,False
2011-03-06 10:45:00,MT_196,27166.6666666667,0.5752754993979469,False,False,0.989072671547302,False
2011-03-06 14:00:00,MT_196,26625.0,0.5410490909301383,False,False,1.0359040834520743,False
2011-03-06 22:30:00,MT_196,22291.6666666667,0.07491203649393173,False,False,1.0348454645415102,False
2011-03-06 23:15:00,MT_196,15375.0,-0.9697511019405308,False,False,0.9800299934169764,False
2011-03-07 01:15:00,MT_196,12125.0,-1.4374844347498104,False,False,0.9719070425573884,False
2011-03-07 03:00:00,MT_196,10125.0,-1.7588556946775213,False,False,0.9769332565357014,False
2011-03-07 11:00:00,MT_196,26875.0,0.8100163424264367,False,False,1.017661943924643,False
2011-03-07 13:30:00,MT_196,26458.3333333333,0.7616689506359073,False,False,1.03003133027896,False
2011-03-07 14:30:00,MT_196,27541.6666666667,0.922711245636337,False,False,1.0896359868319028,False
2011-03-07 16:15:00,MT_196,27833.3333333333,0.9538101952350682,False,False,1.067121787694034,False
2011-03-07 23:45:00,MT_196,18166.6666666667,-0.5773836070907449,False,False,1.0920661839228867,False
2011-03-08 02:15:00,MT_196,10250.0,-1.7733003886485093,False,False,0.9505884938559973,False
2011-03-08 02:30:00,MT_196,10333.3333333333,-1.762926340528305,False,False,0.9646901102210764,False
2011-03-08 04:45:00,MT_196,15375.0,-1.0244104298811172,False,False,1.0109653735487183,False
2011-03-08 05:00:00,MT_196,12958.3333333333,-1.4036782035190412,False,False,1.0027082221143373,False
2011-03-08 06:30:00,MT_196,19791.6666666667,-0.3672350672860152,False,False,1.0388108042444029,False
2011-03-08 08:15:00,MT_196,23125.0,0.15586061379825097,False,False,1.0782477846615597,False
2011-03-08 09:45:00,MT_196,27250.0,0.7922972356269147,False,False,1.020918255366969,False
2011-03-08 12:45:00,MT_196,26791.6666666667,0.7093356566574882,False,False,1.0017611555997659,False
2011-03-08 14:30:00,MT_196,25875.0,0.5784284328972494,False,False,1.0137018647215228,False
2011-03-08 21:30:00,MT_196,26000.0,0.5885442574644101,False,False,0.9956495711920265,False
2011-03-09 00:15:00,MT_196,11833.3333333333,-1.5523538986227559,False,False,1.0805552771234184,False
2011-03-09 00:30:00,MT_196,10583.3333333333,-1.7430862812240604,False,False,1.0891247909574553,False
2011-03-09 06:00:00,MT_196,15833.3333333333,-0.8808688397517254,False,False,0.9756154890861903,False
2011-03-09 11:00:00,MT_196,27416.6666666667,0.851452932589982,False,False,1.0282150702611141,False
2011-03-09 15:30:00,MT_196,29833.3333333333,1.1837868535661382,False,False,0.9920686498803517,False
2011-03-10 01:00:00,MT_196,11458.3333333333,-1.5360019536031144,False,False,0.9476657882145856,False
2011-03-10 04:30:00,MT_196,14250.0,-1.162882940087577,False,False,1.0614683957314708,False
2011-03-10 10:00:00,MT_196,29250.0,0.9138640038576962,False,False,1.1080714025957732,False
2011-03-10 10:30:00,MT_196,30208.3333333333,1.0367214511114653,False,False,1.13017477792352,False
2011-03-10 13:15:00,MT_196,31083.3333333333,1.0886975649929558,False,False,1.0433709449904451,False
2011-03-11 07:30:00,MT_196,26541.6666666667,0.3983904047041823,False,False,1.1664889035167982,False
2011-03-11 10:00:00,MT_196,25916.6666666667,0.2978647491745422,False,False,1.0307021857352925,False
2011-03-11 13:00:00,MT_196,29208.3333333333,0.7753038604418506,False,False,0.9951859617655486,False
2011-03-11 15:45:00,MT_196,30166.6666666667,0.9610053092983412,False,False,1.0366979559690845,False
2011-03-11 19:00:00,MT_196,27583.3333333333,0.6086523562612992,False,False,0.9893276266221357,False
2011-03-11 23:00:00,MT_196,25750.0,0.36163591737976286,False,False,1.0462583853861231,False
2011-03-12 03:45:00,MT_196,10125.0,-1.815329184418771,False,False,0.981865661146731,False
2011-03-12 07:30:00,MT_196,20250.0,-0.40552950914486957,False,False,1.0203180133993268,False
2011-03-12 12:30:00,MT_196,31666.6666666667,1.0548135612304539,False,False,0.9927997076301818,False
2011-03-12 14:30:00,MT_196,29875.0,0.8033818210220766,False,False,1.0202474841331717,False
2011-03-12 17:30:00,MT_196,30333.3333333333,0.8502033755547471,False,False,1.0602403993895024,False
2011-03-13 03:30:00,MT_196,10583.3333333333,-1.710124773452275,False,False,0.9727789736396978,False
2011-03-13 05:45:00,MT_196,17458.3333333333,-0.8137858976648004,False,False,1.0332448662149765,False
2011-03-13 07:45:00,MT_196,21708.3333333333,-0.2494624452097331,False,False,1.0632033076695384,False
2011-03-13 11:00:00,MT_196,29375.0,0.7958054844515211,False,False,1.0072369510918582,False
2011-03-13 20:00:00,MT_196,27750.0,0.8123158949943239,False,False,1.0631166553037112,False
2011-03-13 23:00:00,MT_196,18708.3333333333,-0.515471439683911,False,False,1.0160195800828353,False
2011-03-13 23:15:00,MT_196,15250.0,-1.0217573658814392,False,False,0.9862925437764976,False
2011-03-14 03:30:00,MT_196,11416.6666666667,-1.5443426896063397,False,False,1.002129180113914,False
2011-03-14 12:45:00,MT_196,28333.3333333333,1.0410530453128544,False,False,1.0225841862987053,False
2011-03-14 15:00:00,MT_196,28708.3333333333,1.0601906680983642,False,False,1.0689133103773245,False
2011-03-14 17:00:00,MT_196,29125.0,1.0686125771557962,False,False,1.035970441867432,False
2011-03-14 17:45:00,MT_196,29208.3333333333,1.0544085276851052,False,False,1.0151340310490078,False
2011-03-15 00:45:00,MT_196,11208.3333333333,-1.7448196791219623,False,False,1.0665814640794586,False
2011-03-15 03:00:00,MT_196,10458.3333333333,-1.886910200485363,False,False,1.0332165193734386,False
2011-03-15 07:15:00,MT_196,24000.0,0.20141194271708415,False,False,1.185117339534146,False
2011-03-15 07:30:00,MT_196,26916.6666666667,0.6484731695237295,False,False,1.179869197880066,False
2011-03-15 09:45:00,MT_196,24166.6666666667,0.22850781346484858,False,False,1.0132287227255663,False
2011-03-15 11:00:00,MT_196,25500.0,0.43187082011561523,False,False,1.006899002848122,False
2011-03-15 14:45:00,MT_196,28916.6666666667,0.9132033042513507,False,False,1.0301483476230922,False
2011-03-15 15:30:00,MT_196,29541.6666666667,1.0051831062526628,False,False,1.026698212346954,False
2011-03-15 20:30:00,MT_196,26833.3333333333,0.5832160761882094,False,False,1.0040181413980551,False
2011-03-15 21:30:00,MT_196,26166.6666666667,0.48337249324195825,False,False,0.9875757735097537,False
2011-03-15 22:30:00,MT_196,24666.6666666667,0.2610474180728716,False,False,1.001641284133967,False
2011-03-16 00:15:00,MT_196,12708.3333333333,-1.5332335543021065,False,False,1.0769086548075568,False
2011-03-16 04:30:00,MT_196,9583.33333333333,-1.9059546316736324,False,False,1.0489549259882744,False
2011-03-16 07:15:00,MT_196,22916.6666666667,0.04111930918152553,False,False,1.1278493780757632,False
2011-03-16 08:15:00,MT_196,24166.6666666667,0.22262716802160118,False,False,1.0441059623778923,False
2011-03-16 12:30:00,MT_196,29041.6666666667,0.9168131216255646,False,False,1.0149720703181973,False
2011-03-16 15:15:00,MT_196,28083.3333333333,0.8145199002233199,False,False,1.0056904739468275,False
2011-03-16 18:45:00,MT_196,25125.0,0.3831016558322157,False,False,1.0539743374475272,False
2011-03-16 20:30:00,MT_196,26416.6666666667,0.5686301833682809,False,False,0.99752959838191,False
2011-03-17 01:15:00,MT_196,9000.0,-1.9219417287136564,False,False,1.1091129354308735,False
2011-03-17 21:45:00,MT_196,25791.6666666667,0.4590216930402905,False,False,1.00292908513423,False
2011-03-17 23:15:00,MT_196,22916.6666666667,0.04455330570251427,False,False,1.0783318276996692,False
2011-03-18 01:45:00,MT_196,9750.0,-1.8717729735357618,False,False,1.0561776830155452,False
2011-03-18 08:00:00,MT_196,24291.6666666667,0.24191445918236998,False,False,1.0694780553970207,False
2011-03-18 10:30:00,MT_196,28708.3333333333,0.8705260114696329,False,False,1.060888832132696,False
2011-03-18 12:45:00,MT_196,29500.0,0.9654213960601408,False,False,1.0004618789824538,False
2011-03-18 13:15:00,MT_196,29041.6666666667,0.8992413157472098,False,False,0.9923152146010683,False
2011-03-18 15:00:00,MT_196,32541.6666666667,1.371885175286871,False,False,0.9954060342310137,False
2011-03-18 18:00:00,MT_196,32458.3333333333,1.250107421236525,False,False,0.9988215640545999,False
2011-03-18 20:00:00,MT_196,30708.3333333333,0.970258131185731,False,False,1.0295984231370205,False
2011-03-19 07:30:00,MT_196,17625.0,-0.7690214027623364,False,False,1.0434023739044838,False
2011-03-19 22:30:00,MT_196,25375.0,0.15152419593808097,False,False,1.0225981817558976,False
2011-03-20 15:15:00,MT_196,27125.0,0.43253244299337484,False,False,0.9888190256320639,False
2011-03-20 19:00:00,MT_196,28958.3333333333,0.8000765202593363,False,False,1.0346895496265607,False
2011-03-20 20:45:00,MT_196,26708.3333333333,0.4930336076648103,False,False,1.02530814852548,False
2011-03-20 21:30:00,MT_196,25791.6666666667,0.37480934727730647,False,False,1.018948425875401,False
2011-03-21 00:45:00,MT_196,11000.0,-1.599970297392875,False,False,1.023822071760405,False
2011-03-21 08:30:00,MT_196,26250.0,0.44487684965711505,False,False,1.0517383674779086,False
2011-03-21 15:00:00,MT_196,31125.0,1.1906410937033247,False,False,0.9920912607838605,False
2011-03-21 19:00:00,MT_196,29083.3333333333,0.7496269156435819,False,False,0.9939246194169032,False
2011-03-21 21:45:00,MT_196,27208.3333333333,0.4957428516071248,False,False,1.029335021754221,False
2011-03-22 01:30:00,MT_196,10083.3333333333,-1.8834673112262819,False,False,1.0087241701943794,False
2011-03-22 06:00:00,MT_196,18458.3333333333,-0.6956975776235862,False,False,1.027137211111983,False
2011-03-22 06:30:00,MT_196,19500.0,-0.5521030612266176,False,False,1.0174703022962994,False
2011-03-22 06:45:00,MT_196,18833.3333333333,-0.6375395759649215,False,False,0.9777750099847187,False
2011-03-22 08:30:00,MT_196,27041.6666666667,0.4525342525909219,False,False,1.0446062092354609,False
2011-03-22 10:15:00,MT_196,27791.6666666667,0.5389603265835534,False,False,1.0050781515782057,False
2011-03-22 14:00:00,MT_196,30875.0,0.9255886761225197,False,False,1.0195540071049216,False
2011-03-22 15:45:00,MT_196,31041.6666666667,0.9287958225597158,False,False,1.011328306693731,False
2011-03-22 16:45:00,MT_196,32791.6666666667,1.160090269559699,False,False,0.9733110737167703,False
2011-03-23 00:45:00,MT_196,10541.6666666667,-1.7211820980398118,False,False,1.023167011547555,False
2011-03-23 02:45:00,MT_196,10083.3333333333,-1.797766071796959,False,False,0.9933429940950697,False
2011-03-23 09:15:00,MT_196,29750.0,0.8124143830229703,False,False,1.2460790298631574,False
2011-03-23 09:45:00,MT_196,26125.0,0.3425890900842991,False,False,1.0077608708792258,False
2011-03-23 12:30:00,MT_196,30375.0,0.9148723830045352,False,False,1.0356990434801514,False
2011-03-23 13:00:00,MT_196,31166.6666666667,1.0245721978441422,False,False,1.0215850631128902,False
2011-03-23 13:15:00,MT_196,29500.0,0.8054521625808073,False,False,1.020482407249381,False
2011-03-23 13:45:00,MT_196,28791.6666666667,0.7142220284740491,False,False,1.0151508095600403,False
2011-03-23 14:45:00,MT_196,31166.6666666667,1.0359925214231631,False,False,0.9885112299745464,False
2011-03-23 17:00:00,MT_196,29833.3333333333,0.8916131037243975,False,False,0.9958588564557636,False
2011-03-23 17:15:00,MT_196,30250.0,0.9542161249771789,False,False,1.0078370750699537,False
2011-03-23 19:45:00,MT_196,28708.3333333333,0.7470411748761885,False,False,1.0447250656774179,False
2011-03-24 01:00:00,MT_196,12916.6666666667,-1.4187536482360092,False,False,0.9918294122863084,False
2011-03-24 02:15:00,MT_196,12125.0,-1.579466850939875,False,False,1.032895561761977,False
2011-03-24 03:30:00,MT_196,11125.0,-1.7826239559168318,False,False,0.9788368284595108,False
2011-03-24 20:45:00,MT_196,28000.0,0.580880932058089,False,False,0.9786343000710486,False
2011-03-25 04:30:00,MT_196,9833.33333333333,-2.0751766036659367,False,False,1.1564654447432652,False
2011-03-25 05:15:00,MT_196,17958.3333333333,-0.8885823465578632,False,False,1.0625917790237425,False
2011-03-25 05:45:00,MT_196,17916.6666666667,-0.8972965099242668,False,False,1.0127981519972042,False
2011-03-25 16:30:00,MT_196,31250.0,1.0314560849592942,False,False,1.0030800726521905,False
2011-03-25 18:15:00,MT_196,27416.6666666667,0.4674406521398261,False,False,1.0585520350645161,False
2011-03-25 23:15:00,MT_196,23916.6666666667,-0.04130690697206129,False,False,1.152653538849483,False
2011-03-26 01:15:00,MT_196,11083.3333333333,-1.875240197499434,False,False,1.0037598804458885,False
2011-03-26 05:45:00,MT_196,19541.6666666667,-0.6308908687013028,False,False,1.0751870337765732,False
2011-03-26 08:15:00,MT_196,22958.3333333333,-0.14397524720250734,False,False,1.0325915764991185,False
2011-03-26 10:30:00,MT_196,30791.6666666667,0.9310034107341539,False,False,1.0078391579588464,False
2011-03-26 11:00:00,MT_196,30708.3333333333,0.9080013513701815,False,False,0.9972844321417709,False
2011-03-26 11:15:00,MT_196,31041.6666666667,0.9476142881704926,False,False,0.9949398513433376,False
2011-03-26 22:30:00,MT_196,26541.6666666667,0.3271396105159077,False,False,1.0215940213808072,False
2011-03-26 23:15:00,MT_196,23166.6666666667,-0.1318358554474281,False,False,1.0498738661451812,False
2011-03-27 03:00:00,MT_196,11333.3333333333,-1.689772465796789,False,False,0.997329042843148,False
2011-03-27 03:45:00,MT_196,11416.6666666667,-1.6712590084559316,False,False,0.9862698598813135,False
2011-03-27 07:00:00,MT_196,19666.6666666667,-0.563490322968259,False,False,1.015226174901271,False
2011-03-27 13:45:00,MT_196,27375.0,0.5126093973561945,False,False,1.048846045471663,False
2011-03-27 18:15:00,MT_196,26458.3333333333,0.5146171972376036,False,False,1.0048614277073527,False
2011-03-27 20:45:00,MT_196,26541.6666666667,0.5413966348971206,False,False,1.0222675747606271,False
2011-03-27 23:45:00,MT_196,15750.0,-0.9961982352058382,False,False,0.9760751946923193,False
2011-03-28 01:00:00,MT_196,14000.0,-1.2533603545789442,False,False,0.991158331734585,False
2011-03-28 05:45:00,MT_196,17375.0,-0.8845760982460418,False,False,1.002038075372439,False
2011-03-28 08:00:00,MT_196,22000.0,-0.1372645993421234,False,False,1.0492959901218422,False
2011-03-28 08:15:00,MT_196,23583.3333333333,0.11435694371868967,False,False,1.0456041460520074,False
2011-03-28 13:45:00,MT_196,29458.3333333333,1.1963155890767208,False,False,1.0069135815809391,False
2011-03-28 14:45:00,MT_196,28333.3333333333,0.9662029390277703,False,False,1.072025824534131,False
2011-03-28 16:45:00,MT_196,30375.0,1.2497642556881616,False,False,1.041778479538812,False
2011-03-28 18:15:00,MT_196,26458.3333333333,0.5629265026571828,False,False,1.0176701700868436,False
2011-03-28 22:15:00,MT_196,26166.6666666667,0.5071505830626006,False,False,1.058935047184028,False
2011-03-29 02:15:00,MT_196,13291.6666666667,-1.6071164665928692,False,False,1.0918116246325933,False
2011-03-29 05:15:00,MT_196,15875.0,-1.1244747000713702,False,False,0.9963021584588777,False
2011-03-29 12:15:00,MT_196,29541.6666666667,0.971560891737283,False,False,1.018609010395722,False
2011-03-29 22:15:00,MT_196,25708.3333333333,0.3799401778993691,False,False,0.9844190769111342,False
2011-03-30 00:45:00,MT_196,11416.6666666667,-1.8314757878418748,False,False,1.0812622000254655,False
2011-03-30 01:15:00,MT_196,11208.3333333333,-1.8478771516575427,False,False,1.0289792703697271,False
2011-03-30 02:00:00,MT_196,10791.6666666667,-1.8614099664064456,False,False,1.0081636784770336,False
2011-03-30 04:15:00,MT_196,11291.6666666667,-1.7482308307634429,False,False,0.9719810665568887,False
2011-03-30 05:15:00,MT_196,19333.3333333333,-0.5536707224300598,False,False,1.1396654269170525,False
2011-03-30 10:45:00,MT_196,27833.3333333333,0.6830313430364136,False,False,1.0220205747141962,False
2011-03-30 15:00:00,MT_196,29125.0,0.8637960900108713,False,False,1.006722963648726,False
2011-03-30 17:45:00,MT_196,30541.6666666667,1.049539195012542,False,False,1.01989272279833,False
2011-03-31 01:45:00,MT_196,11125.0,-1.7541420717152751,False,False,0.9970116501924678,False
2011-03-31 13:15:00,MT_196,32583.3333333333,1.3042236332980195,False,False,1.0254567243765251,False
2011-03-31 18:00:00,MT_196,31291.6666666667,1.0233868612446286,False,False,1.0476135382035103,False
2011-03-31 18:45:00,MT_196,28291.6666666667,0.6147753383006724,False,False,1.0019920468736467,False
2011-03-31 20:45:00,MT_196,28416.6666666667,0.632500203867527,False,False,0.9884967005838584,False
2011-03-31 21:15:00,MT_196,26500.0,0.3706670855133173,False,False,0.9829388490969476,False
2011-03-31 22:45:00,MT_196,25666.6666666667,0.25868179165607685,False,False,1.0729115955588489,False
2011-03-31 23:45:00,MT_196,21208.3333333333,-0.3465068810450458,False,False,1.074604437846209,False
2011-04-01 07:45:00,MT_196,21833.3333333333,-0.2677227110243129,False,False,1.037754326318726,False
2011-04-01 08:45:00,MT_196,29875.0,0.8332528826393211,False,False,1.1520871325782316,False
2011-04-01 11:15:00,MT_196,29208.3333333333,0.6989512281170125,False,False,1.0210022253060478,False
2011-04-01 21:30:00,MT_196,27458.3333333333,0.40038997246587626,False,False,0.9866316545004524,False
2011-04-01 21:45:00,MT_196,27458.3333333333,0.3995677362212404,False,False,0.9875326844946788,False
2011-04-01 22:30:00,MT_196,26541.6666666667,0.2807366792531894,False,False,1.0123076234615505,False
2011-04-02 01:00:00,MT_196,12583.3333333333,-1.494538307336848,False,False,1.0042604648543751,False
2011-04-02 01:15:00,MT_196,12416.6666666667,-1.5168270046401477,False,False,0.9980828432365552,False
2011-04-02 06:45:00,MT_196,20333.3333333333,-0.5407773300103137,False,False,1.0872464711605725,False
2011-04-02 07:30:00,MT_196,22125.0,-0.3083379790552619,False,False,1.0841066255717624,False
2011-04-02 13:30:00,MT_196,32666.6666666667,0.9957618476194446,False,False,1.019498927012633,False
2011-04-02 14:15:00,MT_196,30791.6666666667,0.7634775778936885,False,False,1.0243405517983588,False
2011-04-02 15:00:00,MT_196,33958.3333333333,1.1807775177109596,False,False,0.9883911525416686,False
2011-04-03 18:45:00,MT_196,27166.6666666667,0.46618412378665597,False,False,1.007692607294385,False
2011-04-04 03:15:00,MT_196,9625.0,-1.9116706512343216,False,False,1.0302241393499598,False
2011-04-04 05:00:00,MT_196,13708.3333333333,-1.3169982886354246,False,False,1.073394498217692,False
2011-04-04 06:15:00,MT_196,16000.0,-0.966631766864552,False,False,0.9559163381978053,False
2011-04-04 14:45:00,MT_196,31958.3333333333,1.3797489766443747,False,False,0.9772182789314346,False
2011-04-04 15:00:00,MT_196,30708.3333333333,1.179940256608626,False,False,0.9953292530598047,False
2011-04-04 18:00:00,MT_196,29791.6666666667,0.9112572885167276,False,False,1.0174826778851218,False
2011-04-04 20:45:00,MT_196,27916.6666666667,0.6340374813459938,False,False,1.017527349788255,False
2011-04-05 03:45:00,MT_196,11958.3333333333,-1.6162590916868729,False,False,0.9828883344423324,False
2011-04-05 13:30:00,MT_196,33250.0,1.1938595045501832,False,False,1.02117878698993,False
2011-04-05 14:15:00,MT_196,32416.6666666667,1.0703838451011691,False,False,1.0063689131307787,False
2011-04-05 16:45:00,MT_196,34000.0,1.2241162109543717,False,False,0.9687046385498919,False
2011-04-05 20:00:00,MT_196,28666.6666666667,0.5002516572412086,False,False,1.0383107082124403,False
2011-04-06 00:45:00,MT_196,13125.0,-1.5213395668033123,False,False,1.035178433362475,False
2011-04-06 04:30:00,MT_196,18375.0,-0.8972873396799719,False,False,1.2776735403018509,False
2011-04-06 10:15:00,MT_196,27916.6666666667,0.3639708462349717,False,False,1.0275505639819333,False
2011-04-06 13:15:00,MT_196,34000.0,1.1919826747604794,False,False,1.03357636803988,False
2011-04-06 14:15:00,MT_196,32916.6666666667,1.045304925815852,False,False,1.0013539260297013,False
2011-04-06 15:45:00,MT_196,33750.0,1.1621121563487318,False,False,0.9675647870171916,False
2011-04-06 16:15:00,MT_196,33958.3333333333,1.1965642511577077,False,False,0.9710047159850861,False
2011-04-06 16:30:00,MT_196,33166.6666666667,1.0906955775139733,False,False,0.9722729995016715,False
2011-04-06 19:15:00,MT_196,30250.0,0.6832744465601231,False,False,1.0939608044111848,False
2011-04-06 22:30:00,MT_196,26291.6666666667,0.1732521630615396,False,False,1.0474456759415136,False
2011-04-06 23:30:00,MT_196,23333.3333333333,-0.21506878656393286,False,False,1.0745541018132865,False
2011-04-07 12:00:00,MT_196,28875.0,0.5238008114347522,False,False,1.0212734930352958,False
2011-04-07 12:15:00,MT_196,31041.6666666667,0.8062985105771358,False,False,1.0609255233284103,False
2011-04-07 12:45:00,MT_196,35083.3333333333,1.322794112770155,False,False,1.0422501915780835,False
2011-04-07 13:30:00,MT_196,35416.6666666667,1.344771809377471,False,False,1.008227665635489,False
2011-04-07 14:45:00,MT_196,34916.6666666667,1.2515091935163383,False,False,0.9839242571052708,False
2011-04-07 19:00:00,MT_196,31625.0,0.7793002785034848,False,False,1.041346974766148,False
2011-04-07 22:30:00,MT_196,28666.6666666667,0.3856224989794982,False,False,1.1031212508382533,False
2011-04-08 01:00:00,MT_196,13625.0,-1.4657408128365448,False,False,1.0122218818168542,False
2011-04-08 05:45:00,MT_196,19750.0,-0.7205619836814002,False,False,1.055446249308121,False
2011-04-08 06:15:00,MT_196,17166.6666666667,-1.0389120067616853,False,False,1.030083295838953,False
2011-04-08 07:30:00,MT_196,23333.3333333333,-0.2777658134760563,False,False,1.0662366479170038,False
2011-04-08 08:15:00,MT_196,24291.6666666667,-0.1628717641463198,False,False,1.0765167930896462,False
2011-04-08 10:30:00,MT_196,29208.3333333333,0.4434533964539078,False,False,1.022211706460979,False
2011-04-08 12:45:00,MT_196,34208.3333333333,1.0521533129864182,False,False,1.048130620650406,False
2011-04-08 17:15:00,MT_196,34541.6666666667,1.148431598685212,False,False,0.9747442717043727,False
2011-04-08 19:45:00,MT_196,30833.3333333333,0.673056896830492,False,False,1.0116393300766708,False
2011-04-08 21:30:00,MT_196,27625.0,0.2711764463873928,False,False,1.007164574758464,False
2011-04-08 23:00:00,MT_196,27291.6666666667,0.22862252378564374,False,False,1.0823540419413173,False
2011-04-09 02:00:00,MT_196,12041.6666666667,-1.6897645560197907,False,False,1.0168204638762461,False
2011-04-09 02:45:00,MT_196,12375.0,-1.6534483548347363,False,False,1.051785537866695,False
2011-04-09 09:30:00,MT_196,32291.6666666667,0.8474341936286948,False,False,1.060642632287126,False
2011-04-09 10:15:00,MT_196,30333.3333333333,0.5801793633416201,False,False,1.01148959034062,False
2011-04-09 10:45:00,MT_196,32250.0,0.8132695161601716,False,False,0.9987120100846462,False
2011-04-09 11:15:00,MT_196,32166.6666666667,0.7847742747528709,False,False,0.9967499075875399,False
2011-04-09 13:30:00,MT_196,32583.3333333333,0.8271135307114327,False,False,1.0302588788113705,False
2011-04-09 13:45:00,MT_196,32125.0,0.7784646970688125,False,False,1.0390006151482813,False
2011-04-09 14:00:00,MT_196,32500.0,0.8295804628078103,False,False,1.0307760513742465,False
2011-04-09 15:15:00,MT_196,31083.3333333333,0.6704970027291243,False,False,1.0725387609106523,False
2011-04-09 15:45:00,MT_196,32625.0,0.8795561637310392,False,False,1.0253447470486137,False
2011-04-09 20:00:00,MT_196,31625.0,0.8034481048599763,False,False,1.0333675876130737,False
2011-04-09 22:15:00,MT_196,28416.6666666667,0.37949109992318214,False,False,1.0679024530824275,False
2011-04-10 01:00:00,MT_196,13791.6666666667,-1.5245310954566007,False,False,1.06704959256875,False
2011-04-10 07:30:00,MT_196,20458.3333333333,-0.6196756265219027,False,False,1.0501639094041415,False
2011-04-10 11:30:00,MT_196,34333.3333333333,1.18511325132986,False,False,1.0893311903117937,False
2011-04-10 11:45:00,MT_196,32416.6666666667,0.9345010582349143,False,False,1.036027965756938,False
2011-04-10 16:00:00,MT_196,31166.6666666667,0.8393308821651643,False,False,1.0574252898172283,False
2011-04-10 17:30:00,MT_196,29791.6666666667,0.7071315736231052,False,False,1.0214451193608018,False
2011-04-10 22:00:00,MT_196,27041.6666666667,0.39240623928334956,False,False,1.0886420415714468,False
2011-04-11 00:15:00,MT_196,14833.3333333333,-1.2543838989350369,False,False,0.9796609173988021,False
2011-04-11 01:30:00,MT_196,12125.0,-1.6487207470831007,False,False,1.0287230350936414,False
2011-04-11 03:15:00,MT_196,11750.0,-1.7051358657257147,False,False,1.0526116465251825,False
2011-04-11 04:30:00,MT_196,12000.0,-1.6842690147750867,False,False,1.0569862357469069,False
2011-04-11 09:15:00,MT_196,29458.3333333333,0.7816136231492213,False,False,1.114896860761314,False
2011-04-11 13:15:00,MT_196,30333.3333333333,1.0975362836723261,False,False,1.0102786143103626,False
2011-04-11 20:45:00,MT_196,26916.6666666667,0.5647647173864343,False,False,1.0064856410331686,False
2011-04-11 22:00:00,MT_196,26458.3333333333,0.5010909634027695,False,False,1.0232184969035991,False
2011-04-12 01:30:00,MT_196,11333.3333333333,-1.8157421315223847,False,False,1.0484661729988118,False
2011-04-12 04:15:00,MT_196,10750.0,-1.8099250509977114,False,False,0.9760008419849835,False
2011-04-12 06:00:00,MT_196,16916.6666666667,-0.8955208520624901,False,False,0.9973327217753813,False
2011-04-12 14:30:00,MT_196,29750.0,0.9845481328060668,False,False,1.023704883195886,False
2011-04-12 15:30:00,MT_196,28583.3333333333,0.8207612474267381,False,False,1.0332640477468644,False
2011-04-12 17:00:00,MT_196,29833.3333333333,0.9879902125422013,False,False,1.0222897672194449,False
2011-04-13 01:30:00,MT_196,9791.66666666667,-1.8485878325985465,False,False,1.0120320543212635,False
2011-04-13 02:00:00,MT_196,10333.3333333333,-1.7650391466318391,False,False,0.986740382115262,False
2011-04-13 04:45:00,MT_196,15666.6666666667,-0.9773079161852106,False,False,1.1139484673738818,False
2011-04-13 08:15:00,MT_196,21375.0,-0.1739275973816978,False,False,1.0317138963692076,False
2011-04-13 08:45:00,MT_196,27041.6666666667,0.614503717885743,False,False,1.0995325406606409,False
2011-04-13 11:45:00,MT_196,27166.6666666667,0.6269118562854482,False,False,0.9901976534361231,False
2011-04-13 14:45:00,MT_196,30875.0,1.098328411416268,False,False,0.9903910637045913,False
2011-04-13 20:15:00,MT_196,28458.3333333333,0.6436278208997461,False,False,1.0268473591975174,False
2011-04-13 23:30:00,MT_196,23625.0,0.002437440941210864,False,False,1.0383464837668717,False
2011-04-14 00:00:00,MT_196,17708.3333333333,-0.7408735262219535,False,False,1.0720488678598217,False
2011-04-14 01:00:00,MT_196,12875.0,-1.3748721882249857,False,False,0.9935596908539722,False
2011-04-14 03:00:00,MT_196,11291.6666666667,-1.6196821320310986,False,False,0.9757874328732796,False
2011-04-14 04:15:00,MT_196,11458.3333333333,-1.6151317885323777,False,False,0.9863534169072673,False
2011-04-14 16:30:00,MT_196,31375.0,1.022035519066354,False,False,1.0686674078885556,False
2011-04-14 19:15:00,MT_196,30791.6666666667,0.9353839665631714,False,False,1.028688663937702,False
2011-04-14 20:15:00,MT_196,28041.6666666667,0.5594254801091332,False,False,0.9809174030792134,False
2011-04-15 07:30:00,MT_196,22583.3333333333,-0.22067606395407136,False,False,1.0480082814012601,False
2011-04-15 11:45:00,MT_196,27375.0,0.42338947566376534,False,False,0.9913721644343647,False
2011-04-15 21:30:00,MT_196,26833.3333333333,0.24008399585606005,False,False,0.9831858713356078,False
2011-04-16 00:00:00,MT_196,17541.6666666667,-0.942822369792324,False,False,1.031643090323623,False
2011-04-16 00:15:00,MT_196,13958.3333333333,-1.401059764980295,False,False,1.0359687034687597,False
2011-04-16 10:45:00,MT_196,31083.3333333333,0.7723093002977632,False,False,0.9930350706555939,False
2011-04-16 20:00:00,MT_196,28916.6666666667,0.5986572305450523,False,False,0.9675439562977053,False
2011-04-17 02:30:00,MT_196,10250.0,-1.8033295602662496,False,False,0.9781720921417726,False
2011-04-17 04:00:00,MT_196,11291.6666666667,-1.66659940554692,False,False,0.9696891989647992,False
2011-04-17 07:30:00,MT_196,18875.0,-0.6806753958951133,False,False,0.9984179213948495,False
2011-04-17 08:15:00,MT_196,22166.6666666667,-0.2521053504799899,False,False,1.0722148554167714,False
2011-04-17 08:45:00,MT_196,23833.3333333333,-0.031436594985406255,False,False,1.115376967607911,False
2011-04-17 09:45:00,MT_196,29625.0,0.7272076450322408,False,False,1.042692299329836,False
2011-04-17 11:00:00,MT_196,31375.0,0.9542665144958902,False,False,1.0212335959304781,False
2011-04-17 15:45:00,MT_196,27416.6666666667,0.4267961702366021,False,False,0.986329536844064,False
2011-04-17 16:00:00,MT_196,26958.3333333333,0.37584091863838504,False,False,0.9891872169544127,False
2011-04-17 23:15:00,MT_196,17166.6666666667,-0.832449813235314,False,False,1.0241237502105776,False
2011-04-18 08:00:00,MT_196,21583.3333333333,-0.24298149675527855,False,False,1.0560081814800188,False
2011-04-18 08:15:00,MT_196,23708.3333333333,0.04528269247576294,False,False,1.0644076975256849,False
2011-04-18 08:30:00,MT_196,25333.3333333333,0.26677427472352144,False,False,1.0560713276227212,False
2011-04-18 11:00:00,MT_196,28875.0,0.7755649756690374,False,False,1.025459169741908,False
2011-04-18 20:15:00,MT_196,26083.3333333333,0.34773507326707637,False,False,1.0374403798479477,False
2011-04-19 00:45:00,MT_196,16291.6666666667,-1.0679217492356485,False,False,1.109079667534817,False
2011-04-19 03:00:00,MT_196,14708.3333333333,-1.4083991273893792,False,False,1.1499570900831122,False
2011-04-19 08:45:00,MT_196,28666.6666666667,0.6458368833168655,False,False,1.078568122546565,False
2011-04-19 21:45:00,MT_196,28500.0,0.5544515794434489,False,False,1.0195301365463958,False
2011-04-19 22:00:00,MT_196,27541.6666666667,0.402558609141007,False,False,1.0064102460548392,False
2011-04-20 02:30:00,MT_196,12625.0,-1.799384978509252,False,False,1.0877310763448609,False
2011-04-20 04:00:00,MT_196,13583.3333333333,-1.6283920621970471,False,False,1.1080177518847913,False
2011-04-20 06:45:00,MT_196,19666.6666666667,-0.7428764189707672,False,False,1.0331251887992936,False
2011-04-20 16:15:00,MT_196,33250.0,1.3735707356439415,False,False,0.9848732980120283,False
2011-04-20 17:15:00,MT_196,32583.3333333333,1.2876607393437338,False,False,0.98673817729867,False
2011-04-20 18:00:00,MT_196,31458.3333333333,1.1183377350773538,False,False,1.0243022685232468,False
2011-04-21 12:15:00,MT_196,30500.0,0.9698776948099613,False,False,1.0580776198012072,False
2011-04-21 20:30:00,MT_196,28750.0,0.6519697788909713,False,False,0.9970063852250547,False
2011-04-22 07:45:00,MT_196,21291.6666666667,-0.404284389169937,False,False,1.0308049504555226,False
2011-04-22 10:00:00,MT_196,26500.0,0.31836620293050877,False,False,1.0240695269421167,False
2011-04-22 14:45:00,MT_196,28666.6666666667,0.6725804660896955,False,False,1.0850716433375396,False
2011-04-22 18:15:00,MT_196,26750.0,0.4323098537547181,False,False,1.0768149577952486,False
2011-04-22 21:15:00,MT_196,26583.3333333333,0.45130860014987445,False,False,0.9780699934066042,False
2011-04-22 22:15:00,MT_196,26083.3333333333,0.3933277187741397,False,False,0.9848455808016437,False
2011-04-23 00:15:00,MT_196,15500.0,-1.1995598678435935,False,False,1.0053494605979516,False
2011-04-23 02:00:00,MT_196,11458.3333333333,-1.8153794717513443,False,False,1.013284519938197,False
2011-04-23 02:30:00,MT_196,11041.6666666667,-1.8958988329037492,False,False,1.001206595035738,False
2011-04-23 04:00:00,MT_196,11250.0,-1.8719672709973152,False,False,1.0134869865547713,False
2011-04-23 04:15:00,MT_196,10708.3333333333,-1.9534532405227172,False,False,1.0412119167372604,False
2011-04-23 10:00:00,MT_196,29916.6666666667,0.9806302596194604,False,False,1.0120012505019487,False
2011-04-23 11:00:00,MT_196,33333.3333333333,1.438770109878896,False,False,1.1058559217069153,False
2011-04-23 13:45:00,MT_196,32791.6666666667,1.1770117246134504,False,False,1.0077623652714405,False
2011-04-23 18:15:00,MT_196,29083.3333333333,0.5749840814102031,False,False,1.067145074999408,False
2011-04-24 06:15:00,MT_196,16916.6666666667,-1.0318319126516007,False,False,1.0221576165548332,False
2011-04-24 08:45:00,MT_196,24916.6666666667,0.009274353783145128,False,False,1.1354494376556667,False
2011-04-24 13:00:00,MT_196,29875.0,0.7281290964458859,False,False,1.0671731160495606,False
2011-04-24 15:45:00,MT_196,26708.3333333333,0.41106063503682055,False,False,0.9888030494340214,False
2011-04-24 18:00:00,MT_196,24833.3333333333,0.25947011471397236,False,False,1.152505345701699,False
2011-04-25 01:45:00,MT_196,9875.0,-1.6347590880529148,False,False,0.9760846525144936,False
2011-04-25 05:30:00,MT_196,18375.0,-0.33878376437718455,False,False,1.1935069828138816,False
2011-04-25 07:30:00,MT_196,20250.0,-0.05817783042913188,False,False,1.0376389321103463,False
2011-04-25 07:45:00,MT_196,20625.0,-0.005430546126033611,False,False,1.0364661089326774,False
2011-04-25 08:15:00,MT_196,22458.3333333333,0.2621494854462014,False,False,1.022519972044815,False
2011-04-26 03:45:00,MT_196,13291.6666666667,-1.6244826536517365,False,False,1.0237039027765493,False
2011-04-26 09:45:00,MT_196,27250.0,0.4801742441121569,False,False,1.0051451641626021,False
2011-04-26 12:00:00,MT_196,26375.0,0.3672811112059634,False,False,1.0366621582979914,False
2011-04-26 13:30:00,MT_196,33125.0,1.4514229196340358,False,False,1.0178584364013423,False
2011-04-26 15:15:00,MT_196,30625.0,1.016313932717407,False,False,1.019548967318623,False
2011-04-26 16:45:00,MT_196,31166.6666666667,1.109130696035416,False,False,0.9948095696517302,False
2011-04-26 18:30:00,MT_196,26708.3333333333,0.4041980310982617,False,False,1.1220832576210629,False
2011-04-26 21:15:00,MT_196,27250.0,0.4787845241377786,False,False,0.9878773398446534,False
2011-04-27 12:45:00,MT_196,30416.6666666667,0.9296575348057754,False,False,1.0273202572157354,False
2011-04-27 13:00:00,MT_196,32583.3333333333,1.232519252015361,False,False,1.0419557518889593,False
2011-04-27 13:30:00,MT_196,35000.0,1.57124591676513,False,False,1.089354237906002,False
2011-04-27 14:45:00,MT_196,30708.3333333333,0.9651274466719747,False,False,0.9934838210791513,False
2011-04-27 16:30:00,MT_196,32375.0,1.1918954970943245,False,False,0.982555071622516,False
2011-04-27 19:00:00,MT_196,27750.0,0.5302781046453652,False,False,1.0366671680072952,False
2011-04-27 20:00:00,MT_196,27541.6666666667,0.5031456169264504,False,False,1.0061377598490546,False
2011-04-27 20:15:00,MT_196,26291.6666666667,0.3323919235780897,False,False,1.0051083064720585,False
2011-04-27 23:15:00,MT_196,24041.6666666667,0.029484563925965736,False,False,1.0418777146935485,False
2011-04-28 14:45:00,MT_196,34875.0,1.4988350809728443,False,False,0.9885081255948338,False
2011-04-29 06:30:00,MT_196,17666.6666666667,-0.8444246011973873,False,False,0.964210402035649,False
2011-04-29 09:00:00,MT_196,28833.3333333333,0.6520595643467348,False,False,1.061567780687258,False
2011-04-29 12:45:00,MT_196,31166.6666666667,0.9366946757384436,False,False,1.0118383563705189,False
2011-04-29 14:30:00,MT_196,29625.0,0.741485746801586,False,False,1.0161912401099047,False
2011-04-29 17:00:00,MT_196,31333.3333333333,1.0391431052660345,False,False,0.9886987594892688,False
2011-04-29 17:45:00,MT_196,32916.6666666667,1.2587599415576929,False,False,0.9874770686725435,False
2011-04-29 21:00:00,MT_196,29333.3333333333,0.7090779858880766,False,False,1.029000387808291,False
2011-04-29 21:15:00,MT_196,26916.6666666667,0.3764363377430475,False,False,0.9760654618916417,False
2011-04-29 22:30:00,MT_196,27583.3333333333,0.4592751610450434,False,False,1.0105732935996374,False
2011-04-30 01:30:00,MT_196,12625.0,-1.6414058754113992,False,False,1.0071662154429946,False
2011-04-30 02:45:00,MT_196,10916.6666666667,-1.8895164104568662,False,False,1.0099324935371279,False
2011-04-30 03:15:00,MT_196,10750.0,-1.906579801053418,False,False,0.9950199021562879,False
2011-05-01 00:00:00,MT_196,18333.3333333333,-0.8585636998865269,False,False,1.0749128825805094,False
2011-05-01 04:15:00,MT_196,11416.6666666667,-1.7235428559698212,False,False,0.9904970565974576,False
2011-05-01 05:00:00,MT_196,13333.3333333333,-1.4924197619684942,False,False,1.066274395667937,False
2011-05-01 06:45:00,MT_196,18333.3333333333,-0.8258027901499476,False,False,1.0000233638267366,False
2011-05-01 08:00:00,MT_196,20708.3333333333,-0.5034142012769895,False,False,1.0381927959867572,False
2011-05-01 22:15:00,MT_196,24458.3333333333,0.17742042618610246,False,False,1.0400044276328624,False
2011-05-02 03:30:00,MT_196,10250.0,-1.7180080751461009,False,False,0.9613722435289335,False
2011-05-02 05:45:00,MT_196,16458.3333333333,-0.8568012885511389,False,False,0.9741381797573058,False
2011-05-02 06:45:00,MT_196,16958.3333333333,-0.7740175189811888,False,False,0.9646435317967667,False
2011-05-02 13:15:00,MT_196,31208.3333333333,1.3559747259539043,False,False,0.9968129116878205,False
2011-05-02 18:15:00,MT_196,26750.0,0.5343508746266697,False,False,1.0288174679043098,False
2011-05-03 00:00:00,MT_196,18541.6666666667,-0.6487554539793464,False,False,1.1272074259047675,False
2011-05-03 04:45:00,MT_196,14041.6666666667,-1.328383212247949,False,False,1.0018674421911522,False
2011-05-03 05:45:00,MT_196,14250.0,-1.2997475364135553,False,False,1.0248776432493525,False
2011-05-03 06:45:00,MT_196,16833.3333333333,-0.9128965320272894,False,False,0.9835093073038274,False
2011-05-03 07:00:00,MT_196,17875.0,-0.7670780103654047,False,False,0.9799684296150525,False
2011-05-03 20:00:00,MT_196,28750.0,0.7608787682399337,False,False,1.0339861041765945,False
2011-05-04 01:15:00,MT_196,11958.3333333333,-1.5708914110615122,False,False,0.9735300588669538,False
2011-05-04 03:00:00,MT_196,11166.6666666667,-1.6844577457453294,False,False,0.9857979075590094,False
2011-05-04 06:45:00,MT_196,17125.0,-0.8878073119949446,False,False,0.9744527861380176,False
2011-05-04 13:30:00,MT_196,29916.6666666667,0.9334693312782106,False,False,1.0060553266405552,False
2011-05-04 15:45:00,MT_196,30416.6666666667,1.0079677919477132,False,False,0.9828995154072201,False
2011-05-04 17:30:00,MT_196,32166.6666666667,1.292409572455261,False,False,0.995543803433299,False
2011-05-04 18:30:00,MT_196,26333.3333333333,0.44508365271934003,False,False,1.058257686323861,False
2011-05-04 20:00:00,MT_196,27041.6666666667,0.5588078317976231,False,False,1.0035566681336296,False
2011-05-04 23:30:00,MT_196,23541.6666666667,0.06213762456421464,False,False,1.0398940264766354,False
2011-05-05 02:00:00,MT_196,10500.0,-1.8146461829889644,False,False,1.0083790026303625,False
2011-05-05 08:00:00,MT_196,21541.6666666667,-0.19745796959682374,False,False,1.0510339360010537,False
2011-05-05 10:00:00,MT_196,26500.0,0.487576884233556,False,False,1.0130397070774757,False
2011-05-05 17:45:00,MT_196,32291.6666666667,1.2360234643131573,False,False,1.042418915114232,False
2011-05-05 19:00:00,MT_196,27083.3333333333,0.5105595680573446,False,False,0.9969237929343907,False
2011-05-05 20:00:00,MT_196,27375.0,0.5482439990145641,False,False,0.9796354030399034,False
2011-05-06 00:30:00,MT_196,14625.0,-1.1993731501089733,False,False,1.0158051426081975,False
2011-05-06 02:00:00,MT_196,11208.3333333333,-1.6901715224849396,False,False,0.9752510982121199,False
2011-05-06 02:15:00,MT_196,10875.0,-1.74013197028906,False,False,0.967027813552359,False
2011-05-06 08:15:00,MT_196,22833.3333333333,-0.13055009920310381,False,False,1.0323983180669831,False
2011-05-06 11:15:00,MT_196,27666.6666666667,0.5669983701394263,False,False,0.9966933941476461,False
2011-05-06 13:45:00,MT_196,30125.0,0.9034815121235982,False,False,0.9988174224358125,False
2011-05-06 16:00:00,MT_196,32500.0,1.2115401151438392,False,False,0.9832042862104771,False
2011-05-06 18:15:00,MT_196,30208.3333333333,0.8891355782226206,False,False,1.0226175255293908,False
2011-05-06 19:30:00,MT_196,28500.0,0.631795894761558,False,False,0.9778054275282768,False
2011-05-07 06:30:00,MT_196,19875.0,-0.5510599587549527,False,False,1.040749757461809,False
2011-05-07 07:00:00,MT_196,21041.6666666667,-0.39681876497765495,False,False,1.0810265033317141,False
2011-05-07 09:45:00,MT_196,28791.6666666667,0.6548131335173502,False,False,1.0011812684444599,False
2011-05-07 11:30:00,MT_196,34083.3333333333,1.3066323226446626,False,False,1.0723655779148076,False
2011-05-07 11:45:00,MT_196,31541.6666666667,0.9544601246841394,False,False,0.9826755225389168,False
2011-05-07 13:30:00,MT_196,30041.6666666667,0.7430148626885652,False,False,1.0215653429689866,False
2011-05-09 00:00:00,MT_196,15250.0,-1.0815699612148142,False,False,1.0008233221692557,False
2011-05-09 00:45:00,MT_196,14500.0,-1.1874517037767733,False,False,0.9857550951059035,False
2011-05-09 03:45:00,MT_196,10916.6666666667,-1.7327435465164969,False,False,0.9811087931950121,False
2011-05-09 08:45:00,MT_196,28208.3333333333,0.883448356931336,False,False,1.1161181872021102,False
2011-05-09 09:30:00,MT_196,25291.6666666667,0.440819696954739,False,False,0.9928941903993809,False
2011-05-09 14:30:00,MT_196,31166.6666666667,1.314996854443033,False,False,0.9882911264245505,False
2011-05-09 15:00:00,MT_196,32291.6666666667,1.4365516589932543,False,False,0.975694558580387,False
2011-05-09 19:00:00,MT_196,28833.3333333333,0.6971800414501843,False,False,0.995338088327591,False
2011-05-09 19:30:00,MT_196,29916.6666666667,0.8241980335875105,False,False,1.0066743281005062,False
2011-05-09 19:45:00,MT_196,28458.3333333333,0.6334187747757731,False,False,1.0018784109973107,False
2011-05-09 22:15:00,MT_196,27708.3333333333,0.5136404889692914,False,False,1.0818116136020413,False
2011-05-10 00:30:00,MT_196,15041.6666666667,-1.1692992655124106,False,False,0.9917801717363137,False
2011-05-10 02:30:00,MT_196,9916.66666666667,-1.8443457419179956,False,False,0.9736131707782995,False
2011-05-10 07:30:00,MT_196,21208.3333333333,-0.41703532290746087,False,False,1.0507336521750335,False
2011-05-10 09:00:00,MT_196,31291.6666666667,0.9231907710378623,False,False,1.248471402283175,False
2011-05-10 10:45:00,MT_196,29458.3333333333,0.6485993088719947,False,False,1.0121214877660198,False
2011-05-10 12:45:00,MT_196,32583.3333333333,1.025383797688451,False,False,1.0399997090811308,False
2011-05-10 14:45:00,MT_196,35041.6666666667,1.2512985232402676,False,False,0.98515425874059,False
2011-05-10 18:00:00,MT_196,35166.6666666667,1.1707494105755463,False,False,1.005105435452723,False
2011-05-11 11:30:00,MT_196,30625.0,0.5694038199141142,False,False,1.033466560425142,False
2011-05-11 12:00:00,MT_196,30125.0,0.5060174982607106,False,False,1.0221897440098375,False
2011-05-11 17:00:00,MT_196,36208.3333333333,1.2258558517424014,False,False,0.9917221687708903,False
2011-05-11 18:00:00,MT_196,36583.3333333333,1.255147849720366,False,False,1.0303010844310216,False
2011-05-12 05:15:00,MT_196,18833.3333333333,-0.8647692876809228,False,False,1.1845430923567546,False
2011-05-12 07:30:00,MT_196,21250.0,-0.5769858816924621,False,False,1.1171138201391637,False
2011-05-12 11:15:00,MT_196,27958.3333333333,0.21770845310786366,False,False,1.0268377106012594,False
2011-05-12 12:00:00,MT_196,30291.6666666667,0.497427904509522,False,False,1.0391038155924346,False
2011-05-12 15:00:00,MT_196,36375.0,1.2284944805774598,False,False,0.9757233959309354,False
2011-05-12 19:00:00,MT_196,29916.6666666667,0.47839936053752047,False,False,1.0169027184632895,False
2011-05-12 21:00:00,MT_196,30791.6666666667,0.5843893102761104,False,False,1.052014857593298,False
2011-05-12 21:45:00,MT_196,29625.0,0.4386122307436983,False,False,1.0454118357691673,False
2011-05-13 00:00:00,MT_196,19750.0,-0.760767183430229,False,False,1.0716396235904706,False
2011-05-13 02:15:00,MT_196,11708.3333333333,-1.7455908546932715,False,False,0.9628709999381321,False
2011-05-13 02:45:00,MT_196,12166.6666666667,-1.697665252002326,False,False,0.9930517205504196,False
2011-05-13 03:00:00,MT_196,11750.0,-1.750311322721895,False,False,1.0083336060933819,False
2011-05-13 03:15:00,MT_196,11583.3333333333,-1.7691932575111893,False,False,1.0202556043214064,False
2011-05-13 04:45:00,MT_196,15583.3333333333,-1.28599357712889,False,False,1.0893859068359966,False
2011-05-13 05:45:00,MT_196,19583.3333333333,-0.8057107669034983,False,False,1.0488481020366796,False
2011-05-13 06:30:00,MT_196,19333.3333333333,-0.8426654770567081,False,False,1.0173400216577213,False
2011-05-13 07:30:00,MT_196,22166.6666666667,-0.4887504173916795,False,False,1.0611082647137249,False
2011-05-13 11:15:00,MT_196,29333.3333333333,0.39472391126682443,False,False,1.0299058794401652,False
2011-05-13 22:30:00,MT_196,28125.0,0.2128403459544963,False,False,1.0493073157424102,False
2011-05-14 00:00:00,MT_196,19375.0,-0.8442467539935314,False,False,1.178849011226442,False
2011-05-14 02:30:00,MT_196,13625.0,-1.5777030441458753,False,False,1.1446330140960643,False
2011-05-14 04:15:00,MT_196,15000.0,-1.4705123196074015,False,False,1.248422013603598,False
2011-05-14 10:15:00,MT_196,32625.0,0.7586412590460696,False,False,1.022283888381571,False
2011-05-14 20:15:00,MT_196,30375.0,0.37856392574089864,False,False,1.0269748137794814,False
2011-05-14 21:45:00,MT_196,31250.0,0.47622023716523265,False,False,1.1488592791010714,False
2011-05-15 01:15:00,MT_196,12166.6666666667,-1.7976193886079264,False,False,1.100150781300272,False
2011-05-15 04:00:00,MT_196,11291.6666666667,-1.7690069419738745,False,False,0.9721667918046493,False
2011-05-15 06:30:00,MT_196,18208.3333333333,-0.9411994715054367,False,False,1.0342764261189556,False
2011-05-15 11:00:00,MT_196,30333.3333333333,0.4286539378420323,False,False,1.0453568902742818,False
2011-05-15 12:30:00,MT_196,31625.0,0.6137785591181458,False,False,1.0553774401778895,False
2011-05-15 15:00:00,MT_196,27875.0,0.26756169456614703,False,False,1.0130239431726655,False
2011-05-15 17:30:00,MT_196,28750.0,0.5397431522734834,False,False,1.0189957401563814,False
2011-05-16 02:15:00,MT_196,12000.0,-1.6287146989073342,False,False,1.0431904074657652,False
2011-05-16 11:45:00,MT_196,27958.3333333333,0.7497086849027961,False,False,1.0353343692486334,False
2011-05-16 14:00:00,MT_196,31750.0,1.3484952530512397,False,False,0.9888034610301414,False
2011-05-16 18:45:00,MT_196,28916.6666666667,0.6148112468760399,False,False,1.0018124112520324,False
2011-05-16 19:00:00,MT_196,30083.3333333333,0.7594396726525121,False,False,1.0053055871846392,False
2011-05-16 19:30:00,MT_196,32916.6666666667,1.101911731555149,False,False,1.0470974935577666,False
2011-05-16 21:30:00,MT_196,29916.6666666667,0.6868513631863703,False,False,1.0746251353110758,False
2011-05-17 07:15:00,MT_196,20708.3333333333,-0.5711532427719033,False,False,1.0388332792711013,False
2011-05-17 08:15:00,MT_196,23458.3333333333,-0.22769086211478723,False,False,1.1124939793863096,False
2011-05-17 11:00:00,MT_196,29916.6666666667,0.5708735814372737,False,False,1.0259503120689173,False
2011-05-17 15:00:00,MT_196,32666.6666666667,0.9022207838812781,False,False,1.019015295281851,False
2011-05-17 16:30:00,MT_196,34958.3333333333,1.234323890901407,False,False,0.9741139088670007,False
2011-05-17 16:45:00,MT_196,33458.3333333333,1.0476385350805921,False,False,0.9725807053887444,False
2011-05-17 17:30:00,MT_196,34083.3333333333,1.152937887061554,False,False,0.9820597125094078,False
2011-05-18 04:45:00,MT_196,16083.3333333333,-1.254467200891755,False,False,1.1722658569754731,False
2011-05-18 05:15:00,MT_196,18791.6666666667,-0.8845261731933745,False,False,1.1503849970622668,False
2011-05-18 08:30:00,MT_196,24458.3333333333,-0.10223417902602884,False,False,1.0823508947915554,False
2011-05-18 12:45:00,MT_196,29166.6666666667,0.5537831474050102,False,False,1.010868082731766,False
2011-05-18 15:15:00,MT_196,31791.6666666667,0.9598905164051256,False,False,0.9776646771888345,False
2011-05-18 15:30:00,MT_196,31500.0,0.9201936628691322,False,False,0.9772084104151882,False
2011-05-18 18:00:00,MT_196,31541.6666666667,0.9687884887535768,False,False,1.0294242463032315,False
2011-05-18 21:00:00,MT_196,29958.3333333333,0.7456316934987617,False,False,1.0927125319401438,False
2011-05-19 01:45:00,MT_196,12375.0,-1.781436716169804,False,False,1.0480214946854505,False
2011-05-19 03:15:00,MT_196,10833.3333333333,-1.9911058921037335,False,False,1.0991802715021184,False
2011-05-19 12:00:00,MT_196,29416.6666666667,0.691907526633076,False,False,1.022570268028243,False
2011-05-19 13:30:00,MT_196,33375.0,1.246543476130016,False,False,1.0064508212188954,False
2011-05-19 17:30:00,MT_196,34041.6666666667,1.2896253291522295,False,False,1.0169250368021783,False
2011-05-19 23:45:00,MT_196,21375.0,-0.43018575897658634,False,False,1.088071879622819,False
2011-05-20 00:00:00,MT_196,18625.0,-0.8130568532901774,False,False,1.0530727867388838,False
2011-05-20 00:30:00,MT_196,14625.0,-1.3689618132787391,False,False,1.060057082145954,False
2011-05-20 02:00:00,MT_196,11458.3333333333,-1.781924664545735,False,False,0.9870896510702092,False
2011-05-20 02:15:00,MT_196,11083.3333333333,-1.8307018097773433,False,False,0.9742841528240137,False
2011-05-20 04:15:00,MT_196,11333.3333333333,-1.7840182431583071,False,False,0.9912481899113114,False
2011-05-20 09:00:00,MT_196,30958.3333333333,0.8998389243562286,False,False,1.1836083873900198,False
2011-05-20 12:30:00,MT_196,30583.3333333333,0.8159750874131682,False,False,1.0032755366554638,False
2011-05-20 13:00:00,MT_196,34916.6666666667,1.3806965344210536,False,False,1.0550026299606488,False
2011-05-20 14:00:00,MT_196,35916.6666666667,1.483990294295068,False,False,1.0275175836722426,False
2011-05-20 15:00:00,MT_196,33791.6666666667,1.16529831433335,False,False,0.9861745816124952,False
2011-05-20 15:15:00,MT_196,32875.0,1.0439874795785096,False,False,0.9912765445592407,False
2011-05-20 16:30:00,MT_196,33958.3333333333,1.180742749859945,False,False,0.9713367154085026,False
2011-05-20 19:00:00,MT_196,30875.0,0.752129110142766,False,False,1.0218699726291838,False
2011-05-20 21:45:00,MT_196,29750.0,0.5518944703477872,False,False,1.04930247911696,False
2011-05-20 22:00:00,MT_196,29875.0,0.5664932027446727,False,False,1.0735410060551795,False
2011-05-21 02:30:00,MT_196,11708.3333333333,-1.7116598291349612,False,False,1.0170293012899763,False
2011-05-21 04:15:00,MT_196,11833.3333333333,-1.7057325380599204,False,False,0.9923725354143432,False
2011-05-21 05:00:00,MT_196,14458.3333333333,-1.3768397272926178,False,False,1.0529722837067361,False
2011-05-21 09:45:00,MT_196,32333.3333333333,0.8499063084310652,False,False,1.0431852910414403,False
2011-05-21 10:15:00,MT_196,33916.6666666667,1.0295756306812205,False,False,1.0683676737479633,False
2011-05-21 17:30:00,MT_196,34250.0,0.8987897025366749,False,False,1.024225533621422,False
2011-05-21 19:30:00,MT_196,31750.0,0.5864211430940682,False,False,1.0394267199643714,False
2011-05-21 21:45:00,MT_196,28708.3333333333,0.25342292937031624,False,False,1.0628131428472514,False
2011-05-22 00:45:00,MT_196,15583.3333333333,-1.250544998393236,False,False,1.0776445219759807,False
2011-05-22 12:00:00,MT_196,33125.0,0.8154309014095967,False,False,1.0413352524086512,False
2011-05-22 12:30:00,MT_196,31750.0,0.651155384092708,False,False,1.049610161247316,False
2011-05-22 14:00:00,MT_196,34000.0,0.9641731672358238,False,False,1.0924960883258945,False
2011-05-22 21:30:00,MT_196,27291.6666666667,0.30409307895574483,False,False,1.0520855411112675,False
2011-05-22 23:30:00,MT_196,19625.0,-0.7701153336805461,False,False,1.100795793179024,False
2011-05-23 01:15:00,MT_196,15958.3333333333,-1.2930516870079716,False,False,1.1006244374865541,False
2011-05-23 05:15:00,MT_196,19041.6666666667,-0.9130234631296282,False,False,1.2371412650410474,False
2011-05-23 09:00:00,MT_196,31666.6666666667,0.955893763104556,False,False,1.287538350609246,False
2011-05-23 11:45:00,MT_196,29750.0,0.7165056783409047,False,False,1.0351983808639844,False
2011-05-23 13:45:00,MT_196,35041.6666666667,1.5442696794516513,False,False,0.9974116136021012,False
2011-05-23 20:45:00,MT_196,31625.0,0.7103095985585677,False,False,1.0834969256640061,False
2011-05-23 21:45:00,MT_196,29500.0,0.4110785258519857,False,False,1.1002731480870722,False
2011-05-24 04:00:00,MT_196,11750.0,-1.784473914701051,False,False,0.9734628424096556,False
2011-05-24 04:15:00,MT_196,12125.0,-1.7231271435878839,False,False,0.9916080881669068,False
2011-05-24 05:15:00,MT_196,18666.6666666667,-0.8987851996069991,False,False,1.1725886482427617,False
2011-05-24 07:30:00,MT_196,23041.6666666667,-0.37278562048845,False,False,1.131509649876457,False
2011-05-24 11:15:00,MT_196,32708.3333333333,0.7523936424292729,False,False,1.0976481623627716,False
2011-05-24 13:30:00,MT_196,38750.0,1.4208528484041885,False,False,1.0705294250558108,False
2011-05-24 14:15:00,MT_196,36500.0,1.1368125756976495,False,False,1.0120317475782292,False
2011-05-24 16:00:00,MT_196,27416.6666666667,0.07432375808408576,False,False,1.626771571991429,False
2011-05-24 20:45:00,MT_196,31750.0,0.6282188671264851,False,False,1.1028748711909608,False
2011-05-24 23:00:00,MT_196,29583.3333333333,0.36321966934027783,False,False,1.189458332184402,False
2011-05-25 02:45:00,MT_196,13041.6666666667,-1.6160644550401655,False,False,1.0407577602665627,False
2011-05-25 03:45:00,MT_196,13041.6666666667,-1.6345857864475537,False,False,1.0791203832273308,False
2011-05-25 22:00:00,MT_196,29875.0,0.3164928283749291,False,False,1.1468741422462958,False
2011-05-26 00:00:00,MT_196,19333.3333333333,-0.9249565672407433,False,False,1.1994214905271443,False
2011-05-26 02:30:00,MT_196,12458.3333333333,-1.7159692928400294,False,False,1.0524283563827492,False
2011-05-26 10:00:00,MT_196,27500.0,0.09097842618559596,False,False,1.071930681256725,False
2011-05-26 11:15:00,MT_196,30000.0,0.39458448732754,False,False,1.0527993436419314,False
2011-05-26 14:45:00,MT_196,36125.0,1.1306319632232558,False,False,0.9783667449282496,False
2011-05-26 19:00:00,MT_196,30791.6666666667,0.5397640980109722,False,False,1.0266552476855957,False
2011-05-26 20:45:00,MT_196,32541.6666666667,0.7438205199610116,False,False,1.1042335855361107,False
2011-05-26 23:00:00,MT_196,28291.6666666667,0.2487770742610489,False,False,1.172850827485872,False
2011-05-27 01:15:00,MT_196,12666.6666666667,-1.6099257830313491,False,False,1.0160689910747833,False
2011-05-27 02:30:00,MT_196,12666.6666666667,-1.5990942327715054,False,False,1.0099324164861345,False
2011-05-27 05:30:00,MT_196,17708.3333333333,-1.0144473986193112,False,False,1.0448003470473781,False
2011-05-27 06:15:00,MT_196,18750.0,-0.8877205621408689,False,False,1.0206341709895486,False
2011-05-27 18:00:00,MT_196,32583.3333333333,0.784684566787045,False,False,1.0537886467502384,False
2011-05-27 20:15:00,MT_196,30500.0,0.5492130427889155,False,False,1.0348402548400584,False
2011-05-27 22:45:00,MT_196,28500.0,0.2997774899274467,False,False,1.0696537045200487,False
2011-05-27 23:45:00,MT_196,22583.3333333333,-0.43085898226768854,False,False,1.1700866826422345,False
2011-05-28 00:45:00,MT_196,15541.6666666667,-1.3034449127661247,False,False,1.0756132230513735,False
2011-05-28 08:15:00,MT_196,21791.6666666667,-0.4997159444684202,False,False,1.1025502806564058,False
2011-05-28 09:15:00,MT_196,27958.3333333333,0.2572802965756675,False,False,1.0070936432656155,False
2011-05-28 11:45:00,MT_196,31125.0,0.6334827005618603,False,False,0.9938041050763297,False
2011-05-28 12:00:00,MT_196,31916.6666666667,0.7285463291802116,False,False,0.9973479955006125,False
2011-05-28 19:15:00,MT_196,32083.3333333333,0.9364943350410407,False,False,1.071863329488162,False
2011-05-28 22:00:00,MT_196,29541.6666666667,0.5915025022145857,False,False,1.121934676718467,False
2011-05-29 06:00:00,MT_196,18625.0,-0.905869476603483,False,False,1.0594069679442308,False
2011-05-29 06:30:00,MT_196,19916.6666666667,-0.7306483237953639,False,False,1.0605014583682897,False
2011-05-29 06:45:00,MT_196,19958.3333333333,-0.7263163903957552,False,False,1.056664847844979,False
2011-05-29 08:45:00,MT_196,24875.0,-0.04558007458730088,False,False,1.156941649219278,False
2011-05-29 10:00:00,MT_196,29291.6666666667,0.5704440757985276,False,False,1.0251708144815335,False
2011-05-29 16:00:00,MT_196,28416.6666666667,0.5259519457888244,False,False,0.9943470719670056,False
2011-05-29 20:00:00,MT_196,28291.6666666667,0.5916120022706628,False,False,1.0541403170304646,False
2011-05-30 01:15:00,MT_196,14291.6666666667,-1.4574355031808524,False,False,1.0836338366151244,False
2011-05-30 03:00:00,MT_196,12958.3333333333,-1.6722692232004654,False,False,1.1969501675672043,False
2011-05-30 06:45:00,MT_196,19125.0,-0.7207982416164489,False,False,1.0444486666644563,False
2011-05-30 13:45:00,MT_196,35083.3333333333,1.6687518212318155,False,False,1.0014781750940476,False
2011-05-30 19:30:00,MT_196,29125.0,0.6432855148820554,False,False,1.0025719203802772,False
2011-05-30 20:00:00,MT_196,28583.3333333333,0.5668211010413904,False,False,1.00907177170849,False
2011-05-30 21:30:00,MT_196,28666.6666666667,0.5745425352703641,False,False,1.0404724075722462,False
2011-05-30 21:45:00,MT_196,29791.6666666667,0.7265574380637386,False,False,1.1002783937871772,False
2011-05-30 22:15:00,MT_196,27666.6666666667,0.4270240350353902,False,False,1.084413936363433,False
2011-05-30 23:00:00,MT_196,27333.3333333333,0.37144148996462495,False,False,1.1610635302407168,False
2011-05-31 00:15:00,MT_196,16333.3333333333,-1.1865392199401408,False,False,1.1155696326320028,False
2011-05-31 11:00:00,MT_196,29916.6666666667,0.7084399160050557,False,False,1.0225434501102713,False
2011-05-31 20:45:00,MT_196,30541.6666666667,0.5161087242611465,False,False,1.0498516636229205,False
2011-05-31 22:00:00,MT_196,29416.6666666667,0.37657744093654044,False,False,1.0342201151963357,False
2011-06-01 01:30:00,MT_196,12541.6666666667,-1.6047980873457148,False,False,0.980626844566324,False
2011-06-01 02:15:00,MT_196,11416.6666666667,-1.7386074165502554,False,False,0.9794662936895605,False
2011-06-01 09:45:00,MT_196,29208.3333333333,0.35925975276208005,False,False,1.0939807747645744,False
2011-06-01 13:30:00,MT_196,32333.3333333333,0.8019609238911819,False,False,1.0068434841589242,False
2011-06-01 16:45:00,MT_196,33208.3333333333,0.9986903491709899,False,False,0.9746932297960512,False
2011-06-01 19:30:00,MT_196,30750.0,0.752420039556827,False,False,1.1273152761868435,False
2011-06-01 20:30:00,MT_196,27458.3333333333,0.33781458410063775,False,False,1.008043236127639,False
2011-06-01 23:45:00,MT_196,20125.0,-0.6089615615301174,False,False,1.0761798819444757,False
2011-06-02 03:45:00,MT_196,11875.0,-1.6288969271458171,False,False,1.0028394042720845,False
2011-06-02 06:00:00,MT_196,15875.0,-1.089612429084178,False,False,1.0113255496717375,False
2011-06-02 06:45:00,MT_196,16708.3333333333,-0.9777748168866033,False,False,1.02320720970888,False
2011-06-02 14:45:00,MT_196,33375.0,1.1307685268095908,False,False,0.9873313713273592,False
2011-06-02 15:15:00,MT_196,32708.3333333333,1.0458337792153871,False,False,1.0004852829030086,False
2011-06-02 18:00:00,MT_196,36250.0,1.4253276248209834,False,False,1.0470908263084022,False
2011-06-02 23:45:00,MT_196,22041.6666666667,-0.3384210760379056,False,False,1.1067256941773778,False
2011-06-03 00:00:00,MT_196,19416.6666666667,-0.6556367466152209,False,False,1.0472697911501843,False
2011-06-03 01:15:00,MT_196,12750.0,-1.4805710812679866,False,False,0.9769746683579168,False
2011-06-03 05:15:00,MT_196,16375.0,-1.0463934210375772,False,False,1.0253713915352942,False
2011-06-03 09:15:00,MT_196,28500.0,0.4277449943993495,False,False,1.042119763649825,False
2011-06-03 13:00:00,MT_196,35125.0,1.1929278380745354,False,False,1.043903991086407,False
2011-06-04 01:15:00,MT_196,12791.6666666667,-1.4714504387526106,False,False,1.010017629469678,False
2011-06-04 03:30:00,MT_196,11208.3333333333,-1.647921998185243,False,False,0.9878663675181492,False
2011-06-04 03:45:00,MT_196,11916.6666666667,-1.5721138414512141,False,False,1.0077708811225672,False
2011-06-04 04:30:00,MT_196,16083.3333333333,-1.1163069332581994,False,False,1.1856732979400633,False
2011-06-04 06:30:00,MT_196,19625.0,-0.7518558825668705,False,False,1.0546483977109817,False
2011-06-04 09:15:00,MT_196,27958.3333333333,0.18486025073146148,False,False,1.0214615817101027,False
2011-06-04 10:45:00,MT_196,31708.3333333333,0.6021958480701516,False,False,1.0101933649864097,False
2011-06-04 15:45:00,MT_196,34708.3333333333,0.9654367470029828,False,False,0.9825641384408994,False
2011-06-04 16:15:00,MT_196,33833.3333333333,0.8823841836737455,False,False,0.9963672915440452,False
2011-06-04 20:00:00,MT_196,33708.3333333333,0.9676059004204434,False,False,1.1944715422917025,False
2011-06-05 00:15:00,MT_196,16583.3333333333,-1.1285630945745848,False,False,1.0232265340091016,False
2011-06-05 02:00:00,MT_196,12208.3333333333,-1.6662475909483205,False,False,1.0771683621903765,False
2011-06-05 02:30:00,MT_196,11458.3333333333,-1.7639876472763796,False,False,1.0048886466070817,False
2011-06-05 11:15:00,MT_196,35041.6666666667,1.1140217162314043,False,False,1.1077334950352,False
2011-06-05 18:15:00,MT_196,26458.3333333333,0.23942105626844057,False,False,1.09923062743808,False
2011-06-05 18:45:00,MT_196,27833.3333333333,0.4467706402882164,False,False,1.0043600161110178,False
2011-06-06 02:00:00,MT_196,13916.6666666667,-1.4401255535815338,False,False,1.0923516107868199,False
2011-06-06 04:45:00,MT_196,16583.3333333333,-1.1311770385370283,False,False,1.2300700755829947,False
2011-06-06 05:30:00,MT_196,18625.0,-0.8401352321572618,False,False,1.0973546512468708,False
2011-06-06 10:00:00,MT_196,27625.0,0.5289920786072781,False,False,1.0377875822620577,False
2011-06-06 16:00:00,MT_196,33583.3333333333,1.4767512677076429,False,False,0.982456131153736,False
2011-06-06 17:30:00,MT_196,34291.6666666667,1.4246513751805758,False,False,0.9999999266991625,False
2011-06-07 01:30:00,MT_196,11458.3333333333,-1.9257243957959629,False,False,1.1183567588036343,False
2011-06-07 02:00:00,MT_196,9875.0,-2.1005523067835594,False,False,1.1404674806171184,False
2011-06-07 03:45:00,MT_196,11208.3333333333,-1.7800698796141983,False,False,0.9724836480759671,False
2011-06-07 06:00:00,MT_196,15791.6666666667,-1.1259127664913195,False,False,1.0241723193666297,False
2011-06-07 14:45:00,MT_196,30041.6666666667,0.6825047901597247,False,False,1.0984634234272843,False
2011-06-07 22:45:00,MT_196,25083.3333333333,0.17133927513962544,False,False,1.016795761454419,False
2011-06-08 08:30:00,MT_196,24500.0,0.08953866312254286,False,False,1.0395107906462004,False
2011-06-08 09:45:00,MT_196,25666.6666666667,0.26143066836035966,False,False,0.9979928985679156,False
2011-06-08 11:15:00,MT_196,27708.3333333333,0.5640024278193772,False,False,0.9905360136609997,False
2011-06-09 01:45:00,MT_196,10916.6666666667,-1.8128377805851108,False,False,1.0069466024592653,False
2011-06-09 02:45:00,MT_196,10791.6666666667,-1.8097707283633848,False,False,0.9913684973329507,False
2011-06-09 03:00:00,MT_196,10375.0,-1.8665547938934939,False,False,1.009443884287324,False
2011-06-09 04:00:00,MT_196,10666.6666666667,-1.8022592940144102,False,False,0.9752399346807331,False
2011-06-09 04:15:00,MT_196,10625.0,-1.8030438175140222,False,False,1.0038509933277133,False
2011-06-09 06:00:00,MT_196,17333.3333333333,-0.8768198216548645,False,False,1.0236742121679663,False
2011-06-09 06:15:00,MT_196,17500.0,-0.8556612184426363,False,False,1.0090939343777716,False
2011-06-09 15:15:00,MT_196,31416.6666666667,1.103971836630134,False,False,1.0119577513273694,False
2011-06-09 16:15:00,MT_196,29916.6666666667,0.8908257114118597,False,False,1.1177221428103068,False
2011-06-09 19:30:00,MT_196,31750.0,1.1239346024420571,False,False,1.0871021761746071,False
2011-06-10 00:00:00,MT_196,18041.6666666667,-0.764027084271777,False,False,1.0373576404011962,False
2011-06-10 02:45:00,MT_196,10625.0,-1.7814726198782238,False,False,0.9769922903386903,False
2011-06-10 12:30:00,MT_196,28541.6666666667,0.6017362295420832,False,False,0.9929537158981221,False
2011-06-10 18:00:00,MT_196,34333.3333333333,1.191723195737534,False,False,1.0071614000285598,False
2011-06-10 21:30:00,MT_196,28291.6666666667,0.41946932435627293,False,False,1.003339142705271,False
2011-06-10 21:45:00,MT_196,28041.6666666667,0.3889935369879799,False,False,1.00497683316598,False
2011-06-11 02:30:00,MT_196,9541.66666666667,-1.8360928595496866,False,False,0.9866734413282158,False
2011-06-11 09:15:00,MT_196,28541.6666666667,0.49333665387034337,False,False,1.0053175568452777,False
2011-06-11 11:30:00,MT_196,31458.3333333333,0.8280881041077903,False,False,0.9912309290223581,False
2011-06-11 12:45:00,MT_196,30958.3333333333,0.7518561063231143,False,False,1.0144973111054971,False
2011-06-11 16:30:00,MT_196,32583.3333333333,0.993434607259378,False,False,1.0119422139885514,False
2011-06-12 02:45:00,MT_196,11500.0,-1.6900822887681446,False,False,1.0230544359249243,False
2011-06-12 05:00:00,MT_196,16291.6666666667,-1.0768547348042319,False,False,1.0809572252968378,False
2011-06-12 05:45:00,MT_196,17791.6666666667,-0.8988216356448212,False,False,1.0497670849033687,False
2011-06-12 06:00:00,MT_196,17166.6666666667,-0.983687592157015,False,False,1.0314722189334633,False
2011-06-12 09:45:00,MT_196,27250.0,0.3055065949564863,False,False,1.0402379627796932,False
2011-06-12 14:00:00,MT_196,29416.6666666667,0.5750683527620924,False,False,1.0859778773491022,False
2011-06-12 17:30:00,MT_196,29291.6666666667,0.6445464675423402,False,False,1.0155489856107756,False
2011-06-12 18:45:00,MT_196,29291.6666666667,0.6811940696412035,False,False,1.0198104310872615,False
2011-06-12 21:30:00,MT_196,26333.3333333333,0.3406063450791485,False,False,1.0223856162495475,False
2011-06-12 23:45:00,MT_196,17375.0,-0.8895382814364815,False,False,1.0135911688778703,False
2011-06-13 08:15:00,MT_196,25083.3333333333,0.197032635736447,False,False,1.0847536380052591,False
2011-06-13 15:30:00,MT_196,35708.3333333333,1.5877877065358674,False,False,0.9729337821200316,False
2011-06-13 16:00:00,MT_196,36750.0,1.6812907940723973,False,False,0.9755261259409652,False
2011-06-13 22:00:00,MT_196,28583.3333333333,0.39602909283288784,False,False,1.0883362555508334,False
2011-06-14 02:00:00,MT_196,12291.6666666667,-1.5941421772229667,False,False,1.0408175841756744,False
2011-06-14 02:15:00,MT_196,10166.6666666667,-1.8526149806029493,False,False,0.9552649579632854,False
2011-06-14 04:00:00,MT_196,11791.6666666667,-1.6592037928927987,False,False,0.9784030164191996,False
2011-06-14 08:45:00,MT_196,27916.6666666667,0.2721454472255941,False,False,1.057607103179451,False
2011-06-14 17:00:00,MT_196,36583.3333333333,1.2506662590798543,False,False,0.9716563865264078,False
2011-06-14 23:15:00,MT_196,26333.3333333333,0.02569268344246054,False,False,1.1396791908104689,False
2011-06-15 06:00:00,MT_196,18583.3333333333,-0.913291837046282,False,False,1.032603687806915,False
2011-06-15 09:00:00,MT_196,31083.3333333333,0.5648763943936461,False,False,1.309158177917742,False
2011-06-15 16:30:00,MT_196,36625.0,1.2299362721612865,False,False,0.9791940715785405,False
2011-06-16 00:30:00,MT_196,15416.6666666667,-1.3036613146065505,False,False,1.0474894564191621,False
2011-06-16 03:45:00,MT_196,15666.6666666667,-1.4074055985467562,False,False,1.3842650471822526,False
2011-06-16 05:30:00,MT_196,17791.6666666667,-1.1953358137167645,False,False,1.2214012808586068,False
2011-06-16 08:00:00,MT_196,22583.3333333333,-0.5573216503396772,False,False,1.1591517317856403,False
2011-06-16 08:30:00,MT_196,26750.0,0.009288495306810548,False,False,1.114684014678004,False
2011-06-16 09:00:00,MT_196,29750.0,0.4186736220313976,False,False,1.1043896493085572,False
2011-06-16 11:00:00,MT_196,27708.3333333333,0.16524009753527355,False,False,1.031832906834151,False
2011-06-16 16:15:00,MT_196,33291.6666666667,1.0171454374909337,False,False,1.0023272382955482,False
2011-06-16 18:00:00,MT_196,35500.0,1.400006102458656,False,False,1.0427035973421956,False
2011-06-16 21:30:00,MT_196,28000.0,0.3117356521719317,False,False,1.013896586257734,False
2011-06-17 06:30:00,MT_196,17500.0,-0.993909724630289,False,False,1.0096211458882691,False
2011-06-17 16:15:00,MT_196,33583.3333333333,1.023580680629653,False,False,0.9711689204647095,False
2011-06-17 19:45:00,MT_196,32666.6666666667,0.9043948115071219,False,False,1.121816910474499,False
2011-06-18 01:45:00,MT_196,11083.3333333333,-1.808232135561897,False,False,0.9796450399188582,False
2011-06-18 02:00:00,MT_196,11458.3333333333,-1.760252916905824,False,False,0.9972983640912079,False
2011-06-18 03:30:00,MT_196,11250.0,-1.7840374705838336,False,False,0.9869971333652827,False
2011-06-18 04:15:00,MT_196,10416.6666666667,-1.878246773013219,False,False,0.9963638465523924,False
2011-06-18 20:00:00,MT_196,31208.3333333333,0.713328374594962,False,False,1.023189204267611,False
2011-06-18 21:30:00,MT_196,28500.0,0.3836942719394268,False,False,1.0296340278087988,False
2011-06-18 22:00:00,MT_196,28250.0,0.3520723169734003,False,False,1.0561765652844073,False
2011-06-18 22:15:00,MT_196,27833.3333333333,0.3022710028177629,False,False,1.0354130924424076,False
2011-06-18 23:15:00,MT_196,25791.6666666667,0.05291313232749806,False,False,1.0522854703351634,False
2011-06-18 23:30:00,MT_196,24875.0,-0.05877933129975876,False,False,1.0803043584879488,False
2011-06-19 03:30:00,MT_196,11458.3333333333,-1.691581310777478,False,False,0.9937467669395629,False
2011-06-19 03:45:00,MT_196,11583.3333333333,-1.6773317772490397,False,False,0.9936416056008663,False
2011-06-19 04:15:00,MT_196,12541.6666666667,-1.5642829510848557,False,False,1.02860666000059,False
2011-06-19 20:15:00,MT_196,28416.6666666667,0.3488794256389744,False,False,1.0900510233423144,False
2011-06-19 21:30:00,MT_196,27750.0,0.2844044332328036,False,False,1.0588527332232875,False
2011-06-20 00:15:00,MT_196,16375.0,-1.0507727663229312,False,False,1.0527065543918772,False
2011-06-20 00:30:00,MT_196,15708.3333333333,-1.1332963140725651,False,False,1.0021641126728182,False
2011-06-20 01:00:00,MT_196,14000.0,-1.3386272674661874,False,False,1.0068304188612847,False
2011-06-20 04:00:00,MT_196,11958.3333333333,-1.6244589534000147,False,False,0.994531080635794,False
2011-06-20 12:00:00,MT_196,31166.6666666667,0.7855390542549323,False,False,1.0723258893683207,False
2011-06-20 12:45:00,MT_196,34625.0,1.2640454744807914,False,False,1.0761461418599678,False
2011-06-20 13:00:00,MT_196,37250.0,1.6178790048213902,False,False,1.1225825649327261,False
2011-06-20 15:15:00,MT_196,37958.3333333333,1.5935277748260974,False,False,0.9949226618165347,False
2011-06-20 20:00:00,MT_196,34416.6666666667,0.9284815662499208,False,False,1.1310229565161076,False
2011-06-21 02:15:00,MT_196,14583.3333333333,-1.4775363209525838,False,False,1.116975238763147,False
2011-06-21 07:30:00,MT_196,23083.3333333333,-0.551625213437372,False,False,1.1522989952681697,False
2011-06-21 13:15:00,MT_196,37750.0,1.1758627360797385,False,False,1.0824673647016116,False
2011-06-21 15:30:00,MT_196,37500.0,1.1166123712210643,False,False,0.9794273602900122,False
2011-06-21 16:00:00,MT_196,39416.6666666667,1.3406747775655652,False,False,1.02452333089238,False
2011-06-21 16:30:00,MT_196,37791.6666666667,1.1415105862898174,False,False,0.9693636046099816,False
2011-06-21 22:45:00,MT_196,28208.3333333333,0.009035382296260224,False,False,1.125363906727445,False
2011-06-22 06:30:00,MT_196,18791.6666666667,-1.0379164798115625,False,False,1.064845141208264,False
2011-06-22 13:30:00,MT_196,35500.0,0.9210477262379366,False,False,1.0362464600940962,False
2011-06-22 23:30:00,MT_196,23958.3333333333,-0.3394035850143601,False,False,1.1331395637160595,False
2011-06-23 00:30:00,MT_196,13041.6666666667,-1.7419954180969244,False,False,1.1843825231633223,False
2011-06-23 01:15:00,MT_196,11833.3333333333,-1.8466631777998619,False,False,1.0202335628195238,False
2011-06-23 02:00:00,MT_196,11125.0,-1.8974931851808912,False,False,1.0358948925541156,False
2011-06-23 03:30:00,MT_196,11416.6666666667,-1.7908633842899933,False,False,1.003507349786438,False
2011-06-23 03:45:00,MT_196,11833.3333333333,-1.7295883432792358,False,False,1.0139414653839685,False
2011-06-23 08:15:00,MT_196,26666.6666666667,0.09650149735020319,False,False,1.1187215987211427,False
2011-06-23 10:45:00,MT_196,30750.0,0.5825094219446948,False,False,1.0873066575937922,False
2011-06-23 13:45:00,MT_196,34625.0,1.0294099195922777,False,False,0.9955145741224358,False
2011-06-23 14:30:00,MT_196,34958.3333333333,1.0604604920106837,False,False,0.981555008700518,False
2011-06-23 15:45:00,MT_196,39208.3333333333,1.5049387687525921,False,False,1.004816719607043,False
2011-06-23 21:15:00,MT_196,29333.3333333333,0.29428661716132687,False,False,1.0188691765784663,False
2011-06-23 23:30:00,MT_196,21541.6666666667,-0.5110447249237937,False,False,1.0974077667655102,False
2011-06-24 04:15:00,MT_196,11875.0,-1.5756370788712726,False,False,0.9888664785633293,False
2011-06-24 09:00:00,MT_196,31333.3333333333,0.5067397133729108,False,False,1.1538179147981384,False
2011-06-24 10:00:00,MT_196,30166.6666666667,0.366303353228118,False,False,1.0551353814554327,False
2011-06-24 10:30:00,MT_196,31625.0,0.5231434634291953,False,False,1.0882748417493362,False
2011-06-24 12:45:00,MT_196,39208.3333333333,1.3192337474493778,False,False,1.1607534224548464,False
2011-06-24 15:30:00,MT_196,41375.0,1.4053449706612136,False,False,1.1215134136923215,False
2011-06-24 16:15:00,MT_196,43541.6666666667,1.5991366957872493,False,False,1.1621289805322652,False
2011-06-24 19:15:00,MT_196,39375.0,1.0471056268267722,False,False,1.2186174951841773,False
2011-06-24 22:00:00,MT_196,31416.6666666667,0.24239684110936865,False,False,1.1960537109170377,False
2011-06-25 00:00:00,MT_196,22166.6666666667,-0.6535157538246104,False,False,1.2851830187922588,False
2011-06-25 01:45:00,MT_196,12458.3333333333,-1.564451044433067,False,False,1.0093407240856276,False
2011-06-25 11:00:00,MT_196,43083.3333333333,1.2202976310061795,False,False,1.4858055575631206,False
2011-06-25 12:30:00,MT_196,42125.0,1.0405424467163018,False,False,1.2583263331659884,False
2011-06-25 13:45:00,MT_196,44666.6666666667,1.2401705796687092,False,False,1.2791441355269866,False
2011-06-25 17:45:00,MT_196,27375.0,-0.25871613397492704,False,False,2.0193205140925943,False
2011-06-25 18:30:00,MT_196,35500.0,0.4454804604448193,False,False,1.253691831409336,False
2011-06-25 19:45:00,MT_196,37333.3333333333,0.6123644434931971,False,False,1.3378815697319841,False
2011-06-25 21:30:00,MT_196,32250.0,0.1889272101266648,False,False,1.2302372118777818,False
2011-06-25 22:15:00,MT_196,32625.0,0.21990118551442697,False,False,1.3749624260633129,False
2011-06-26 03:15:00,MT_196,12458.3333333333,-1.5336715053845145,False,False,1.062237403710153,False
2011-06-26 06:15:00,MT_196,20250.0,-0.8598103126230751,False,False,1.1287315904338735,False
2011-06-26 08:00:00,MT_196,22958.3333333333,-0.6184356851016907,False,False,1.2460883689335964,False
2011-06-26 12:45:00,MT_196,42875.0,1.0857741278054776,False,False,1.4620214059094074,False
2011-06-26 20:15:00,MT_196,32041.6666666667,0.11119077559552709,False,False,1.4177063813349609,False
2011-06-27 01:30:00,MT_196,14750.0,-1.361750216064399,False,False,1.084387261663685,False
2011-06-27 02:00:00,MT_196,13541.6666666667,-1.477338198006987,False,False,1.071660044165771,False
2011-06-27 13:15:00,MT_196,43375.0,1.337281710396799,False,False,1.381538559809344,False
2011-06-27 15:00:00,MT_196,43208.3333333333,1.3301534514683335,False,False,1.2226268911148672,False
2011-06-27 18:30:00,MT_196,41333.3333333333,1.1354412814976802,False,False,1.1006741877558994,False
2011-06-28 00:30:00,MT_196,16458.3333333333,-1.3234153858965814,False,False,1.1977993076389233,False
2011-06-28 08:30:00,MT_196,29541.6666666667,-0.039662408337769135,False,False,1.2099828024224786,False
2011-06-28 14:00:00,MT_196,38875.0,0.9422965653485429,False,False,1.0595382210631545,False
2011-06-28 21:00:00,MT_196,33875.0,0.5734980173969758,False,False,1.2738713756368274,False
2011-06-28 22:00:00,MT_196,30541.6666666667,0.2170089931699047,False,False,1.0897172015659575,False
2011-06-29 05:00:00,MT_196,16000.0,-1.345411441735135,False,False,1.1642473771457693,False
2011-06-29 07:15:00,MT_196,23375.0,-0.5502243893419835,False,False,1.2796292638332274,False
2011-06-29 07:45:00,MT_196,23583.3333333333,-0.528359957866792,False,False,1.187797458550542,False
2011-06-29 11:45:00,MT_196,32291.6666666667,0.4183275058277625,False,False,1.1159450782836327,False
2011-06-29 14:45:00,MT_196,38500.0,1.0938902421875052,False,False,1.0340873483245292,False
2011-06-29 16:45:00,MT_196,40375.0,1.3075448641555039,False,False,1.0443654286386037,False
2011-06-29 17:45:00,MT_196,41708.3333333333,1.4446480429121364,False,False,1.138505447452335,False
2011-06-29 19:30:00,MT_196,36208.3333333333,0.8196619083512721,False,False,1.2053338029951652,False
2011-06-30 00:00:00,MT_196,22958.3333333333,-0.6040026536119771,False,False,1.2344958813197549,False
2011-06-30 03:30:00,MT_196,12500.0,-1.6826475277953912,False,False,1.049595625312376,False
2011-06-30 04:45:00,MT_196,17166.6666666667,-1.1829324222135849,False,False,1.2550549920812528,False
2011-06-30 05:00:00,MT_196,15458.3333333333,-1.3578034081309736,False,False,1.1337004300631885,False
2011-06-30 05:30:00,MT_196,18416.6666666667,-1.0502715020809164,False,False,1.1835586171409966,False
2011-06-30 06:15:00,MT_196,19666.6666666667,-0.9186682720223273,False,False,1.1898294347325813,False
2011-06-30 18:30:00,MT_196,41250.0,1.3231560623623448,False,False,1.2018593772383963,False
2011-07-01 00:00:00,MT_196,23125.0,-0.5358164450619555,False,False,1.252409888138225,False
2011-07-01 02:00:00,MT_196,12250.0,-1.632648525876899,False,False,0.9883747259916102,False
2011-07-01 03:00:00,MT_196,12875.0,-1.5605749199563228,False,False,1.0531214550174275,False
2011-07-01 07:15:00,MT_196,23083.3333333333,-0.5360913345683533,False,False,1.1220987945792085,False
2011-07-01 09:15:00,MT_196,32458.3333333333,0.4012871523720096,False,False,1.2041426120894139,False
2011-07-01 16:15:00,MT_196,38833.3333333333,0.9380376817528339,False,False,1.1036358018825978,False
2011-07-01 18:00:00,MT_196,40833.3333333333,1.1590968779324122,False,False,1.1128111574583384,False
2011-07-01 22:45:00,MT_196,31083.3333333333,0.180363831804977,False,False,1.271475290366864,False
2011-07-01 23:00:00,MT_196,30916.6666666667,0.16263750016757456,False,False,1.3137162344487663,False
2011-07-02 06:00:00,MT_196,19333.3333333333,-1.0143527731256528,False,False,1.1742129608581482,False
2011-07-02 06:15:00,MT_196,19541.6666666667,-0.9933120381599047,False,False,1.1495959648428546,False
2011-07-02 11:45:00,MT_196,37083.3333333333,0.7614567147624257,False,False,1.183716126047498,False
2011-07-02 14:15:00,MT_196,39208.3333333333,0.9647658473076179,False,False,1.0861472714142058,False
2011-07-02 15:00:00,MT_196,39458.3333333333,0.9857977462943804,False,False,1.047742259915627,False
2011-07-02 17:15:00,MT_196,38833.3333333333,0.9468250381989695,False,False,1.0585598385832087,False
2011-07-02 18:30:00,MT_196,35541.6666666667,0.6385431141211849,False,False,1.140409203787307,False
2011-07-02 21:30:00,MT_196,30250.0,0.1535396667356246,False,False,1.1242252135004376,False
2011-07-03 08:45:00,MT_196,26416.6666666667,-0.2049858810000383,False,False,1.2532748542468528,False
2011-07-03 09:45:00,MT_196,31916.6666666667,0.38081967977799885,False,False,1.131331478445087,False
2011-07-03 10:15:00,MT_196,31500.0,0.3428652433840448,False,False,1.0920675742967332,False
2011-07-03 15:15:00,MT_196,29250.0,0.26206376980840845,False,False,1.0674505831922456,False
2011-07-03 18:15:00,MT_196,31500.0,0.7347645315350025,False,False,1.0525640543667372,False
2011-07-03 20:15:00,MT_196,28375.0,0.40653422049955273,False,False,1.0802396378683397,False
2011-07-03 21:45:00,MT_196,27041.6666666667,0.25585182765291536,False,False,1.0616807735129006,False
2011-07-03 22:30:00,MT_196,24125.0,-0.1502531935695184,False,False,1.1206857741547485,False
2011-07-03 23:30:00,MT_196,20833.3333333333,-0.5994412656927979,False,False,1.10988749861507,False
2011-07-04 00:30:00,MT_196,15166.6666666667,-1.3895700897117826,False,False,1.0574158598811225,False
2011-07-04 03:15:00,MT_196,12291.6666666667,-1.7821020797803195,False,False,1.2021725061045967,False
2011-07-04 13:30:00,MT_196,27833.3333333333,0.6577711797974765,False,False,1.085430999189602,False
2011-07-04 18:15:00,MT_196,35291.6666666667,1.4670330284171502,False,False,1.0091585315085858,False
2011-07-04 20:15:00,MT_196,31125.0,0.8179685702810507,False,False,1.049405841218611,False
2011-07-05 01:15:00,MT_196,13791.6666666667,-1.5107508166898003,False,False,1.0542242686229464,False
2011-07-05 01:30:00,MT_196,12500.0,-1.6815347540218095,False,False,1.0687138223555728,False
2011-07-05 04:00:00,MT_196,13583.3333333333,-1.5458838249007234,False,False,1.0189491272169209,False
2011-07-05 09:15:00,MT_196,30208.3333333333,0.6554544455660781,False,False,1.081252948248074,False
2011-07-05 10:30:00,MT_196,28416.6666666667,0.4211465939092458,False,False,1.0002051521867585,False
2011-07-05 12:15:00,MT_196,30625.0,0.6331887289230165,False,False,1.02426319258569,False
2011-07-05 14:00:00,MT_196,38000.0,1.3725834891501472,False,False,1.02621671950587,False
2011-07-05 17:30:00,MT_196,38500.0,1.3063617119056052,False,False,1.0314748269300598,False
2011-07-05 18:45:00,MT_196,36666.6666666667,1.0853643454092916,False,False,1.0790512390060722,False
2011-07-06 01:45:00,MT_196,9291.66666666667,-1.8959689389006258,False,False,1.0611889913210253,False
2011-07-06 04:15:00,MT_196,10958.3333333333,-1.6140078827146709,False,False,0.9662739793471837,False
2011-07-06 12:30:00,MT_196,29791.6666666667,0.359165169008733,False,False,1.0295382904308903,False
2011-07-06 12:45:00,MT_196,33416.6666666667,0.7326655448645992,False,False,1.0488159115999232,False
2011-07-06 13:45:00,MT_196,34083.3333333333,0.8400924450607397,False,False,1.0217614921386702,False
2011-07-06 15:30:00,MT_196,34875.0,0.9847781887969642,False,False,0.978974310829078,False
2011-07-06 16:45:00,MT_196,35625.0,1.1057339093439187,False,False,0.9825919485379805,False
2011-07-06 18:15:00,MT_196,35625.0,1.1370855655228054,False,False,1.0393659273987295,False
2011-07-06 22:30:00,MT_196,26291.6666666667,0.14039224608830553,False,False,1.0485826503308309,False
2011-07-06 23:30:00,MT_196,21083.3333333333,-0.4529002022400786,False,False,1.0621902834877435,False
2011-07-07 01:00:00,MT_196,10958.3333333333,-1.6077465710498802,False,False,0.9628294720177448,False
2011-07-07 02:15:00,MT_196,9000.0,-1.8082310397938972,False,False,1.0366950910767738,False
2011-07-07 03:00:00,MT_196,11208.3333333333,-1.5452186353260184,False,False,0.9817303995749361,False
2011-07-07 05:45:00,MT_196,16625.0,-0.8985266346856698,False,False,1.0194550796022002,False
2011-07-07 17:30:00,MT_196,32708.3333333333,1.1600398704613029,False,False,1.0396399667752516,False
2011-07-07 19:15:00,MT_196,30666.6666666667,0.9647526206900877,False,False,1.0276553537010027,False
2011-07-07 21:00:00,MT_196,27833.3333333333,0.6114175281217002,False,False,0.9757472393793905,False
2011-07-08 00:45:00,MT_196,13416.6666666667,-1.1630506454077787,False,False,1.000270717834828,False
2011-07-08 08:45:00,MT_196,25125.0,0.3072542859170267,False,False,1.029989457749796,False
2011-07-08 10:00:00,MT_196,26083.3333333333,0.4299291197534944,False,False,1.008317780272593,False
2011-07-08 13:30:00,MT_196,29666.6666666667,0.813242983890793,False,False,0.9979670334766053,False
2011-07-08 16:45:00,MT_196,30541.6666666667,0.9555824615275612,False,False,1.0244707066164223,False
2011-07-08 21:30:00,MT_196,27416.6666666667,0.5469856645857527,False,False,0.9970719993844605,False
2011-07-08 22:15:00,MT_196,27083.3333333333,0.49431779414201293,False,False,0.997207914329793,False
2011-07-09 04:30:00,MT_196,11541.6666666667,-1.6274376176218797,False,False,0.9803070143072841,False
2011-07-09 15:15:00,MT_196,38166.6666666667,1.5267457870515844,False,False,1.0181028842969078,False
2011-07-09 16:30:00,MT_196,36416.6666666667,1.2397407725116305,False,False,0.991801264379951,False
2011-07-09 17:00:00,MT_196,36583.3333333333,1.229930257501091,False,False,1.0019825152215982,False
2011-07-09 19:45:00,MT_196,32166.6666666667,0.6328587823756854,False,False,1.0535916135658132,False
2011-07-09 20:15:00,MT_196,30500.0,0.446290886157194,False,False,1.0109442965113888,False
2011-07-09 21:30:00,MT_196,29375.0,0.32257195645338016,False,False,1.0755511027936902,False
2011-07-10 00:00:00,MT_196,20833.3333333333,-0.604045444317423,False,False,1.1796885896444855,False
2011-07-10 13:00:00,MT_196,36333.3333333333,1.0585870675810591,False,False,1.1374697391948647,False
2011-07-10 14:15:00,MT_196,25458.3333333333,-0.05038496347694901,False,False,1.280192520060073,False
2011-07-10 17:30:00,MT_196,30666.6666666667,0.64642444616294,False,False,1.0214292707821586,False
2011-07-10 18:30:00,MT_196,31208.3333333333,0.7490702875134557,False,False,1.0625027302389045,False
2011-07-10 18:45:00,MT_196,28916.6666666667,0.4908120579417246,False,False,1.0201832215592792,False
2011-07-10 22:00:00,MT_196,25416.6666666667,0.16527158293834293,False,False,1.0375455811099752,False
2011-07-11 01:00:00,MT_196,14666.6666666667,-1.1127172141605501,False,False,1.0066106112885953,False
2011-07-11 05:45:00,MT_196,17125.0,-0.8357636805213432,False,False,0.9930055751733758,False
2011-07-11 12:15:00,MT_196,30416.6666666667,0.9166042247211239,False,False,1.0381784130991798,False
2011-07-11 16:15:00,MT_196,37125.0,1.4883052700950923,False,False,0.9727028670604491,False
2011-07-11 18:15:00,MT_196,37500.0,1.3677168678058618,False,False,1.0156848940825425,False
2011-07-12 08:45:00,MT_196,29875.0,0.40335947889732265,False,False,1.094552790721041,False
2011-07-12 10:15:00,MT_196,29791.6666666667,0.38862388004368836,False,False,1.0251714936453749,False
2011-07-12 11:00:00,MT_196,28833.3333333333,0.2824470912103707,False,False,1.0174030887345384,False
2011-07-12 18:30:00,MT_196,34041.6666666667,1.0019366407069248,False,False,1.0534661621496977,False
2011-07-12 21:30:00,MT_196,27458.3333333333,0.27077459574219176,False,False,1.0015047144710927,False
2011-07-12 23:00:00,MT_196,25250.0,0.01578757548118893,False,False,1.0689382015344506,False
2011-07-12 23:30:00,MT_196,21958.3333333333,-0.366904951722224,False,False,1.116616328929022,False
2011-07-13 03:15:00,MT_196,10375.0,-1.7006533205730687,False,False,0.9837161309454568,False
2011-07-13 03:30:00,MT_196,9541.66666666667,-1.7958636906523946,False,False,0.9934871508749067,False
2011-07-13 10:30:00,MT_196,27250.0,0.30159893447994696,False,False,1.0174532775182583,False
2011-07-13 12:15:00,MT_196,30041.6666666667,0.6262778504988359,False,False,1.0138205174444612,False
2011-07-13 18:00:00,MT_196,38500.0,1.4129549071883407,False,False,1.0550198455865314,False
2011-07-13 21:30:00,MT_196,29666.6666666667,0.4238298694850412,False,False,1.1095350733331817,False
2011-07-14 00:00:00,MT_196,20250.0,-0.5576922082299395,False,False,1.0826425701340785,False
2011-07-14 02:30:00,MT_196,10083.3333333333,-1.6208977409452203,False,False,0.992818070165818,False
2011-07-14 03:00:00,MT_196,10416.6666666667,-1.588008145915297,False,False,0.9734451796277698,False
2011-07-14 03:15:00,MT_196,9791.66666666667,-1.6506805851690316,False,False,0.961327759288716,False
2011-07-14 03:45:00,MT_196,10500.0,-1.5805118098716822,False,False,0.9630663248160959,False
2011-07-14 04:15:00,MT_196,10958.3333333333,-1.5320752511886684,False,False,0.9910184690560067,False
2011-07-14 04:45:00,MT_196,12666.6666666667,-1.3552191813897103,False,False,0.9886817438640129,False
2011-07-14 14:45:00,MT_196,38208.3333333333,1.2038652818464415,False,False,1.0006551940152364,False
2011-07-14 16:45:00,MT_196,38958.3333333333,1.2645349853051233,False,False,1.025696156068883,False
2011-07-14 21:00:00,MT_196,32250.0,0.5872086352051872,False,False,1.1177043887134617,False
2011-07-14 22:15:00,MT_196,29833.3333333333,0.3350267065220793,False,False,1.0854798567216084,False
2011-07-15 01:30:00,MT_196,10833.3333333333,-1.5474420575894559,False,False,0.9686142717930155,False
2011-07-15 06:45:00,MT_196,20333.3333333333,-0.6025490753386428,False,False,1.0251410208913816,False
2011-07-15 09:30:00,MT_196,30041.6666666667,0.36464128621768727,False,False,1.0645157295681154,False
2011-07-15 11:00:00,MT_196,30708.3333333333,0.4271812662402251,False,False,1.0625790404631565,False
2011-07-15 13:00:00,MT_196,35375.0,0.8650523499613154,False,False,1.0709904293979788,False
2011-07-15 14:45:00,MT_196,33250.0,0.6996333668591477,False,False,1.0408261327339434,False
2011-07-15 23:00:00,MT_196,28375.0,0.27920606743300636,False,False,1.1127984530907926,False
2011-07-16 02:45:00,MT_196,11541.6666666667,-1.5798056458426522,False,False,0.9999401266789096,False
2011-07-16 03:30:00,MT_196,10583.3333333333,-1.6899134758623762,False,False,0.9708870540904113,False
2011-07-16 05:30:00,MT_196,19458.3333333333,-0.739824147808616,False,False,1.1300555334497009,False
2011-07-16 14:15:00,MT_196,37000.0,1.077587231798728,False,False,1.0307228524456622,False
2011-07-16 14:30:00,MT_196,36000.0,0.9646981804648527,False,False,1.0114260378659228,False
2011-07-16 19:00:00,MT_196,38333.3333333333,1.0639141500511033,False,False,1.1363734829493377,False
2011-07-16 23:45:00,MT_196,23041.6666666667,-0.42480216709607077,False,False,1.2215688697519473,False
2011-07-17 10:45:00,MT_196,33375.0,0.5969927995373275,False,False,1.0472441488150361,False
2011-07-17 16:45:00,MT_196,30250.0,0.5247412337183923,False,False,1.05122862385384,False
2011-07-17 22:30:00,MT_196,24250.0,0.04681228133465968,False,False,1.07652300180033,False
2011-07-18 03:45:00,MT_196,12041.6666666667,-1.5377675615040398,False,False,1.0077589665751252,False
2011-07-18 04:15:00,MT_196,10916.6666666667,-1.6874928336885695,False,False,0.9832667803660389,False
2011-07-18 09:15:00,MT_196,29125.0,0.7184711044568265,False,False,1.1019984091485033,False
2011-07-18 10:15:00,MT_196,27000.0,0.4648224823501687,False,False,1.0054844828938767,False
2011-07-18 15:30:00,MT_196,31708.3333333333,1.1436664684521927,False,False,1.0107182528939738,False
2011-07-18 17:45:00,MT_196,33625.0,1.2882599914276913,False,False,1.0159201697283364,False
2011-07-18 20:30:00,MT_196,25583.3333333333,0.21175360172149105,False,False,1.0518496919271871,False
2011-07-19 01:30:00,MT_196,12833.3333333333,-1.4357000766145114,False,False,1.0239425491613146,False
2011-07-19 02:15:00,MT_196,11708.3333333333,-1.5594138063415812,False,False,1.0278089836078783,False
2011-07-19 04:00:00,MT_196,11625.0,-1.5744086871952006,False,False,0.9743818061666606,False
2011-07-19 05:30:00,MT_196,13916.6666666667,-1.2960691424604054,False,False,1.0109258795547225,False
2011-07-19 06:30:00,MT_196,20000.0,-0.5462783354326173,False,False,1.0274186134171264,False
2011-07-19 06:45:00,MT_196,22291.6666666667,-0.2588499659746118,False,False,1.134637881126654,False
2011-07-19 07:15:00,MT_196,19958.3333333333,-0.5590542135225802,False,False,0.9979464823635703,False
2011-07-19 07:30:00,MT_196,22500.0,-0.2370661790490256,False,False,1.0955255124889507,False
2011-07-19 13:15:00,MT_196,35041.6666666667,1.2805424535081968,False,False,1.0309326850678426,False
2011-07-19 18:30:00,MT_196,35583.3333333333,1.1974907439016598,False,False,1.041926739237257,False
2011-07-19 18:45:00,MT_196,38375.0,1.510853636558545,False,False,1.1520265127196332,False
2011-07-19 22:30:00,MT_196,25333.3333333333,-0.028881502259356366,False,False,1.0230124871681678,False
2011-07-20 09:30:00,MT_196,28000.0,0.27976839894692307,False,False,1.0809772175914811,False
2011-07-20 12:00:00,MT_196,28875.0,0.35524547855089056,False,False,1.0221101912003538,False
2011-07-20 13:30:00,MT_196,39750.0,1.533480780983543,False,False,1.1422969902825848,False
2011-07-20 14:00:00,MT_196,36583.3333333333,1.163149030196257,False,False,1.0326619317967562,False
2011-07-20 15:30:00,MT_196,38291.6666666667,1.3076534440604761,False,False,1.0048685073074055,False
2011-07-20 16:30:00,MT_196,40208.3333333333,1.4813613352140065,False,False,1.0518270870168864,False
2011-07-20 16:45:00,MT_196,40625.0,1.514503385140826,False,False,1.078132893832723,False
2011-07-20 19:30:00,MT_196,34750.0,0.8349683078860175,False,False,1.1750539656005292,False
2011-07-20 21:00:00,MT_196,31166.6666666667,0.4637315771845416,False,False,1.154531982988961,False
2011-07-21 03:30:00,MT_196,11000.0,-1.5521128610997206,False,False,0.9666960693254647,False
2011-07-21 04:30:00,MT_196,10875.0,-1.5729386236211627,False,False,1.01005030169089,False
2011-07-21 16:15:00,MT_196,36541.6666666667,1.013817997864391,False,False,0.9714526466937005,False
2011-07-21 17:30:00,MT_196,37500.0,1.1412419735887105,False,False,1.033131750880332,False
2011-07-21 17:45:00,MT_196,37625.0,1.1561037804086118,False,False,1.0472017324826008,False
2011-07-21 21:00:00,MT_196,31291.6666666667,0.5224473813719457,False,False,1.066210015185221,False
2011-07-21 23:30:00,MT_196,23166.6666666667,-0.3235461962922171,False,False,1.099172252311571,False
2011-07-22 00:15:00,MT_196,15666.6666666667,-1.1052162026319703,False,False,1.023937080205748,False
2011-07-22 09:30:00,MT_196,27083.3333333333,0.10388035177873123,False,False,1.0409998858313894,False
2011-07-22 10:00:00,MT_196,27625.0,0.16424656033337232,False,False,1.04832136020209,False
2011-07-22 15:15:00,MT_196,32708.3333333333,0.7654992804803437,False,False,1.028874594483467,False
2011-07-22 19:30:00,MT_196,36958.3333333333,1.3098424065310128,False,False,1.1905924027564796,False
2011-07-22 19:45:00,MT_196,36875.0,1.2903159338524088,False,False,1.245561995882398,False
2011-07-23 02:30:00,MT_196,10250.0,-1.736534607003937,False,False,0.9814937899578933,False
2011-07-23 09:00:00,MT_196,28541.6666666667,0.3115591990023639,False,False,1.0139982316971392,False
2011-07-23 15:30:00,MT_196,37375.0,1.053979280596431,False,False,1.0008542970089875,False
2011-07-24 04:00:00,MT_196,12958.3333333333,-1.4738129365986377,False,False,1.0908531053327621,False
2011-07-24 04:15:00,MT_196,11541.6666666667,-1.6159568610338495,False,False,0.9894724466517695,False
2011-07-24 09:30:00,MT_196,33041.6666666667,0.4923621053408299,False,False,1.1758326636664302,False
2011-07-24 12:30:00,MT_196,37125.0,0.8735025531955932,False,False,1.1489249914888606,False
2011-07-24 16:15:00,MT_196,35708.3333333333,0.8337187931150034,False,False,1.1804832824924014,False
2011-07-24 21:30:00,MT_196,26541.6666666667,-0.02326994557187267,False,False,1.0970727617205764,False
2011-07-24 22:30:00,MT_196,24458.3333333333,-0.22841042817391669,False,False,1.1440477505896136,False
2011-07-24 22:45:00,MT_196,23208.3333333333,-0.35841076976442504,False,False,1.1404523046889246,False
2011-07-25 00:00:00,MT_196,17375.0,-0.9516546586618546,False,False,1.140116518378714,False
2011-07-25 05:30:00,MT_196,17625.0,-0.9529231242246773,False,False,1.0403493162089497,False
2011-07-25 07:45:00,MT_196,23666.6666666667,-0.2989618342339486,False,False,1.1621160568593942,False
2011-07-25 09:15:00,MT_196,34333.3333333333,0.8524839437431884,False,False,1.5040605080232505,False
2011-07-25 13:30:00,MT_196,41208.3333333333,1.657930731572611,False,False,1.2402755728413084,False
2011-07-25 17:45:00,MT_196,41458.3333333333,1.3963201543667816,False,False,1.0569183777036653,False
2011-07-25 19:30:00,MT_196,36375.0,0.8140011496697088,False,False,1.136451587769022,False
2011-07-25 20:00:00,MT_196,35583.3333333333,0.7276123586527673,False,False,1.181247649041949,False
2011-07-26 03:00:00,MT_196,12458.3333333333,-1.5748542878283283,False,False,1.025215790312494,False
2011-07-26 03:15:00,MT_196,11291.6666666667,-1.6869667308282033,False,False,0.9820436742733741,False
2011-07-26 05:15:00,MT_196,15125.0,-1.2763578240783757,False,False,1.0008017674611072,False
2011-07-26 06:30:00,MT_196,18625.0,-0.947488820950362,False,False,1.025563831573972,False
2011-07-26 09:00:00,MT_196,34625.0,0.5750046935734441,False,False,1.4723532657287293,False
2011-07-26 11:15:00,MT_196,34708.3333333333,0.5684519721874914,False,False,1.2565050321473408,False
2011-07-26 11:45:00,MT_196,35291.6666666667,0.6196419930826095,False,False,1.2236640328813102,False
2011-07-26 12:45:00,MT_196,40416.6666666667,1.0824109274013252,False,False,1.2199537048435112,False
2011-07-26 18:15:00,MT_196,42041.6666666667,1.1539316155042014,False,False,1.238797227444752,False
2011-07-27 02:30:00,MT_196,12166.6666666667,-1.5146172498631085,False,False,0.9979512008218577,False
2011-07-27 03:45:00,MT_196,11708.3333333333,-1.562048423947672,False,False,1.0100501158119235,False
2011-07-27 06:30:00,MT_196,18875.0,-0.9365753516959081,False,False,1.0280615205622037,False
2011-07-27 07:45:00,MT_196,23625.0,-0.5157577673054736,False,False,1.1888319357188133,False
2011-07-27 16:00:00,MT_196,42916.6666666667,1.246675886429899,False,False,1.1435298880645992,False
2011-07-27 18:15:00,MT_196,41541.6666666667,1.1263987831557642,False,False,1.1622223550352846,False
2011-07-27 20:00:00,MT_196,39791.6666666667,0.9454024476604698,False,False,1.3393858230865956,False
2011-07-27 21:45:00,MT_196,29541.6666666667,0.03526450225592273,False,False,1.1238161710337065,False
2011-07-28 10:15:00,MT_196,35833.3333333333,0.622670996793732,False,False,1.404550361514348,False
2011-07-28 13:45:00,MT_196,42250.0,1.124067108491111,False,False,1.1622258142288249,False
2011-07-28 23:45:00,MT_196,18375.0,-0.9228002988975841,False,False,1.1202918677250553,False
2011-07-29 01:00:00,MT_196,15083.3333333333,-1.1803674774065003,False,False,1.038137547285634,False
2011-07-29 13:15:00,MT_196,44083.3333333333,1.1390756204256267,False,False,1.3239799777374361,False
2011-07-29 15:45:00,MT_196,46375.0,1.2929987619924137,False,False,1.240193851230263,False
2011-07-29 17:45:00,MT_196,42500.0,0.9761957459765147,False,False,1.140190345599616,False
2011-07-29 18:15:00,MT_196,45625.0,1.2221503843547572,False,False,1.2424045225581002,False
2011-07-29 18:30:00,MT_196,45166.6666666667,1.1819074103127825,False,False,1.2491637642527014,False
2011-07-29 20:30:00,MT_196,30833.3333333333,0.060175658670633174,False,False,1.2614877106523041,False
2011-07-29 21:00:00,MT_196,35541.6666666667,0.4390185712477202,False,False,1.47326731047902,False
2011-07-30 06:30:00,MT_196,17875.0,-0.9541125268654528,False,False,1.0476238819436359,False
2011-07-30 08:15:00,MT_196,20833.3333333333,-0.7147462720589031,False,False,1.1407356654886538,False
2011-07-30 11:45:00,MT_196,36208.3333333333,0.5384875650210336,False,False,1.2121382009775674,False
2011-07-30 15:15:00,MT_196,40416.6666666667,0.9240439730164539,False,False,1.0756225380266913,False
2011-07-30 16:00:00,MT_196,43958.3333333333,1.229002735205064,False,False,1.1787460667938618,False
2011-07-30 16:30:00,MT_196,42375.0,1.095354089287065,False,False,1.1042000915973649,False
2011-07-30 17:30:00,MT_196,44083.3333333333,1.238665347466993,False,False,1.264277735143936,False
2011-07-30 18:15:00,MT_196,41791.6666666667,1.0515120902176334,False,False,1.194442388662502,False
2011-07-30 19:00:00,MT_196,42250.0,1.0997260453057909,False,False,1.2726390689067342,False
2011-07-30 21:00:00,MT_196,31708.3333333333,0.22631310871346966,False,False,1.1255218026075857,False
2011-07-31 05:15:00,MT_196,14333.3333333333,-1.230943367509706,False,False,1.0276988600311638,False
2011-07-31 12:00:00,MT_196,40208.3333333333,0.9188641359403383,False,False,1.3829728216570072,False
2011-07-31 13:15:00,MT_196,39875.0,0.8827023435577206,False,False,1.383047921131405,False
2011-07-31 15:00:00,MT_196,36958.3333333333,0.6879334046725657,False,False,1.2652813088511197,False
2011-07-31 15:15:00,MT_196,34000.0,0.4431614246629446,False,False,1.207962832281721,False
2011-07-31 20:45:00,MT_196,29291.6666666667,0.18451567060446827,False,False,1.1616419099860604,False
2011-08-01 02:30:00,MT_196,10625.0,-1.5579761348501908,False,False,0.9966717378707228,False
2011-08-01 06:00:00,MT_196,16625.0,-0.9808477182225265,False,False,0.969605445417875,False
2011-08-01 07:15:00,MT_196,18875.0,-0.7603047130344512,False,False,1.0566904848126861,False
2011-08-01 12:00:00,MT_196,32750.0,0.6350248490659435,False,False,1.2065558983620948,False
2011-08-01 17:00:00,MT_196,37208.3333333333,1.2692202224858211,False,False,0.9802467006877852,False
2011-08-01 18:30:00,MT_196,36833.3333333333,1.2160037571850304,False,False,1.0301825310682151,False
2011-08-01 19:30:00,MT_196,35625.0,1.0900020136711241,False,False,1.0769177521961062,False
2011-08-02 00:15:00,MT_196,14458.3333333333,-1.254881071450868,False,False,0.9948590528760708,False
2011-08-02 01:15:00,MT_196,11583.3333333333,-1.5612443513330496,False,False,1.0342237075981717,False
2011-08-02 04:15:00,MT_196,11583.3333333333,-1.5450968196006811,False,False,0.9732029637815054,False
2011-08-02 05:00:00,MT_196,11541.6666666667,-1.549944817942514,False,False,1.0262572546462752,False
2011-08-02 09:45:00,MT_196,28541.6666666667,0.25707017976973934,False,False,1.0266423221774148,False
2011-08-02 11:30:00,MT_196,29875.0,0.4085593644576503,False,False,1.0381074688292315,False
2011-08-02 12:15:00,MT_196,28833.3333333333,0.30107381414890777,False,False,1.0684393321115848,False
2011-08-02 15:00:00,MT_196,33666.6666666667,0.851472568992625,False,False,1.0243991138790987,False
2011-08-02 20:15:00,MT_196,31791.6666666667,0.7460916375231874,False,False,1.1144214295376973,False
2011-08-02 21:00:00,MT_196,30083.3333333333,0.5469929332966361,False,False,1.0364521746895778,False
2011-08-03 02:00:00,MT_196,11208.3333333333,-1.6546034340093432,False,False,0.9693632804067813,False
2011-08-03 06:00:00,MT_196,16250.0,-1.06270386409211,False,False,0.9985050030153764,False
2011-08-03 12:30:00,MT_196,35500.0,1.1288334254827406,False,False,1.107640788356925,False
2011-08-03 15:15:00,MT_196,39083.3333333333,1.323378635475692,False,False,1.0292762335920271,False
2011-08-03 21:30:00,MT_196,30375.0,0.2464904554051926,False,False,1.1656648612756082,False
2011-08-04 02:30:00,MT_196,10291.6666666667,-1.592829791862825,False,False,0.9884807411879882,False
2011-08-04 03:00:00,MT_196,11458.3333333333,-1.480049634866486,False,False,0.9954550053601114,False
2011-08-04 05:00:00,MT_196,12375.0,-1.3877840677660616,False,False,0.9882856444516187,False
2011-08-04 08:30:00,MT_196,23541.6666666667,-0.3735923753229341,False,False,1.0771676143818882,False
2011-08-04 10:15:00,MT_196,27875.0,0.013647548640133095,False,False,1.0815458163291287,False
2011-08-04 11:30:00,MT_196,38333.3333333333,0.9532816493857759,False,False,1.2356613458202028,False
2011-08-04 12:00:00,MT_196,38375.0,0.9458255301921625,False,False,1.1754027643290081,False
2011-08-04 13:00:00,MT_196,40916.6666666667,1.146468912967046,False,False,1.133694862059402,False
2011-08-04 13:30:00,MT_196,40208.3333333333,1.0738861500732626,False,False,1.0809578770919248,False
2011-08-04 14:45:00,MT_196,41875.0,1.2221804902516122,False,False,1.0906376875660784,False
2011-08-04 15:45:00,MT_196,41375.0,1.1506648651358389,False,False,1.0619623658239925,False
2011-08-04 18:15:00,MT_196,39708.3333333333,0.9917603498251631,False,False,1.1408842372323005,False
2011-08-04 19:00:00,MT_196,41041.6666666667,1.105336404044156,False,False,1.2728543865603457,False
2011-08-04 19:15:00,MT_196,40625.0,1.071737706932603,False,False,1.313649049137643,False
2011-08-04 20:15:00,MT_196,32208.3333333333,0.3504385368443236,False,False,1.0769454904500895,False
2011-08-04 20:30:00,MT_196,28500.0,0.02878137979536552,False,False,1.049484624955404,False
2011-08-05 00:15:00,MT_196,14416.6666666667,-1.2046090827056912,False,False,1.0224529504700697,False
2011-08-05 02:00:00,MT_196,11916.6666666667,-1.4320993310215453,False,False,0.9945152274009772,False
2011-08-05 06:45:00,MT_196,21000.0,-0.6621873359081631,False,False,1.0665716885316237,False
2011-08-05 09:00:00,MT_196,30708.3333333333,0.19112311839874577,False,False,1.1397640538309501,False
2011-08-05 10:45:00,MT_196,31875.0,0.2928691614795101,False,False,1.1454651216928171,False
2011-08-05 12:30:00,MT_196,38916.6666666667,0.9261155580022316,False,False,1.2098382031712045,False
2011-08-05 16:30:00,MT_196,41416.6666666667,1.1954375231977046,False,False,1.128788976149622,False
2011-08-05 19:30:00,MT_196,38000.0,0.9190105201380866,False,False,1.2707588649789499,False
2011-08-05 23:00:00,MT_196,26958.3333333333,-0.061473324486911625,False,False,1.157069570105421,False
2011-08-06 01:45:00,MT_196,12041.6666666667,-1.445181049405922,False,False,1.0064597192999412,False
2011-08-06 05:00:00,MT_196,11250.0,-1.4800638554817644,False,False,1.0121025940063322,False
2011-08-06 08:45:00,MT_196,29166.6666666667,0.1668072840473778,False,False,1.092979502565709,False
2011-08-06 13:00:00,MT_196,32333.3333333333,0.5102772685090865,False,False,1.0923922933167816,False
2011-08-06 21:00:00,MT_196,29375.0,0.4260138780654691,False,False,1.0251114195668476,False
2011-08-07 06:45:00,MT_196,18125.0,-0.8933212957433717,False,False,1.0053976612498126,False
2011-08-07 07:15:00,MT_196,18291.6666666667,-0.8674096474280355,False,False,1.0182402440283482,False
2011-08-07 09:30:00,MT_196,28583.3333333333,0.3824121525771002,False,False,1.0448598164979515,False
2011-08-07 13:00:00,MT_196,36333.3333333333,1.275831710497297,False,False,1.165603549626922,False
2011-08-07 19:30:00,MT_196,29000.0,0.5442280744296751,False,False,1.0459637399765345,False
2011-08-07 20:00:00,MT_196,28000.0,0.4344571248998691,False,False,1.0536550823811532,False
2011-08-07 20:30:00,MT_196,26875.0,0.3054911199478807,False,False,1.0495273561789027,False
2011-08-07 22:45:00,MT_196,22125.0,-0.2722887907643571,False,False,1.0491333633957685,False
2011-08-08 06:15:00,MT_196,15750.0,-1.1015968059798087,False,False,1.0144636367895306,False
2011-08-08 11:00:00,MT_196,34125.0,1.312993862643343,False,False,1.2634122876081375,False
2011-08-08 11:45:00,MT_196,34791.6666666667,1.3860696482924222,False,False,1.1863630230587818,False
2011-08-08 12:00:00,MT_196,36000.0,1.539162194623228,False,False,1.197506184991718,False
2011-08-08 20:00:00,MT_196,39916.6666666667,1.19841819666502,False,False,1.2607875710618934,False
2011-08-08 22:15:00,MT_196,26333.3333333333,-0.12293555705199867,False,False,1.2148194574084887,False
2011-08-09 00:30:00,MT_196,15291.6666666667,-1.2072023656011026,False,False,1.0164399675192997,False
2011-08-09 03:00:00,MT_196,11250.0,-1.5281824886552993,False,False,0.9985874816797751,False
2011-08-09 04:30:00,MT_196,12333.3333333333,-1.385145450279683,False,False,1.0062880356855293,False
2011-08-09 05:15:00,MT_196,13625.0,-1.2376378121455818,False,False,1.0036288728108398,False
2011-08-09 08:00:00,MT_196,22500.0,-0.47052545475926666,False,False,1.1215569700244228,False
2011-08-09 09:15:00,MT_196,29000.0,0.11072776319409222,False,False,1.0667104652943051,False
2011-08-09 14:15:00,MT_196,39958.3333333333,1.0535862035039338,False,False,1.0539182580059707,False
2011-08-09 15:30:00,MT_196,40333.3333333333,1.077888006756153,False,False,1.0534857565113078,False
2011-08-09 18:30:00,MT_196,43291.6666666667,1.2886215221328203,False,False,1.3493091913495965,False
2011-08-10 00:15:00,MT_196,13625.0,-1.2567899992601903,False,False,0.9995745728472688,False
2011-08-10 01:45:00,MT_196,12916.6666666667,-1.3160242876640393,False,False,1.040511281519044,False
2011-08-10 10:15:00,MT_196,26916.6666666667,-0.12932177039833573,False,False,1.098251008530697,False
2011-08-10 11:00:00,MT_196,38166.6666666667,0.8316345262930889,False,False,1.5394996353339496,False
2011-08-10 13:45:00,MT_196,45375.0,1.4223716634369814,False,False,1.4449311872104482,False
2011-08-10 16:00:00,MT_196,46208.3333333333,1.4847521331124938,False,False,1.4071661905500328,False
2011-08-10 16:30:00,MT_196,44875.0,1.354093335134382,False,False,1.2986261626232956,False
2011-08-10 17:15:00,MT_196,45833.3333333333,1.420058452791696,False,False,1.4040192547436574,False
2011-08-10 18:15:00,MT_196,40500.0,0.9629086114725985,False,False,1.1277634634200409,False
2011-08-11 00:00:00,MT_196,19750.0,-0.7564667348303341,False,False,1.1385556887788395,False
2011-08-11 04:30:00,MT_196,12416.6666666667,-1.3616895882077245,False,False,0.9971635096092332,False
2011-08-11 05:30:00,MT_196,19791.6666666667,-0.7668114809750904,False,False,1.1976978366034197,False
2011-08-11 08:45:00,MT_196,29625.0,0.04764950908261285,False,False,1.2441552199731234,False
2011-08-11 10:30:00,MT_196,33833.3333333333,0.36933976910575567,False,False,1.2788848852106733,False
2011-08-11 17:45:00,MT_196,45958.3333333333,1.2052604587782525,False,False,1.2772968083406215,False
2011-08-12 02:15:00,MT_196,11750.0,-1.4636661085106715,False,False,0.9995683618209836,False
2011-08-12 02:45:00,MT_196,10833.3333333333,-1.540192155857179,False,False,0.982242354523396,False
2011-08-12 03:45:00,MT_196,11791.6666666667,-1.471617945247444,False,False,0.9971106740553742,False
2011-08-12 04:45:00,MT_196,11375.0,-1.509323927063758,False,False,1.020549507363524,False
2011-08-12 07:30:00,MT_196,21000.0,-0.7558380522701037,False,False,1.0782654860899514,False
2011-08-12 10:00:00,MT_196,33333.3333333333,0.1893565297747319,False,False,1.2725786529833023,False
2011-08-12 12:00:00,MT_196,47125.0,1.2542085509021665,False,False,1.5173683187495364,False
2011-08-12 12:15:00,MT_196,45416.6666666667,1.1199648661468924,False,False,1.4305067472762771,False
2011-08-12 13:15:00,MT_196,47375.0,1.2565800192556147,False,False,1.4177209606725898,False
2011-08-12 14:30:00,MT_196,43416.6666666667,0.9524316506494577,False,False,1.2339058829996057,False
2011-08-12 19:30:00,MT_196,45541.6666666667,1.1548000356399437,False,False,1.271059214904163,False
2011-08-12 19:45:00,MT_196,44708.3333333333,1.086836129777531,False,False,1.307247751800074,False
2011-08-12 21:15:00,MT_196,31000.0,0.016044512202425528,False,False,1.2290969619873429,False
2011-08-12 21:30:00,MT_196,31750.0,0.07595623917434993,False,False,1.264822818035214,False
2011-08-12 22:30:00,MT_196,28416.6666666667,-0.18134221381073518,False,False,1.1985805701540948,False
2011-08-13 04:15:00,MT_196,11083.3333333333,-1.5257729515698464,False,False,0.9799144708039375,False
2011-08-13 07:30:00,MT_196,19833.3333333333,-0.8167028338247372,False,False,1.1285542932011516,False
2011-08-13 10:15:00,MT_196,33000.0,0.20865848322555822,False,False,1.161312359238656,False
2011-08-13 13:45:00,MT_196,39291.6666666667,0.8267027354056732,False,False,1.0929413071799792,False
2011-08-13 14:15:00,MT_196,40250.0,0.9290457379126278,False,False,1.0973384885375939,False
2011-08-13 17:15:00,MT_196,41916.6666666667,1.1307855248865861,False,False,1.125265899467198,False
2011-08-14 02:00:00,MT_196,10166.6666666667,-1.6054241362605528,False,False,0.9675955714669702,False
2011-08-14 02:45:00,MT_196,11583.3333333333,-1.4767369634833036,False,False,1.0625274600825914,False
2011-08-14 16:15:00,MT_196,35583.3333333333,0.7909564430014545,False,False,1.1708869860303641,False
2011-08-14 20:45:00,MT_196,29875.0,0.41355577900764046,False,False,1.1447226810563382,False
2011-08-15 04:15:00,MT_196,11250.0,-1.5305065252053935,False,False,0.9826496379561078,False
2011-08-15 04:30:00,MT_196,11416.6666666667,-1.5105717489489854,False,False,1.0017154745929855,False
2011-08-15 06:45:00,MT_196,19666.6666666667,-0.622434087629333,False,False,1.0693767568511223,False
2011-08-15 07:45:00,MT_196,22791.6666666667,-0.29690028531627594,False,False,1.1104800305465974,False
2011-08-15 08:15:00,MT_196,23791.6666666667,-0.1868287791628172,False,False,1.1215201772003514,False
2011-08-15 11:00:00,MT_196,38333.3333333333,1.3556736857233973,False,False,1.429041415640948,False
2011-08-16 00:15:00,MT_196,14500.0,-1.2077983314771474,False,False,0.9917040993344207,False
2011-08-16 03:30:00,MT_196,12291.6666666667,-1.4031794411209346,False,False,1.0111745807054382,False
2011-08-16 05:00:00,MT_196,11583.3333333333,-1.469475134083582,False,False,1.0144588164943449,False
2011-08-16 05:45:00,MT_196,19416.6666666667,-0.8117353783000882,False,False,1.0689900263561403,False
2011-08-16 06:45:00,MT_196,20166.6666666667,-0.7430625051958458,False,False,1.0218893069484847,False
2011-08-16 08:15:00,MT_196,22708.3333333333,-0.5270632941512501,False,False,1.1431028496346234,False
2011-08-16 15:00:00,MT_196,43375.0,1.1957417184699657,False,False,1.174439951346436,False
2011-08-16 15:15:00,MT_196,42750.0,1.145652358428735,False,False,1.1481965810512296,False
2011-08-16 16:45:00,MT_196,44083.3333333333,1.2407969579074671,False,False,1.2248203362235568,False
2011-08-16 17:45:00,MT_196,42416.6666666667,1.1061255038505824,False,False,1.168273379420164,False
2011-08-16 18:45:00,MT_196,39958.3333333333,0.8987136121162743,False,False,1.2076627940724258,False
2011-08-16 20:45:00,MT_196,29166.6666666667,0.017046083548539856,False,False,1.0797795246029664,False
2011-08-17 21:30:00,MT_196,29750.0,0.1689311084211355,False,False,1.1220588013171957,False
2011-08-17 22:15:00,MT_196,28541.6666666667,0.054477991333302805,False,False,1.0941366120295026,False
2011-08-18 02:15:00,MT_196,11833.3333333333,-1.50007116771391,False,False,1.0351057421397931,False
2011-08-18 04:15:00,MT_196,10916.6666666667,-1.5788532198217329,False,False,0.9893444342361201,False
2011-08-18 07:45:00,MT_196,23208.3333333333,-0.41361749673391096,False,False,1.1221610009471688,False
2011-08-18 18:00:00,MT_196,41541.6666666667,1.1156428724184044,False,False,1.1641352950293904,False
2011-08-18 19:15:00,MT_196,41791.6666666667,1.116543953584292,False,False,1.298572517937386,False
2011-08-18 21:00:00,MT_196,32250.0,0.3102792274076114,False,False,1.1014834566660494,False
2011-08-18 21:15:00,MT_196,28875.0,0.02427504624099823,False,False,1.0575753775840029,False
2011-08-18 23:45:00,MT_196,22375.0,-0.5309154554620434,False,False,1.1366910098093836,False
2011-08-19 00:15:00,MT_196,18250.0,-0.8835054732904123,False,False,1.0582585441139507,False
2011-08-19 00:45:00,MT_196,16125.0,-1.076898998867201,False,False,1.053970400649398,False
2011-08-19 04:15:00,MT_196,11375.0,-1.4922516717053107,False,False,0.9819095035441265,False
2011-08-19 05:15:00,MT_196,14750.0,-1.1995000280190755,False,False,1.0254573638901232,False
2011-08-19 17:15:00,MT_196,45458.3333333333,1.2523115761352521,False,False,1.1903656063724644,False
2011-08-19 18:30:00,MT_196,47041.6666666667,1.3554217537089963,False,True,1.3302210743693428,False
2011-08-19 18:45:00,MT_196,46208.3333333333,1.2770241337910961,False,False,1.2887200606043803,False
2011-08-20 00:30:00,MT_196,17208.3333333333,-1.0549688250089628,False,False,1.0534434511489286,False
2011-08-20 04:00:00,MT_196,12875.0,-1.4384832614296792,False,False,1.0694373195055096,False
2011-08-20 06:00:00,MT_196,17041.6666666667,-1.1448986084463255,False,False,1.1452433693742965,False
2011-08-20 11:30:00,MT_196,40333.3333333333,0.6914093182697681,False,False,1.4052938743344654,False
2011-08-20 14:45:00,MT_196,41458.3333333333,0.8045618180398695,False,False,1.1351432198674887,False
2011-08-20 19:15:00,MT_196,43166.6666666667,1.0200250256963423,False,False,1.3387696749310478,False
2011-08-20 20:00:00,MT_196,39291.6666666667,0.6982222144968292,False,False,1.453432573955366,False
2011-08-20 23:15:00,MT_196,29250.0,-0.14538854269223925,False,False,1.261788646530456,False
2011-08-21 05:45:00,MT_196,16166.6666666667,-1.2668938306708506,False,False,1.077753535417471,False
2011-08-21 10:00:00,MT_196,36250.0,0.49740220549177583,False,False,1.2924107636558055,False
2011-08-21 17:00:00,MT_196,31750.0,0.27947894543949137,False,False,1.1819528085127113,False
2011-08-22 05:30:00,MT_196,13916.6666666667,-1.2636420097684065,False,False,1.0626812928967087,False
2011-08-22 07:00:00,MT_196,20458.3333333333,-0.5837464545005512,False,False,1.0928206289562694,False
2011-08-22 07:15:00,MT_196,21041.6666666667,-0.5224834937904506,False,False,1.0927488178360794,False
2011-08-22 20:30:00,MT_196,28250.0,0.16136924494106147,False,False,1.097721201394814,False
2011-08-22 22:30:00,MT_196,26541.6666666667,-0.03485692901368689,False,False,1.2342896389584195,False
2011-08-22 23:15:00,MT_196,25666.6666666667,-0.13042801971591478,False,False,1.3505608414128503,False
2011-08-23 00:00:00,MT_196,21375.0,-0.5861958989673078,False,False,1.1995282960049574,False
2011-08-23 03:00:00,MT_196,13208.3333333333,-1.4835702633673968,False,False,1.0640865092470235,False
2011-08-23 09:45:00,MT_196,29666.6666666667,0.2157493263337812,False,False,1.0381986674352282,False
2011-08-23 14:00:00,MT_196,32833.3333333333,0.5773792132950646,False,False,1.1086506420553512,False
2011-08-23 22:15:00,MT_196,26208.3333333333,0.03903196901993541,False,False,1.0262768331866563,False
2011-08-24 01:45:00,MT_196,10416.6666666667,-1.9000998223918821,False,False,1.0213166627857917,False
2011-08-24 03:00:00,MT_196,11541.6666666667,-1.6731257431796074,False,False,0.9936984681660109,False
2011-08-24 11:15:00,MT_196,32916.6666666667,0.9333877989210029,False,False,1.1687638526755144,False
2011-08-24 14:45:00,MT_196,41750.0,1.8725615835340181,False,True,1.2050078530806663,False
2011-08-24 18:45:00,MT_196,37291.6666666667,1.0714365819347884,False,False,1.1089139788466713,False
2011-08-24 19:45:00,MT_196,37541.6666666667,1.052604038542294,False,False,1.2404299478545524,False
2011-08-24 20:00:00,MT_196,34458.3333333333,0.7506275007501735,False,False,1.2199408804520993,False
2011-08-24 20:15:00,MT_196,29500.0,0.2791095003440332,False,False,1.0521741207530007,False
2011-08-24 23:30:00,MT_196,24958.3333333333,-0.1493304589887141,False,False,1.1320076424880625,False
2011-08-25 00:15:00,MT_196,13958.3333333333,-1.1791032133565302,False,False,0.9944930891691953,False
2011-08-25 04:00:00,MT_196,10833.3333333333,-1.4500719291189184,False,False,1.0050349843797917,False
2011-08-25 12:45:00,MT_196,35916.6666666667,0.8757231839686209,False,False,1.0536123450907837,False
2011-08-25 16:00:00,MT_196,36958.3333333333,0.9950216043162591,False,False,0.970027933771655,False
2011-08-25 18:30:00,MT_196,33583.3333333333,0.788742882611304,False,False,1.0678097266404087,False
2011-08-25 21:15:00,MT_196,25791.6666666667,0.03185176081317493,False,False,1.0287151613968037,False
2011-08-26 11:00:00,MT_196,28416.6666666667,0.3166630446957015,False,False,1.0160186613308255,False
2011-08-26 13:15:00,MT_196,30875.0,0.6412608823179548,False,False,1.0168003996020631,False
2011-08-26 16:45:00,MT_196,32916.6666666667,1.0691737427867078,False,False,0.9745691019148355,False
2011-08-26 19:30:00,MT_196,33958.3333333333,1.2140905633934858,False,False,1.1215332103738709,False
2011-08-26 20:15:00,MT_196,28875.0,0.5755852322213381,False,False,1.004071329740829,False
2011-08-27 03:30:00,MT_196,10416.6666666667,-1.6713364658797234,False,False,0.9824792530901275,False
2011-08-27 06:00:00,MT_196,14291.6666666667,-1.187343539605901,False,False,1.0576375106580793,False
2011-08-27 06:15:00,MT_196,17791.6666666667,-0.7609457186083557,False,False,0.9853798928530753,False
2011-08-27 22:15:00,MT_196,25875.0,-0.0006006366516310495,False,False,1.0279241593644612,False
2011-08-27 23:15:00,MT_196,25458.3333333333,-0.045315551071875786,False,False,1.0539819639284638,False
2011-08-28 04:15:00,MT_196,10583.3333333333,-1.5157851749045048,False,False,0.981939583017745,False
2011-08-28 16:00:00,MT_196,34250.0,0.8781293340339233,False,False,1.129722517941482,False
2011-08-28 16:15:00,MT_196,32041.6666666667,0.6651727933483491,False,False,1.0636402347922747,False
2011-08-28 18:15:00,MT_196,29250.0,0.47633026136991535,False,False,1.0203523715043636,False
2011-08-28 20:30:00,MT_196,26750.0,0.2903984801576873,False,False,1.0490575771574386,False
2011-08-28 20:45:00,MT_196,28208.3333333333,0.46142853722003063,False,False,1.074197375951249,False
2011-08-29 02:45:00,MT_196,10083.3333333333,-1.5679685283216802,False,False,0.98278857678437,False
2011-08-29 04:00:00,MT_196,9625.0,-1.6217486762781,False,False,0.9697322944234561,False
2011-08-29 04:15:00,MT_196,10083.3333333333,-1.5626336422590674,False,False,0.9745748341648595,False
2011-08-29 13:15:00,MT_196,32458.3333333333,1.1270877728333852,False,False,1.0215566436736765,False
2011-08-29 17:30:00,MT_196,39666.6666666667,1.6785068690864036,False,False,1.0219605070436453,False
2011-08-29 18:00:00,MT_196,36583.3333333333,1.3002455361869707,False,False,1.0003264460474215,False
2011-08-29 19:00:00,MT_196,38833.3333333333,1.4597541793979971,False,False,1.0642476351558254,False
2011-08-30 00:15:00,MT_196,13916.6666666667,-1.1499622498776112,False,False,0.9794135950067179,False
2011-08-30 02:30:00,MT_196,9333.33333333333,-1.6566656990097528,False,False,0.961166022692698,False
2011-08-30 05:00:00,MT_196,10791.6666666667,-1.5270265305754276,False,False,1.0463420502706586,False
2011-08-30 08:45:00,MT_196,27541.6666666667,0.18816838373380584,False,False,1.0636179266622516,False
2011-08-30 09:15:00,MT_196,29916.6666666667,0.43444177344763923,False,False,1.060667227730178,False
2011-08-30 09:30:00,MT_196,26458.3333333333,0.07164705556552976,False,False,1.0431091541542872,False
2011-08-30 09:45:00,MT_196,26750.0,0.10049692448856949,False,False,1.0268571395364168,False
2011-08-30 10:30:00,MT_196,27666.6666666667,0.19198791743196245,False,False,1.0138355879357241,False
2011-08-30 17:45:00,MT_196,33875.0,0.7839749239393535,False,False,1.0379184977525793,False
2011-08-30 18:30:00,MT_196,34166.6666666667,0.8326269536916279,False,False,1.073926392906939,False
2011-08-31 00:00:00,MT_196,20458.3333333333,-0.592738033213965,False,False,1.1179241038724865,False
2011-08-31 02:00:00,MT_196,11333.3333333333,-1.5457989962153393,False,False,0.9734872242353271,False
2011-08-31 04:00:00,MT_196,11583.3333333333,-1.533038416920424,False,False,1.0024885250121611,False
2011-08-31 04:45:00,MT_196,11208.3333333333,-1.5738153361838714,False,False,0.9941370172860946,False
2011-08-31 05:15:00,MT_196,12208.3333333333,-1.4668389268250535,False,False,1.0263941097935514,False
2011-08-31 07:00:00,MT_196,20875.0,-0.5645742871625037,False,False,1.0762286397401666,False
2011-08-31 09:15:00,MT_196,27375.0,0.12002427566281364,False,False,1.0792635768124548,False
2011-08-31 10:15:00,MT_196,25541.6666666667,-0.0697267972082247,False,False,1.0594428460701864,False
2011-08-31 11:45:00,MT_196,28750.0,0.2828378963487888,False,False,1.015281272111374,False
2011-08-31 12:30:00,MT_196,29083.3333333333,0.33917602173951694,False,False,1.0305751477689102,False
2011-09-01 01:30:00,MT_196,11166.6666666667,-1.6727978641170758,False,False,0.9637181543264891,False
2011-09-01 02:15:00,MT_196,10291.6666666667,-1.776516351002958,False,False,0.9958085320438067,False
2011-09-01 04:30:00,MT_196,10791.6666666667,-1.6991364516235234,False,False,1.0202202752456562,False
2011-09-01 04:45:00,MT_196,10666.6666666667,-1.7132289520487345,False,False,1.0523420259192138,False
2011-09-01 07:00:00,MT_196,20500.0,-0.47149614196416956,False,False,1.1063230661089236,False
2011-09-01 08:30:00,MT_196,23666.6666666667,-0.0640515119693996,False,False,1.0510857687564321,False
2011-09-01 11:15:00,MT_196,27083.3333333333,0.37359609652750947,False,False,1.0059048780890059,False
2011-09-01 17:00:00,MT_196,34583.3333333333,1.3398961187995846,False,False,0.9984970146002015,False
2011-09-02 02:45:00,MT_196,10291.6666666667,-1.7272517875355382,False,False,0.9709343204941575,False
2011-09-02 04:45:00,MT_196,11250.0,-1.610170145130732,False,False,1.0278663273943982,False
2011-09-02 05:45:00,MT_196,16916.6666666667,-0.8981678420195989,False,False,1.0005628475131967,False
2011-09-02 07:15:00,MT_196,21583.3333333333,-0.30352949202237134,False,False,1.0497012987041492,False
2011-09-02 12:00:00,MT_196,27791.6666666667,0.4484935808860068,False,False,1.0094950845339459,False
2011-09-02 15:30:00,MT_196,29041.6666666667,0.6172526760759551,False,False,1.1297583477581716,False
2011-09-02 19:00:00,MT_196,30958.3333333333,0.9348102887186912,False,False,1.0181217799226547,False
2011-09-03 05:00:00,MT_196,11250.0,-1.6553776601138908,False,False,1.0134812734765055,False
2011-09-03 05:45:00,MT_196,18291.6666666667,-0.7275179428390132,False,False,1.022562861640625,False
2011-09-03 06:30:00,MT_196,17750.0,-0.7974650082078715,False,False,0.9773830853906827,False
2011-09-03 12:15:00,MT_196,30833.3333333333,0.8665152242364065,False,False,0.992079616599454,False
2011-09-03 21:45:00,MT_196,28166.6666666667,0.4628247375123723,False,False,1.0430797092248605,False
2011-09-04 00:00:00,MT_196,18000.0,-0.7999038174602804,False,False,1.0443641527558947,False
2011-09-04 11:30:00,MT_196,30375.0,0.7764478448375868,False,False,1.0277120760717557,False
2011-09-04 16:15:00,MT_196,29083.3333333333,0.7209110592590058,False,False,1.0154370962707728,False
2011-09-04 16:30:00,MT_196,31708.3333333333,1.0727371315719105,False,False,1.0634018044103655,False
2011-09-05 01:30:00,MT_196,11791.6666666667,-1.45096924350527,False,False,0.9701595308803702,False
2011-09-05 02:45:00,MT_196,9750.0,-1.744734170435174,False,False,0.9785467748900779,False
2011-09-05 07:30:00,MT_196,18708.3333333333,-0.4472168704971081,False,False,0.9928959547473302,False
2011-09-05 09:45:00,MT_196,27125.0,0.7053991635820822,False,False,1.0041172891187418,False
2011-09-05 10:30:00,MT_196,27875.0,0.8160446966243508,False,False,1.0104045614263772,False
2011-09-05 11:45:00,MT_196,28166.6666666667,0.8899505728601793,False,False,1.0356567063658004,False
2011-09-05 12:00:00,MT_196,30000.0,1.1485992845623543,False,False,1.0443079388062066,False
2011-09-05 15:30:00,MT_196,35291.6666666667,1.5595392348710984,False,False,0.9739060035861712,False
2011-09-05 16:15:00,MT_196,37333.3333333333,1.7091836866751642,False,False,0.98272673717485,False
2011-09-05 19:00:00,MT_196,36625.0,1.3006857636115012,False,False,1.042804007727613,False
2011-09-05 19:15:00,MT_196,35666.6666666667,1.1825642489937853,False,False,1.0728578307832495,False
2011-09-06 09:30:00,MT_196,28125.0,0.2777719201731218,False,False,1.0270105185426148,False
2011-09-06 14:15:00,MT_196,43333.3333333333,1.6131282989705296,False,False,1.1992860742028637,False
2011-09-06 17:45:00,MT_196,39541.6666666667,1.1437219690645908,False,False,1.0958017660200465,False
2011-09-06 19:00:00,MT_196,40583.3333333333,1.206976234120372,False,False,1.2594938516859087,False
2011-09-06 20:45:00,MT_196,30500.0,0.27741921217591625,False,False,1.0620837196505628,False
2011-09-06 21:30:00,MT_196,28708.3333333333,0.11763846205145354,False,False,1.0385141066390993,False
2011-09-07 00:45:00,MT_196,13208.3333333333,-1.2495618817492138,False,False,1.0069397764134598,False
2011-09-07 01:00:00,MT_196,12625.0,-1.3008857063193806,False,False,1.0011844770245364,False
2011-09-07 04:45:00,MT_196,9625.0,-1.56407675991557,False,False,0.9854339081518755,False
2011-09-07 07:00:00,MT_196,19750.0,-0.675362829016013,False,False,1.033839964369639,False
2011-09-07 09:45:00,MT_196,25291.6666666667,-0.17914395538693226,False,False,1.063146808979865,False
2011-09-07 14:30:00,MT_196,39750.0,1.1291369515309218,False,False,1.0623490214488687,False
2011-09-07 20:00:00,MT_196,35958.3333333333,0.8028462660813116,False,False,1.2661417774944392,False
2011-09-07 22:30:00,MT_196,26250.0,-0.07331616120274984,False,False,1.053211915100416,False
2011-09-08 00:30:00,MT_196,14791.6666666667,-1.1110389780093968,False,False,1.0039098279858678,False
2011-09-08 02:45:00,MT_196,10958.3333333333,-1.480730677469852,False,False,0.995818810312927,False
2011-09-08 06:00:00,MT_196,16333.3333333333,-1.006634872652309,False,False,1.0101074814788753,False
2011-09-08 06:45:00,MT_196,19833.3333333333,-0.6840447276329067,False,False,1.0865302752736583,False
2011-09-08 08:30:00,MT_196,22458.3333333333,-0.4457880653050769,False,False,1.094435547835594,False
2011-09-08 10:00:00,MT_196,26375.0,-0.08488068312923383,False,False,1.0934881485796497,False
2011-09-08 14:15:00,MT_196,41541.6666666667,1.2787765181180382,False,False,1.1014669576589255,False
2011-09-08 22:45:00,MT_196,27875.0,-0.017440650673326223,False,False,1.1259935854232777,False
2011-09-09 00:15:00,MT_196,14958.3333333333,-1.147005540287294,False,False,1.0252751979127772,False
2011-09-09 04:45:00,MT_196,11416.6666666667,-1.4414690123361726,False,False,1.0161735892174697,False
2011-09-09 08:15:00,MT_196,21833.3333333333,-0.5396178612850117,False,False,1.0598033447775477,False
2011-09-09 11:15:00,MT_196,38666.6666666667,0.9000769306874047,False,False,1.4492741342523705,False
2011-09-09 17:15:00,MT_196,45166.6666666667,1.3986556420833784,False,False,1.176701248645962,False
2011-09-09 18:45:00,MT_196,41375.0,1.0701622665839885,False,False,1.2002309887742453,False
2011-09-10 03:15:00,MT_196,9833.33333333333,-1.5507851252146043,False,False,0.9837439368212896,False
2011-09-10 05:30:00,MT_196,19166.6666666667,-0.7672063515745216,False,False,1.1070863012060543,False
2011-09-10 07:00:00,MT_196,20458.3333333333,-0.6606313780309366,False,False,1.0792346399131654,False
2011-09-10 10:30:00,MT_196,29833.3333333333,0.11912306835801256,False,False,1.1067149177045026,False
2011-09-10 11:15:00,MT_196,30500.0,0.1841175964153151,False,False,1.1192753602896703,False
2011-09-10 12:00:00,MT_196,28875.0,0.07069099501375722,False,False,1.2709393473014439,False
2011-09-10 16:30:00,MT_196,36083.3333333333,0.930439428102718,False,False,0.9865711711329709,False
2011-09-10 19:30:00,MT_196,34875.0,1.0268771997906125,False,False,1.1457745810106716,False
2011-09-10 22:00:00,MT_196,26041.6666666667,0.08684201610854614,False,False,1.0135373627595274,False
2011-09-10 22:15:00,MT_196,25416.6666666667,0.01890150880198793,False,False,1.0259409333081424,False
2011-09-11 15:00:00,MT_196,28375.0,0.4100108676286313,False,False,1.0060757752118055,False
2011-09-12 01:00:00,MT_196,15458.3333333333,-0.9915978819520642,False,False,1.024868694290184,False
2011-09-12 01:30:00,MT_196,14416.6666666667,-1.1456646100045338,False,False,1.0419440547883048,False
2011-09-12 08:30:00,MT_196,25000.0,0.14006858438257339,False,False,1.0673037223518953,False
2011-09-12 11:30:00,MT_196,36625.0,1.766150722105307,False,False,1.29978658552076,False
2011-09-12 15:45:00,MT_196,41833.3333333333,1.8222840682201173,False,True,1.0944926015805838,False
2011-09-12 16:45:00,MT_196,42083.3333333333,1.7031374386022005,False,False,1.0692545709914356,False
2011-09-12 17:00:00,MT_196,42875.0,1.7488791270618917,False,False,1.1190569004324227,False
2011-09-12 17:15:00,MT_196,41666.6666666667,1.5846742548646993,False,False,1.0592379975455908,False
2011-09-12 21:00:00,MT_196,33041.6666666667,0.4769861375349147,False,False,1.1973090800940525,False
2011-09-12 23:45:00,MT_196,22083.3333333333,-0.5983628791817559,False,False,1.306851993422973,False
2011-09-13 00:15:00,MT_196,13291.6666666667,-1.445430716572967,False,False,1.0093170453585398,False
2011-09-13 03:45:00,MT_196,11666.6666666667,-1.518540279506054,False,False,0.9886090960279545,False
2011-09-13 06:30:00,MT_196,20166.6666666667,-0.7028513366645611,False,False,1.0360060838859464,False
2011-09-13 13:45:00,MT_196,45625.0,1.4561511944121452,False,False,1.3589916601699132,False
2011-09-13 16:15:00,MT_196,42791.6666666667,1.1612817686960364,False,False,1.1503513889694337,False
2011-09-13 22:45:00,MT_196,27666.6666666667,-0.12613866105777521,False,False,1.1700541977074426,False
2011-09-14 00:30:00,MT_196,15000.0,-1.1714681088656635,False,False,1.0105820656707336,False
2011-09-14 01:30:00,MT_196,12916.6666666667,-1.3528852393525548,False,False,1.0149877683493262,False
2011-09-14 03:00:00,MT_196,12750.0,-1.3788243190812124,False,False,1.0273078109345197,False
2011-09-14 04:15:00,MT_196,14916.6666666667,-1.2199036610726806,False,False,1.1294340080328504,False
2011-09-14 07:15:00,MT_196,21000.0,-0.7254070719134099,False,False,1.1057297044181127,False
2011-09-14 10:15:00,MT_196,30041.6666666667,0.04529419300032457,False,False,1.1511986489499706,False
2011-09-14 10:30:00,MT_196,29375.0,-0.012602329847657558,False,False,1.113101273723883,False
2011-09-14 11:30:00,MT_196,37166.6666666667,0.6707322224819726,False,False,1.3813204047524539,False
2011-09-14 13:45:00,MT_196,39333.3333333333,0.8818091727555087,False,False,1.1009435981882578,False
2011-09-14 14:30:00,MT_196,40416.6666666667,0.9959288973833854,False,False,1.0860998076028332,False
2011-09-14 19:45:00,MT_196,43458.3333333333,1.2616853259959417,False,False,1.3725214755837165,False
2011-09-14 21:15:00,MT_196,30000.0,0.07798397716187451,False,False,1.1566676428722207,False
2011-09-15 03:00:00,MT_196,11875.0,-1.5279721391011174,False,False,0.9928764482196831,False
2011-09-15 03:45:00,MT_196,12916.6666666667,-1.4332442524640943,False,False,1.1339765027738637,False
2011-09-15 06:45:00,MT_196,21875.0,-0.6359169896392116,False,False,1.2279522532735552,False
2011-09-15 07:30:00,MT_196,21541.6666666667,-0.6616767756374776,False,False,1.1721359780371043,False
2011-09-15 08:00:00,MT_196,20500.0,-0.7505062277363548,False,False,1.1809676636191238,False
2011-09-15 09:30:00,MT_196,27541.6666666667,-0.13339908711207946,False,False,1.179899515849202,False
2011-09-15 10:45:00,MT_196,31750.0,0.23158138330299888,False,False,1.1561342447919474,False
2011-09-15 15:15:00,MT_196,41291.6666666667,1.0379044314450026,False,False,1.0733374725189424,False
2011-09-15 15:45:00,MT_196,42625.0,1.141901652728151,False,False,1.119133234736127,False
2011-09-15 19:15:00,MT_196,37416.6666666667,0.749500542603291,False,False,1.2328423963932587,False
2011-09-15 20:45:00,MT_196,30083.3333333333,0.1166606931932311,False,False,1.0396944284758796,False
2011-09-16 00:00:00,MT_196,18833.3333333333,-0.8926914100334533,False,False,1.0766246922070628,False
2011-09-16 04:30:00,MT_196,12291.6666666667,-1.4245062898273217,False,False,1.0056401295946975,False
2011-09-16 07:15:00,MT_196,21333.3333333333,-0.6215489187322419,False,False,1.063896629039556,False
2011-09-16 08:45:00,MT_196,29125.0,0.061251586901100843,False,False,1.1184813778592104,False
2011-09-16 10:15:00,MT_196,29583.3333333333,0.10497178087935718,False,False,1.09113605241907,False
2011-09-16 14:45:00,MT_196,42666.6666666667,1.298966807946814,False,False,1.1670097477675532,False
2011-09-16 16:00:00,MT_196,41750.0,1.226546787425821,False,False,1.1375443084051713,False
2011-09-16 17:15:00,MT_196,42166.6666666667,1.26322714648372,False,False,1.120773111416496,False
2011-09-16 23:30:00,MT_196,22958.3333333333,-0.45199539231834485,False,False,1.1570074744518937,False
2011-09-17 13:00:00,MT_196,31791.6666666667,0.41615520133209694,False,False,1.1143297621462211,False
2011-09-17 13:45:00,MT_196,32708.3333333333,0.5364269842406649,False,False,1.095662403402799,False
2011-09-18 10:15:00,MT_196,30250.0,0.5097803770943748,False,False,1.030033934619579,False
2011-09-18 12:45:00,MT_196,33291.6666666667,0.8472282515910341,False,False,1.0430089844670025,False
2011-09-18 19:00:00,MT_196,29625.0,0.7573862292883603,False,False,1.042164188214342,False
2011-09-18 21:30:00,MT_196,24666.6666666667,0.20133530159505983,False,False,1.0178057331660029,False
2011-09-19 00:15:00,MT_196,13250.0,-1.2629615031677484,False,False,0.9942831944610659,False
2011-09-19 04:00:00,MT_196,9666.66666666667,-1.7409274263839267,False,False,0.9839069224057596,False
2011-09-19 06:30:00,MT_196,18000.0,-0.6163463242068022,False,False,0.994695683205499,False
2011-09-19 11:45:00,MT_196,25666.6666666667,0.4361481142971558,False,False,1.045744015620507,False
2011-09-19 12:15:00,MT_196,26125.0,0.510843537612977,False,False,1.0532760655942057,False
2011-09-19 13:00:00,MT_196,31916.6666666667,1.329688161615403,False,False,1.0123887028933705,False
2011-09-19 19:30:00,MT_196,30208.3333333333,0.7299039314761753,False,False,1.0127379285042615,False
2011-09-19 20:00:00,MT_196,31375.0,0.8558667651660073,False,False,1.0443051554331428,False
2011-09-19 23:00:00,MT_196,24208.3333333333,0.03389495168407191,False,False,1.2093575596053958,False
2011-09-20 00:15:00,MT_196,15208.3333333333,-1.0208101474816613,False,False,1.0128559862720246,False
2011-09-20 03:45:00,MT_196,11375.0,-1.4448688751402052,False,False,0.9810595029903729,False
2011-09-20 08:00:00,MT_196,20833.3333333333,-0.37593425560910787,False,False,1.0588283307208355,False
2011-09-20 13:00:00,MT_196,38916.6666666667,1.584479791968914,False,False,1.1650204788115286,False
2011-09-20 20:15:00,MT_196,29583.3333333333,0.386570241389935,False,False,1.04286953973635,False
2011-09-20 22:00:00,MT_196,26500.0,0.07952327517959555,False,False,1.0192797300612515,False
2011-09-20 23:45:00,MT_196,19458.3333333333,-0.6100522341387643,False,False,1.1040701929858519,False
2011-09-21 01:00:00,MT_196,10416.6666666667,-1.4845238828147294,False,False,0.9855831654076708,False
2011-09-21 01:30:00,MT_196,11541.6666666667,-1.3652715881056445,False,False,0.9806718453239165,False
2011-09-21 01:45:00,MT_196,11708.3333333333,-1.351102557671488,False,False,0.9887408611708395,False
2011-09-21 17:15:00,MT_196,37541.6666666667,1.0727632923142956,False,False,1.0147710767356302,False
2011-09-21 18:15:00,MT_196,36833.3333333333,1.023030430964204,False,False,1.0709208001460992,False
2011-09-21 18:30:00,MT_196,36541.6666666667,0.9978303919870657,False,False,1.0876780651649445,False
2011-09-21 19:00:00,MT_196,33875.0,0.7537152388119804,False,False,1.1473683421993865,False
2011-09-21 19:45:00,MT_196,31291.6666666667,0.5319685350875673,False,False,1.1372180586063614,False
2011-09-21 20:45:00,MT_196,28583.3333333333,0.2770814810542787,False,False,1.0454560983442827,False
2011-09-21 23:45:00,MT_196,19125.0,-0.6064904697466864,False,False,1.0607248471174762,False
2011-09-22 00:30:00,MT_196,13791.6666666667,-1.1170273031671205,False,False,0.9951511613716135,False
2011-09-22 03:00:00,MT_196,13166.6666666667,-1.2604545642083445,False,False,1.3076924982979616,False
2011-09-22 04:15:00,MT_196,13375.0,-1.2888333531908074,False,False,1.0655114657065472,False
2011-09-22 13:15:00,MT_196,32083.3333333333,0.687929836949989,False,False,1.04530955667675,False
2011-09-22 21:45:00,MT_196,27250.0,0.19047958532482154,False,False,1.0348272774071636,False
2011-09-22 22:15:00,MT_196,24375.0,-0.13834003869092967,False,False,1.0742860552112599,False
2011-09-23 01:30:00,MT_196,12916.6666666667,-1.469966539355338,False,False,0.995468090081968,False
2011-09-23 04:45:00,MT_196,13791.6666666667,-1.3366481036938005,False,False,1.037144349996357,False
2011-09-23 07:15:00,MT_196,20583.3333333333,-0.5785047703592324,False,False,1.0186263419065307,False
2011-09-23 20:15:00,MT_196,28541.6666666667,0.6921862438901673,False,False,1.0023380470222412,False
2011-09-24 03:45:00,MT_196,9958.33333333333,-1.8432548061085108,False,False,0.9828840255442306,False
2011-09-24 07:45:00,MT_196,20458.3333333333,-0.365189900412139,False,False,1.0264071164178017,False
2011-09-24 10:00:00,MT_196,29166.6666666667,0.76740518848018,False,False,1.0037241270840167,False
2011-09-24 15:00:00,MT_196,34583.3333333333,1.3284056038057472,False,False,0.9992201377043648,False
2011-09-24 16:45:00,MT_196,33458.3333333333,1.11027898710786,False,False,0.9980061482915245,False
2011-09-24 20:30:00,MT_196,29500.0,0.6134848323351325,False,False,0.9856839070829009,False
2011-09-24 20:45:00,MT_196,29666.6666666667,0.6294620059392109,False,False,1.0040643710616428,False
2011-09-24 21:00:00,MT_196,30458.3333333333,0.7219336658434387,False,False,1.0337883533237853,False
2011-09-25 02:15:00,MT_196,9791.66666666667,-1.765074361238623,False,False,0.9783059181911753,False
2011-09-25 03:30:00,MT_196,10875.0,-1.6403000389814437,False,False,0.9772403690850825,False
2011-09-25 05:15:00,MT_196,13416.6666666667,-1.3406455682121303,False,False,1.0171516655052404,False
2011-09-25 09:30:00,MT_196,27916.6666666667,0.4108592467282456,False,False,1.028786798936901,False
2011-09-25 11:45:00,MT_196,33416.6666666667,1.0502960717252017,False,False,1.0482324787845663,False
2011-09-25 15:00:00,MT_196,29791.6666666667,0.5694296136832916,False,False,1.04503005267313,False
2011-09-25 17:15:00,MT_196,32500.0,0.9370450074622872,False,False,1.062953259720926,False
2011-09-25 19:00:00,MT_196,30916.6666666667,0.7680851294695554,False,False,1.0782655331814277,False
2011-09-25 19:15:00,MT_196,29208.3333333333,0.5652327464454239,False,False,1.0403098575567669,False
2011-09-25 22:00:00,MT_196,25625.0,0.15853017767891187,False,False,1.0419457905098894,False
2011-09-26 04:45:00,MT_196,13666.6666666667,-1.3828877660726964,False,False,1.1053245967063354,False
2011-09-26 06:00:00,MT_196,15791.6666666667,-1.1430868987645229,False,False,1.0250726984753964,False
2011-09-26 06:15:00,MT_196,17791.6666666667,-0.8793512703089252,False,False,0.9905502814418162,False
2011-09-26 14:30:00,MT_196,36416.6666666667,1.5130890938321613,False,False,0.9866843984547435,False
2011-09-26 15:15:00,MT_196,38166.6666666667,1.641083714397447,False,False,0.9987944069371337,False
2011-09-26 16:30:00,MT_196,39625.0,1.6467770884023951,False,False,1.0221055920292352,False
2011-09-26 18:00:00,MT_196,38250.0,1.3392777206922744,False,False,1.0000006610669094,False
2011-09-27 02:30:00,MT_196,8916.66666666667,-1.7893558227912212,False,False,0.9867876425430946,False
2011-09-27 11:00:00,MT_196,28583.3333333333,0.28672707823763605,False,False,1.0169271360754863,False
2011-09-27 12:00:00,MT_196,31375.0,0.5589538567340447,False,False,1.0514118973124718,False
2011-09-27 12:30:00,MT_196,30958.3333333333,0.5182985469905613,False,False,1.053837750518631,False
2011-09-27 14:00:00,MT_196,39250.0,1.315883876880387,False,False,1.043253679839256,False
2011-09-27 14:15:00,MT_196,37583.3333333333,1.149858692484657,False,False,1.0236649900829036,False
2011-09-27 16:00:00,MT_196,42250.0,1.6037938094037798,False,False,1.1504099248590247,False
2011-09-27 16:30:00,MT_196,38833.3333333333,1.2731212949537987,False,False,0.9988609745515706,False
2011-09-28 00:30:00,MT_196,13416.6666666667,-1.1982222064185977,False,False,0.9955374650800457,False
2011-09-28 03:45:00,MT_196,11750.0,-1.400947361344377,False,False,1.03270828554548,False
2011-09-28 04:15:00,MT_196,11666.6666666667,-1.4155302876615818,False,False,0.9995793738463276,False
2011-09-28 05:30:00,MT_196,15708.3333333333,-1.059439026055315,False,False,1.0080137924939798,False
2011-09-28 07:15:00,MT_196,18791.6666666667,-0.749850046636842,False,False,1.01091830027379,False
2011-09-28 09:15:00,MT_196,24458.3333333333,-0.17144346143976535,False,False,1.0550622719706297,False
2011-09-28 13:15:00,MT_196,36333.3333333333,1.067130491754888,False,False,1.0431199010884395,False
2011-09-28 19:15:00,MT_196,29875.0,0.601092801188124,False,False,1.0916486899936486,False
2011-09-28 23:00:00,MT_196,24791.6666666667,-0.0039804862465912805,False,False,1.0508028018779463,False
2011-09-29 00:45:00,MT_196,13791.6666666667,-1.333749258133103,False,False,1.0019774097377228,False
2011-09-29 04:15:00,MT_196,10500.0,-1.7642509286533425,False,False,0.9955841836472599,False
2011-09-29 19:15:00,MT_196,29916.6666666667,0.3391108813330847,False,False,1.0342960593293917,False
2011-09-29 22:30:00,MT_196,26041.6666666667,-0.05439061153473388,False,False,1.091464193513091,False
2011-09-30 01:15:00,MT_196,11333.3333333333,-1.4881700243714322,False,False,0.9916486021039574,False
2011-09-30 01:30:00,MT_196,10625.0,-1.5499335831671972,False,False,0.9681484127495174,False
2011-09-30 07:00:00,MT_196,20416.6666666667,-0.5701574453530346,False,False,1.021497603305629,False
2011-09-30 07:15:00,MT_196,21750.0,-0.44256277388970755,False,False,1.0483609213704579,False
2011-09-30 08:30:00,MT_196,26500.0,0.004993766675715315,False,False,1.0870604532310493,False
2011-09-30 08:45:00,MT_196,29041.6666666667,0.24457864777928076,False,False,1.076779086300526,False
2011-09-30 14:00:00,MT_196,39583.3333333333,1.2158686425994067,False,False,1.0833944521567804,False
2011-09-30 16:45:00,MT_196,40000.0,1.247479615748926,False,False,1.0838501577725144,False
2011-09-30 18:45:00,MT_196,36458.3333333333,0.9197024750576394,False,False,1.1032444426273038,False
2011-09-30 20:30:00,MT_196,30000.0,0.2925613486965516,False,False,1.0769486080551922,False
2011-09-30 22:45:00,MT_196,26666.6666666667,-0.025078216850763092,False,False,1.096542682110711,False
2011-10-01 08:45:00,MT_196,28541.6666666667,0.11294604639527378,False,False,1.0869379812480393,False
2011-10-01 14:00:00,MT_196,40833.3333333333,1.198832419397944,False,False,1.0884343945631076,False
2011-10-01 14:45:00,MT_196,40833.3333333333,1.1965282569924365,False,False,1.0808477880983,False
2011-10-01 16:30:00,MT_196,41791.6666666667,1.2760880279178959,False,False,1.0773606285666457,False
2011-10-02 04:00:00,MT_196,11541.6666666667,-1.5949936555387816,False,False,0.9895968666269843,False
2011-10-02 14:00:00,MT_196,33916.6666666667,0.5706504731012509,False,False,1.1859050522382606,False
2011-10-02 16:30:00,MT_196,33375.0,0.6430990281914042,False,False,1.0891956582529523,False
2011-10-02 18:00:00,MT_196,36666.6666666667,1.0772238300830503,False,False,1.4353205037100942,False
2011-10-02 19:15:00,MT_196,32708.3333333333,0.6733188611003651,False,False,1.1763120530463311,False
2011-10-02 19:45:00,MT_196,31458.3333333333,0.5400949097348422,False,False,1.1194984900558542,False
2011-10-03 01:45:00,MT_196,15833.3333333333,-1.0958440407996453,False,False,1.170842769297443,False
2011-10-03 02:15:00,MT_196,13000.0,-1.4197180484734457,False,False,1.0694033358088264,False
2011-10-03 02:30:00,MT_196,13000.0,-1.4184377845053495,False,False,1.0928374922987396,False
2011-10-03 07:45:00,MT_196,21708.3333333333,-0.5003850301155386,False,False,1.1095191744234274,False
2011-10-03 13:00:00,MT_196,40500.0,1.8816648495775679,False,True,1.2395954535581515,False
2011-10-03 17:30:00,MT_196,39791.6666666667,1.4048051366792353,False,False,1.0142514905197764,False
2011-10-04 02:30:00,MT_196,12541.6666666667,-1.5223591436812531,False,False,1.0573387379476125,False
2011-10-04 08:45:00,MT_196,28875.0,0.17939628258938753,False,False,1.0821203599346307,False
2011-10-04 12:30:00,MT_196,32916.6666666667,0.5765703651274343,False,False,1.0938288492403587,False
2011-10-04 21:30:00,MT_196,29791.6666666667,0.28844325500401063,False,False,1.0411911311748099,False
2011-10-04 23:30:00,MT_196,23833.3333333333,-0.30566050317182647,False,False,1.156527903917831,False
2011-10-05 02:15:00,MT_196,13541.6666666667,-1.3408845560335294,False,False,1.0542491956005127,False
2011-10-05 02:45:00,MT_196,12666.6666666667,-1.4314885344791355,False,False,1.0290820263103317,False
2011-10-05 04:00:00,MT_196,12750.0,-1.4370339275511028,False,False,1.0183135481788066,False
2011-10-05 04:45:00,MT_196,12291.6666666667,-1.4927718153884688,False,False,1.0001819384217663,False
2011-10-05 08:30:00,MT_196,27250.0,0.022292612637078508,False,False,1.1125096663770808,False
2011-10-05 11:45:00,MT_196,31708.3333333333,0.474418817580305,False,False,1.0691931340162488,False
2011-10-05 14:00:00,MT_196,40666.6666666667,1.3794927075185301,False,False,1.1060231238521778,False
2011-10-05 17:45:00,MT_196,41333.3333333333,1.4083694379918028,False,False,1.1213202136765545,False
2011-10-05 18:15:00,MT_196,33708.3333333333,0.6391185584923748,False,False,1.1105405210744674,False
2011-10-05 22:30:00,MT_196,25708.3333333333,-0.16896793398978407,False,False,1.0672646480897225,False
2011-10-05 22:45:00,MT_196,23291.6666666667,-0.40536184361388783,False,False,1.071899607191054,False
2011-10-06 09:30:00,MT_196,26375.0,-0.06378298234684932,False,False,1.1168318906017032,False
2011-10-06 12:45:00,MT_196,34375.0,0.715495817879915,False,False,1.0822308441291035,False
2011-10-06 13:00:00,MT_196,41208.3333333333,1.3793846454169945,False,False,1.1634216332221181,False
2011-10-06 13:30:00,MT_196,40875.0,1.358620244823589,False,False,1.104083101164235,False
2011-10-06 15:00:00,MT_196,39875.0,1.2682667897715594,False,False,1.024024372305307,False
2011-10-06 21:00:00,MT_196,32041.6666666667,0.5430061761171727,False,False,1.10151919899954,False
2011-10-06 22:30:00,MT_196,29125.0,0.25291180718591316,False,False,1.0982141581584297,False
2011-10-07 00:00:00,MT_196,20041.6666666667,-0.6810718012104482,False,False,1.0723036103352093,False
2011-10-07 06:15:00,MT_196,20083.3333333333,-0.6561483315611069,False,False,1.0156061410759456,False
2011-10-07 08:30:00,MT_196,24875.0,-0.18534364433975037,False,False,1.0965545580611384,False
2011-10-07 11:00:00,MT_196,26875.0,0.020277540109284457,False,False,1.0717522886562587,False
2011-10-07 12:15:00,MT_196,27375.0,0.07797211171115491,False,False,1.1432567470036379,False
2011-10-07 13:30:00,MT_196,36000.0,0.9987664317346601,False,False,1.0412419905045063,False
2011-10-07 14:00:00,MT_196,34958.3333333333,0.9134706427062114,False,False,1.0051178823138804,False
2011-10-07 14:15:00,MT_196,34833.3333333333,0.9111883080380047,False,False,0.9977509085120813,False
2011-10-07 15:00:00,MT_196,35750.0,1.0411191970869378,False,False,0.9964607696251928,False
2011-10-07 17:45:00,MT_196,36000.0,1.1541902941929354,False,False,0.9942493778541689,False
2011-10-07 18:00:00,MT_196,34583.3333333333,1.0086307553387617,False,False,1.0100944856550704,False
2011-10-07 19:00:00,MT_196,30916.6666666667,0.6159480666655247,False,False,1.030711199487181,False
2011-10-07 22:00:00,MT_196,26125.0,0.09410025847880865,False,False,1.0049071244595185,False
2011-10-08 00:15:00,MT_196,14291.6666666667,-1.2535443248924525,False,False,1.0012117942367649,False
2011-10-08 01:45:00,MT_196,11875.0,-1.528500600586695,False,False,0.9864188269038103,False
2011-10-08 08:45:00,MT_196,25166.6666666667,0.03841088978858511,False,False,1.0279087367074669,False
2011-10-08 15:30:00,MT_196,32500.0,0.9217141166583286,False,False,1.02562046460449,False
2011-10-08 17:15:00,MT_196,35583.3333333333,1.376769178405304,False,False,1.0110845458130862,False
2011-10-08 20:15:00,MT_196,29875.0,0.7189767114370289,False,False,0.9867786663949295,False
2011-10-08 22:30:00,MT_196,27083.3333333333,0.38173744630309625,False,False,1.0359820494340357,False
2011-10-09 01:30:00,MT_196,10500.0,-1.6658817631479448,False,False,0.9734173948662479,False
2011-10-09 09:30:00,MT_196,26791.6666666667,0.3593236046366401,False,False,1.0517804331613394,False
2011-10-09 18:15:00,MT_196,29125.0,0.7457135844408999,False,False,1.0076369673842178,False
2011-10-09 20:15:00,MT_196,27625.0,0.5732611426484087,False,False,1.075103210533781,False
2011-10-09 23:00:00,MT_196,20041.6666666667,-0.4195861923978909,False,False,1.0323668533946189,False
2011-10-10 03:30:00,MT_196,13208.3333333333,-1.3870169607253415,False,False,1.1181807125630472,False
2011-10-10 04:00:00,MT_196,12375.0,-1.523818273735637,False,False,1.0133225968166581,False
2011-10-10 05:15:00,MT_196,14166.6666666667,-1.3237701711600174,False,False,1.0784942366600458,False
2011-10-10 10:30:00,MT_196,27875.0,0.6518408440161394,False,False,1.0068262160900685,False
2011-10-10 10:45:00,MT_196,26291.6666666667,0.4215532679359157,False,False,1.0021042641800797,False
2011-10-10 13:15:00,MT_196,38333.3333333333,2.194190440141874,False,True,1.2097219430468162,False
2011-10-10 15:00:00,MT_196,40625.0,2.1505519740598444,False,True,1.1563856568200548,False
2011-10-10 18:00:00,MT_196,35166.6666666667,1.1652741447070518,False,False,1.0162538609392775,False
2011-10-11 04:15:00,MT_196,13291.6666666667,-1.4345220612990142,False,False,1.01736085593668,False
2011-10-11 08:15:00,MT_196,22041.6666666667,-0.4219431996832153,False,False,1.077635214966841,False
2011-10-11 12:00:00,MT_196,31500.0,0.6670403165371604,False,False,1.0463224875410126,False
2011-10-12 00:15:00,MT_196,17125.0,-1.0144393099675943,False,False,1.1017844378783428,False
2011-10-12 04:45:00,MT_196,13041.6666666667,-1.3949092558717282,False,False,1.0116119790451372,False
2011-10-12 05:30:00,MT_196,18541.6666666667,-0.8190581363954961,False,False,1.093264105777938,False
2011-10-12 08:15:00,MT_196,26458.3333333333,-0.011364698534640184,False,False,1.114791795821029,False
2011-10-12 11:15:00,MT_196,27000.0,0.05660565219698241,False,False,1.0378365698892797,False
2011-10-12 14:15:00,MT_196,37875.0,1.2514167004345866,False,False,1.0288069684177472,False
2011-10-12 15:00:00,MT_196,36750.0,1.1570554742200514,False,False,0.9978432521569829,False
2011-10-12 16:30:00,MT_196,38125.0,1.3583969658543513,False,False,0.9986124190435699,False
2011-10-12 20:45:00,MT_196,27875.0,0.24863041561461668,False,False,1.033915035342859,False
2011-10-13 01:45:00,MT_196,15125.0,-1.2328855001263936,False,False,1.31372150390733,False
2011-10-13 12:00:00,MT_196,29000.0,0.3654528805005099,False,False,1.0380734505730878,False
2011-10-13 19:15:00,MT_196,30583.3333333333,0.5049598797611853,False,False,1.0152617160152408,False
2011-10-14 02:15:00,MT_196,15250.0,-1.192003697379315,False,False,1.262004518093652,False
2011-10-14 05:15:00,MT_196,16875.0,-1.1289538500633298,False,False,1.080103690572209,False
2011-10-14 06:30:00,MT_196,19416.6666666667,-0.842917522765363,False,False,1.020859579212013,False
2011-10-14 07:45:00,MT_196,24291.6666666667,-0.2611760062799662,False,False,1.0979909152575813,False
2011-10-14 13:15:00,MT_196,36875.0,1.235287051692019,False,False,1.0723936534226677,False
2011-10-14 14:00:00,MT_196,38750.0,1.4588449352070791,False,False,1.0847262006993768,False
2011-10-14 16:30:00,MT_196,36625.0,1.195045974363583,False,False,0.9836621229715119,False
2011-10-14 19:00:00,MT_196,29750.0,0.39742248050097145,False,False,1.0366960579917466,False
2011-10-14 19:30:00,MT_196,33500.0,0.8673869788339824,False,False,1.1237045877351892,False
2011-10-14 23:00:00,MT_196,24666.6666666667,-0.22708263135244025,False,False,1.1892647102938396,False
2011-10-14 23:45:00,MT_196,20750.0,-0.7220312520955532,False,False,1.1196594422276687,False
2011-10-15 00:00:00,MT_196,19000.0,-0.9419390056350702,False,False,1.168225216513243,False
2011-10-15 03:00:00,MT_196,13458.3333333333,-1.5158533239248058,False,False,1.120291953482917,False
2011-10-15 10:30:00,MT_196,28208.3333333333,0.27103271694607706,False,False,1.0358373735956459,False
2011-10-15 11:45:00,MT_196,36625.0,1.1612205668015356,False,False,1.1419637525099458,False
2011-10-15 13:00:00,MT_196,39458.3333333333,1.376405369162009,False,False,1.1249090272658553,False
2011-10-15 17:30:00,MT_196,38458.3333333333,1.1505582678160484,False,False,1.0561941960067793,False
2011-10-15 21:30:00,MT_196,27166.6666666667,0.00967959233237609,False,False,1.0605179802817029,False
2011-10-15 23:00:00,MT_196,24333.3333333333,-0.27524663812878236,False,False,1.0669339963519975,False
2011-10-16 01:30:00,MT_196,10625.0,-1.6227115472543976,False,False,0.9583728658699568,False
2011-10-16 15:30:00,MT_196,29333.3333333333,0.402898072778923,False,False,1.024844204379111,False
2011-10-16 15:45:00,MT_196,32583.3333333333,0.75368366325143,False,False,1.1085611118938064,False
2011-10-16 16:45:00,MT_196,31083.3333333333,0.6698586259408754,False,False,1.036880255111728,False
2011-10-16 19:00:00,MT_196,33291.6666666667,1.0642026764290269,False,False,1.2979683770941537,False
2011-10-16 22:15:00,MT_196,25083.3333333333,0.11939802668586161,False,False,1.0383819626774813,False
2011-10-16 23:45:00,MT_196,18458.3333333333,-0.6452578123323175,False,False,1.0454597333730093,False
2011-10-17 06:00:00,MT_196,14750.0,-1.3867371649345062,False,False,1.2108612030293149,False
2011-10-17 08:00:00,MT_196,22791.6666666667,-0.2726702444610319,False,False,1.0980557537183682,False
2011-10-17 14:15:00,MT_196,36416.6666666667,1.7151899130502215,False,False,1.0173779621967083,False
2011-10-17 15:15:00,MT_196,36166.6666666667,1.5447366156777302,False,False,0.9706636369148957,False
2011-10-17 15:30:00,MT_196,35333.3333333333,1.4059448938088404,False,False,0.9738993629508901,False
2011-10-17 18:30:00,MT_196,29291.6666666667,0.478339770408132,False,False,1.0370673302903568,False
2011-10-18 00:15:00,MT_196,16291.6666666667,-1.1478966271628566,False,False,1.0948212903747032,False
2011-10-18 03:45:00,MT_196,14833.3333333333,-1.3210208284690554,False,False,1.1829785407490185,False
2011-10-18 04:15:00,MT_196,14875.0,-1.3230767390924882,False,False,1.1070483500755433,False
2011-10-18 05:15:00,MT_196,15833.3333333333,-1.2064375502760212,False,False,1.0025871831493036,False
2011-10-18 08:45:00,MT_196,23833.3333333333,-0.24213816749174055,False,False,1.1092419605291501,False
2011-10-18 11:15:00,MT_196,26625.0,0.1099568858374211,False,False,1.0540664214360072,False
2011-10-18 16:00:00,MT_196,34125.0,1.1237771664731788,False,False,0.9736657667477792,False
2011-10-18 17:00:00,MT_196,35416.6666666667,1.337282434615865,False,False,0.9694513524425296,False
2011-10-19 02:30:00,MT_196,16958.3333333333,-1.1514493072011414,False,False,1.5132317436765486,False
2011-10-19 10:45:00,MT_196,26250.0,0.11354517366716209,False,False,1.0262936637695017,False
2011-10-19 11:30:00,MT_196,25458.3333333333,0.003458323774490707,False,False,1.0728261422867267,False
2011-10-19 13:00:00,MT_196,31125.0,0.8623679431202199,False,False,1.013831676332758,False
2011-10-19 19:00:00,MT_196,25708.3333333333,0.32066784222036226,False,False,1.0844521389429242,False
2011-10-19 21:30:00,MT_196,24583.3333333333,0.08785646113446947,False,False,1.0261112085240567,False
2011-10-19 22:00:00,MT_196,26125.0,0.3949140962409377,False,False,1.0052378368143098,False
2011-10-20 01:00:00,MT_196,16833.3333333333,-1.404665862265734,False,False,1.3934029690266283,False
2011-10-20 03:45:00,MT_196,16250.0,-1.4975191194863424,False,False,1.5412927042916964,False
2011-10-20 05:30:00,MT_196,19416.6666666667,-0.8738958669124444,False,False,1.190249665422379,False
2011-10-20 06:30:00,MT_196,20916.6666666667,-0.5669553308736366,False,False,1.137302661168199,False
2011-10-20 08:00:00,MT_196,25000.0,0.21427690364351137,False,False,1.0658453967787245,False
2011-10-20 15:45:00,MT_196,26750.0,0.6916094928127592,False,False,1.024432961717854,False
2011-10-20 21:15:00,MT_196,24958.3333333333,0.48458861880186627,False,False,0.9984724342447121,False
2011-10-21 00:45:00,MT_196,15958.3333333333,-1.5230353784534405,False,False,1.2036437309175092,False
2011-10-21 06:00:00,MT_196,18666.6666666667,-0.8224319301554028,False,False,1.0114283990629045,False
2011-10-21 15:30:00,MT_196,26416.6666666667,0.9328304324264963,False,False,1.0536201487577561,False
2011-10-21 18:45:00,MT_196,29458.3333333333,1.5598928478178253,False,False,1.1625036286250674,False
2011-10-21 19:15:00,MT_196,27958.3333333333,1.1998514345809443,False,False,1.0210517291510395,False
2011-10-22 03:30:00,MT_196,12958.3333333333,-1.8623314862041105,False,False,1.2034335857361644,False
2011-10-22 04:30:00,MT_196,13541.6666666667,-1.7182809163208346,False,False,1.1606738478774596,False
2011-10-22 08:15:00,MT_196,23666.6666666667,0.27343389100352816,False,False,1.0089141022476389,False
2011-10-22 08:30:00,MT_196,21416.6666666667,-0.1781137054480172,False,False,1.0188810005052722,False
2011-10-22 14:45:00,MT_196,28333.3333333333,1.025959715248119,False,False,1.0029564333017482,False
2011-10-22 15:30:00,MT_196,28916.6666666667,1.1253903707853694,False,False,1.0259477511997048,False
2011-10-22 16:45:00,MT_196,30208.3333333333,1.3031235983077731,False,False,1.057431418316271,False
2011-10-22 19:45:00,MT_196,28875.0,1.0259086435025253,False,False,0.9975498157882173,False
2011-10-23 00:45:00,MT_196,16833.3333333333,-1.146257599586175,False,False,1.1323309333829021,False
2011-10-23 01:15:00,MT_196,12833.3333333333,-1.867633418973622,False,False,1.270922882641798,False
2011-10-23 01:45:00,MT_196,9833.33333333333,-2.36974642680138,False,False,1.712246537498829,False
2011-10-23 02:45:00,MT_196,10708.3333333333,-2.112568117341107,False,False,1.2842455193153104,False
2011-10-23 03:15:00,MT_196,10083.3333333333,-2.1617077896734713,False,False,1.2340070323093542,False
2011-10-23 03:30:00,MT_196,10208.3333333333,-2.116678339494891,False,False,1.180732706646759,False
2011-10-23 05:45:00,MT_196,19250.0,-0.5225327510440976,False,False,1.1165416245267128,False
2011-10-23 07:00:00,MT_196,20000.0,-0.4001954630315473,False,False,1.047073261212255,False
2011-10-23 08:30:00,MT_196,21958.3333333333,-0.0883514228528052,False,False,1.0541351942188901,False
2011-10-23 13:00:00,MT_196,29958.3333333333,1.1377193161917774,False,False,1.072511922962566,False
2011-10-23 15:30:00,MT_196,26083.3333333333,0.563102033459872,False,False,0.9727837895469537,False
2011-10-23 16:00:00,MT_196,26833.3333333333,0.6892952346561879,False,False,0.9840629568509645,False
2011-10-23 17:15:00,MT_196,26083.3333333333,0.598539014176087,False,False,1.0179600936613469,False
2011-10-23 23:00:00,MT_196,19750.0,-0.3328858693107655,False,False,1.0156046098554223,False
2011-10-23 23:45:00,MT_196,17291.6666666667,-0.7088680988864658,False,False,1.0183396607657074,False
2011-10-24 07:00:00,MT_196,22791.6666666667,0.005260021669414696,False,False,1.1908924929725029,False
2011-10-24 12:15:00,MT_196,25125.0,0.4463441570734041,False,False,1.0666919290749943,False
2011-10-25 14:30:00,MT_196,24458.3333333333,0.5554636593473409,False,False,1.0014426772348024,False
2011-10-25 15:45:00,MT_196,26041.6666666667,0.8991804510102566,False,False,0.9973065949344629,False
2011-10-25 21:00:00,MT_196,26666.6666666667,1.0182385213376068,False,False,1.0845324124928284,False
2011-10-26 01:00:00,MT_196,15875.0,-1.3402271673426114,False,False,1.2539567013097426,False
2011-10-26 02:00:00,MT_196,15250.0,-1.4951733028444505,False,False,1.2789880464385448,False
2011-10-26 02:30:00,MT_196,14500.0,-1.6658101290206733,False,False,1.1979706512503874,False
2011-10-26 10:15:00,MT_196,24875.0,0.6319309247579524,False,False,0.9900316744452269,False
2011-10-26 18:30:00,MT_196,25708.3333333333,0.9019541502363134,False,False,1.0017936780587355,False
2011-10-26 19:45:00,MT_196,25708.3333333333,0.8972887924789019,False,False,1.015002802320146,False
2011-10-26 20:30:00,MT_196,24583.3333333333,0.6430739700557173,False,False,1.0033423725925326,False
2011-10-26 22:15:00,MT_196,24125.0,0.5248704757102659,False,False,1.0048485774125113,False
2011-10-27 03:00:00,MT_196,16041.6666666667,-1.5096860763430782,False,False,1.6905850878089468,False
2011-10-27 21:15:00,MT_196,25375.0,0.6836223263239847,False,False,1.0004233180165836,False
2011-10-28 00:00:00,MT_196,17208.3333333333,-1.303759361146539,False,False,1.1826388930618774,False
2011-10-28 01:45:00,MT_196,15958.3333333333,-1.5801984198562093,False,False,1.3436181105551792,False
2011-10-28 02:00:00,MT_196,15458.3333333333,-1.6977106574748784,False,False,1.4259767183171843,False
2011-10-28 02:45:00,MT_196,15541.6666666667,-1.6762068710444031,False,False,1.4841828253770804,False
2011-10-28 05:45:00,MT_196,17166.6666666667,-1.2478141816019641,False,False,1.13691575707708,False
2011-10-28 08:45:00,MT_196,22875.0,0.1370763661288164,False,False,1.0491615715640037,False
2011-10-28 16:00:00,MT_196,26000.0,0.9010660107344812,False,False,1.058419627997225,False
2011-10-28 21:15:00,MT_196,26083.3333333333,0.8321367440691299,False,False,1.0109973867387245,False
2011-10-28 23:00:00,MT_196,24000.0,0.34728903895509194,False,False,1.0539126963501404,False
2011-10-29 06:15:00,MT_196,16750.0,-0.8877780082692643,False,False,0.9866549470514088,False
2011-10-29 13:30:00,MT_196,27791.6666666667,1.0238978669085894,False,False,0.9935848275957605,False
2011-10-29 15:15:00,MT_196,28041.6666666667,1.028805701505226,False,False,1.0145709827817657,False
2011-10-29 15:45:00,MT_196,27041.6666666667,0.8503353482319812,False,False,1.0006058609549142,False
2011-10-30 00:00:00,MT_196,16708.3333333333,-0.8793126691565096,False,False,1.0069859749223025,False
2011-10-30 01:00:00,MT_196,9416.66666666667,-2.0094304469545414,False,False,1.2387130915081577,False
2011-10-30 03:45:00,MT_196,8666.66666666667,-1.9016420617588983,False,False,1.0096228375223106,False
2011-10-30 05:00:00,MT_196,10041.6666666667,-1.6197066036733474,False,False,1.0142066016340057,False
2011-10-30 08:00:00,MT_196,19083.3333333333,-0.3396127759390925,False,False,1.0024909306494332,False
2011-10-30 10:00:00,MT_196,26500.0,0.7278156682844582,False,False,1.014363791921748,False
2011-10-30 10:30:00,MT_196,29708.3333333333,1.172953409820411,False,False,1.0812270745128039,False
2011-10-30 14:30:00,MT_196,24958.3333333333,0.5091315358446913,False,False,0.9891912103795732,False
2011-10-30 21:30:00,MT_196,24333.3333333333,0.4554213936343067,False,False,1.0263684861218854,False
2011-10-31 11:00:00,MT_196,27916.6666666667,1.0405552083751903,False,False,1.0351539231509268,False
2011-10-31 11:30:00,MT_196,26958.3333333333,0.8939875468231467,False,False,1.0337552836148536,False
2011-10-31 19:15:00,MT_196,29083.3333333333,1.1735407812507006,False,False,1.0069795482870991,False
2011-10-31 21:00:00,MT_196,25375.0,0.6292322975492899,False,False,1.0032539787440482,False
2011-10-31 21:30:00,MT_196,26125.0,0.7333145833853794,False,False,1.0116852176451199,False
2011-11-01 02:45:00,MT_196,11166.6666666667,-1.5427270448987818,False,False,1.0042884678362411,False
2011-11-01 03:30:00,MT_196,8583.33333333333,-1.9474667615501382,False,False,1.1005281551857036,False
2011-11-01 04:15:00,MT_196,10083.3333333333,-1.7205083919644562,False,False,0.9708205469158313,False
2011-11-01 07:00:00,MT_196,17500.0,-0.6197815948176352,False,False,0.952294489947962,False
2011-11-01 09:15:00,MT_196,25583.3333333333,0.6124879699287707,False,False,0.9935028943475053,False
2011-11-01 13:00:00,MT_196,27125.0,0.8523881934769452,False,False,1.0020382847973939,False
2011-11-01 17:00:00,MT_196,26458.3333333333,0.7590334013235428,False,False,1.0150445821920078,False
2011-11-01 17:15:00,MT_196,26583.3333333333,0.78224777528669,False,False,1.0198818149778308,False
2011-11-01 22:15:00,MT_196,23708.3333333333,0.3713469260684199,False,False,0.9943155455995931,False
2011-11-02 04:30:00,MT_196,11333.3333333333,-1.5381993519522785,False,False,0.9888323679565811,False
2011-11-02 06:00:00,MT_196,17750.0,-0.5415590780687082,False,False,1.0073480499163077,False
2011-11-02 12:45:00,MT_196,25250.0,0.6436268557211243,False,False,1.0054948113302113,False
2011-11-02 16:30:00,MT_196,26916.6666666667,0.9411956150402409,False,False,1.0084377432672476,False
2011-11-02 18:15:00,MT_196,25708.3333333333,0.7496807787806843,False,False,0.9992767038099137,False
2011-11-03 01:45:00,MT_196,11708.3333333333,-1.620011700398677,False,False,1.0059601608793316,False
2011-11-03 02:45:00,MT_196,10666.6666666667,-1.7974053813997712,False,False,0.9848514121228095,False
2011-11-03 09:15:00,MT_196,25416.6666666667,0.6607453642469752,False,False,1.030328393012378,False
2011-11-03 10:15:00,MT_196,24333.3333333333,0.4850261556954856,False,False,0.9945994370921948,False
2011-11-03 12:00:00,MT_196,27625.0,1.0368980011527704,False,False,1.0735444329056945,False
2011-11-03 14:45:00,MT_196,26416.6666666667,0.8441030114717285,False,False,1.0048781397355677,False
2011-11-03 20:15:00,MT_196,24916.6666666667,0.6488967843372307,False,False,0.9911151095931865,False
2011-11-03 23:15:00,MT_196,22500.0,0.25461789961019554,False,False,1.0877583054805515,False
2011-11-03 23:45:00,MT_196,19125.0,-0.3187577822553138,False,False,1.0367669862750788,False
2011-11-04 08:30:00,MT_196,19333.3333333333,-0.2045361779975432,False,False,1.02216412686481,False
2011-11-04 19:45:00,MT_196,25333.3333333333,0.8015124080648395,False,False,0.9799168389185205,False
2011-11-04 20:15:00,MT_196,25833.3333333333,0.8792010683689981,False,False,1.00264723948018,False
2011-11-04 21:00:00,MT_196,25458.3333333333,0.7967890950879385,False,False,1.0132306244956129,False
2011-11-05 01:45:00,MT_196,9875.0,-1.6677258951432414,False,False,0.9570325062904418,False
2011-11-05 02:30:00,MT_196,9208.33333333333,-1.766495955367621,False,False,0.9842523840452084,False
2011-11-05 03:30:00,MT_196,8958.33333333333,-1.801229730811986,False,False,0.9862370552011275,False
2011-11-05 09:45:00,MT_196,23708.3333333333,0.5075683847356282,False,False,0.9603612918373512,False
2011-11-05 10:00:00,MT_196,23750.0,0.5106332630455164,False,False,0.9697355658976609,False
2011-11-05 10:15:00,MT_196,27208.3333333333,1.055520643656523,False,False,1.0336751919992957,False
2011-11-05 10:30:00,MT_196,23625.0,0.4854242395570875,False,False,0.9895957807429168,False
2011-11-05 14:15:00,MT_196,26250.0,0.8422157165881499,False,False,0.990976674431501,False
2011-11-05 17:45:00,MT_196,25458.3333333333,0.6844695183714934,False,False,0.9993976113992904,False
2011-11-05 20:30:00,MT_196,24916.6666666667,0.5998454589654514,False,False,1.0104696242530087,False
2011-11-06 01:30:00,MT_196,8083.33333333333,-1.9315133958140271,False,False,1.153235423583285,False
2011-11-06 04:30:00,MT_196,8958.33333333333,-1.7912323967566588,False,False,1.016449989126279,False
2011-11-06 05:45:00,MT_196,15416.6666666667,-0.8105462269188766,False,False,0.999258684247755,False
2011-11-06 07:45:00,MT_196,18750.0,-0.29385601744678125,False,False,1.005168691561387,False
2011-11-06 10:00:00,MT_196,23000.0,0.35789836005622416,False,False,0.9781374972092546,False
2011-11-06 15:30:00,MT_196,26208.3333333333,0.8700466139365669,False,False,1.0095206439040187,False
2011-11-06 22:45:00,MT_196,18541.6666666667,-0.23789184292572932,False,False,1.0088781696780225,False
2011-11-07 01:30:00,MT_196,8375.0,-1.7720543163767126,False,False,1.0758964181074362,False
2011-11-07 02:45:00,MT_196,8916.66666666667,-1.6799267812243635,False,False,0.9937073406716342,False
2011-11-07 04:45:00,MT_196,8833.33333333333,-1.6619977590307424,False,False,1.1110289538169684,False
2011-11-07 19:30:00,MT_196,26333.3333333333,1.2120931394849794,False,False,1.0464549027348526,False
2011-11-07 23:30:00,MT_196,20291.6666666667,0.16058243393727348,False,False,1.017711378297133,False
2011-11-08 04:00:00,MT_196,9708.33333333333,-1.6784725937398528,False,False,0.9743960657899354,False
2011-11-08 12:45:00,MT_196,23958.3333333333,0.7090667382948886,False,False,0.9916136783792867,False
2011-11-08 20:30:00,MT_196,23500.0,0.590486144229787,False,False,1.0183647424077062,False
2011-11-08 23:15:00,MT_196,21958.3333333333,0.3311662854422743,False,False,1.0256651175158098,False
2011-11-09 01:00:00,MT_196,11041.6666666667,-1.4938888958724263,False,False,0.9744324380991888,False
2011-11-09 04:45:00,MT_196,11458.3333333333,-1.4942641364830538,False,False,0.9967537511800733,False
2011-11-09 13:15:00,MT_196,26083.3333333333,1.0079248312577525,False,False,1.0227381140516805,False
2011-11-09 16:30:00,MT_196,24958.3333333333,0.8209243301811198,False,False,1.008104690395504,False
2011-11-10 04:45:00,MT_196,10833.3333333333,-1.7277767610448973,False,False,1.053992631339379,False
2011-11-10 05:45:00,MT_196,15083.3333333333,-0.9596382843279069,False,False,0.997347617143904,False
2011-11-10 07:45:00,MT_196,20416.6666666667,-0.00913815158428531,False,False,1.074112168253663,False
2011-11-10 08:30:00,MT_196,20583.3333333333,0.023222111417503053,False,False,1.016155283469829,False
2011-11-10 10:00:00,MT_196,23208.3333333333,0.508516713827431,False,False,0.9834725113625603,False
2011-11-10 11:15:00,MT_196,24375.0,0.7321074666112579,False,False,1.0069497398008838,False
2011-11-10 15:45:00,MT_196,24458.3333333333,0.7276829577641951,False,False,0.9908249448271742,False
2011-11-10 16:00:00,MT_196,24875.0,0.8057057903848912,False,False,1.0042594696222806,False
2011-11-10 18:30:00,MT_196,24541.6666666667,0.7103179053560346,False,False,1.0011001621388216,False
2011-11-10 23:30:00,MT_196,21125.0,0.061935005662427,False,False,1.0263678558356721,False
2011-11-11 13:00:00,MT_196,27875.0,1.2507730340149987,False,False,1.021967141484803,False
2011-11-11 20:00:00,MT_196,27583.3333333333,1.1449749175717068,False,False,1.022014183728941,False
2011-11-11 21:30:00,MT_196,24833.3333333333,0.6570275370177152,False,False,0.9918559196248408,False
2011-11-12 07:15:00,MT_196,20625.0,-0.01472657772346234,False,False,1.0563713128842829,False
2011-11-12 12:45:00,MT_196,26791.6666666667,0.9165337003500124,False,False,1.006078376614388,False
2011-11-12 14:45:00,MT_196,27250.0,0.9626817985998433,False,False,0.9957208063493512,False
2011-11-12 15:15:00,MT_196,28708.3333333333,1.1756912739425052,False,False,1.023055831070232,False
2011-11-13 13:30:00,MT_196,25291.6666666667,0.6116954859365701,False,False,1.0263005898218192,False
2011-11-13 18:45:00,MT_196,26208.3333333333,0.8176901765712574,False,False,0.9899643255060949,False
2011-11-14 00:45:00,MT_196,12750.0,-1.242559956416545,False,False,0.9672062909650821,False
2011-11-14 06:30:00,MT_196,17125.0,-0.538271122283188,False,False,0.979343242884683,False
2011-11-14 09:15:00,MT_196,23041.6666666667,0.42166118521817025,False,False,0.976620962742332,False
2011-11-14 12:00:00,MT_196,24416.6666666667,0.6816630128152805,False,False,1.016270047296377,False
2011-11-14 14:15:00,MT_196,24541.6666666667,0.7524758894888939,False,False,1.0341907095687455,False
2011-11-14 17:45:00,MT_196,25333.3333333333,0.9427791066166801,False,False,0.9766461336419087,False
2011-11-14 18:00:00,MT_196,24166.6666666667,0.7435212156231084,False,False,0.9863754758681164,False
2011-11-14 20:45:00,MT_196,27041.6666666667,1.2551955460132938,False,False,1.2085678846710852,False
2011-11-15 03:00:00,MT_196,10083.3333333333,-1.7997614292517072,False,False,0.987773611521844,False
2011-11-15 03:45:00,MT_196,10708.3333333333,-1.6826922033808878,False,False,0.9763961609972315,False
2011-11-15 08:45:00,MT_196,22958.3333333333,0.4981080719859753,False,False,1.0141810996409977,False
2011-11-15 09:45:00,MT_196,23291.6666666667,0.5522344053788205,False,False,0.9803279516042114,False
2011-11-15 11:45:00,MT_196,23625.0,0.6138094100094149,False,False,0.982901234213116,False
2011-11-15 17:45:00,MT_196,24583.3333333333,0.715231985354296,False,False,1.003813474193489,False
2011-11-15 21:15:00,MT_196,25000.0,0.7774789517532762,False,False,1.028201601323726,False
2011-11-15 22:30:00,MT_196,23958.3333333333,0.6004884990158658,False,False,1.0194943915635342,False
2011-11-16 01:45:00,MT_196,11708.3333333333,-1.5180305161936496,False,False,0.9747688008157978,False
2011-11-16 03:15:00,MT_196,10625.0,-1.7922430241331282,False,False,0.9911874414757873,False
2011-11-16 07:15:00,MT_196,18541.6666666667,-0.39303043230309465,False,False,0.9849137105660658,False
2011-11-16 10:15:00,MT_196,23875.0,0.5806471075934365,False,False,0.9761789015099158,False
2011-11-16 15:45:00,MT_196,24708.3333333333,0.7403131585721253,False,False,1.0100690642122208,False
2011-11-16 18:00:00,MT_196,23583.3333333333,0.5276970980673699,False,False,1.0379602842835791,False
2011-11-16 21:00:00,MT_196,25750.0,0.9171081937565266,False,False,1.0718383738856938,False
2011-11-17 00:00:00,MT_196,16041.6666666667,-0.850067686789918,False,False,1.0693852722167554,False
2011-11-17 02:15:00,MT_196,10208.3333333333,-1.8103737004926135,False,False,0.9972609033115607,False
2011-11-17 13:00:00,MT_196,23958.3333333333,0.579922525893385,False,False,0.9835888250985593,False
2011-11-17 16:30:00,MT_196,25791.6666666667,0.927656792116967,False,False,1.012918865727289,False
2011-11-17 20:45:00,MT_196,26416.6666666667,1.0580847380620546,False,False,1.0416789593980018,False
2011-11-18 00:45:00,MT_196,13166.6666666667,-1.2310503020736894,False,False,1.0075428256479486,False
2011-11-18 01:45:00,MT_196,12250.0,-1.4489040141999694,False,False,0.9904687739594001,False
2011-11-18 07:15:00,MT_196,20166.6666666667,-0.08985065055747564,False,False,1.0455356068958412,False
2011-11-18 09:30:00,MT_196,23250.0,0.4888741722547576,False,False,0.9932602146841749,False
2011-11-18 12:00:00,MT_196,26291.6666666667,1.0429526897473231,False,False,1.0515731546748885,False
2011-11-18 14:15:00,MT_196,24583.3333333333,0.6903747811432509,False,False,0.9925964324922093,False
2011-11-18 17:00:00,MT_196,25125.0,0.7781146131058162,False,False,1.09404326514723,False
2011-11-18 20:30:00,MT_196,24625.0,0.6258065665610344,False,False,0.9995731867007556,False
2011-11-18 21:00:00,MT_196,25458.3333333333,0.778422906683198,False,False,1.0079705870031208,False
2011-11-18 21:30:00,MT_196,24291.6666666667,0.5709142943445032,False,False,0.9900173207039942,False
2011-11-19 02:45:00,MT_196,9833.33333333333,-1.887666494721515,False,False,0.9879412044282252,False
2011-11-19 03:00:00,MT_196,10041.6666666667,-1.8314432925356197,False,False,0.9778208482449338,False
2011-11-19 06:00:00,MT_196,17500.0,-0.5669054945459059,False,False,0.972843217035934,False
2011-11-19 06:30:00,MT_196,19000.0,-0.324499392922365,False,False,1.0360970075273306,False
2011-11-19 09:00:00,MT_196,28000.0,1.1533260305759672,False,False,1.0870153384698937,False
2011-11-19 09:30:00,MT_196,23916.6666666667,0.45839898360381537,False,False,0.9645261156835876,False
2011-11-19 10:00:00,MT_196,26333.3333333333,0.8527898804930427,False,False,1.01340849255957,False
2011-11-19 12:15:00,MT_196,27125.0,0.9355010505413984,False,False,1.0082491493881223,False
2011-11-19 18:45:00,MT_196,26875.0,0.8168264993170535,False,False,0.9829407131707271,False
2011-11-19 21:00:00,MT_196,26333.3333333333,0.706070648051562,False,False,1.0186576950704083,False
2011-11-19 22:30:00,MT_196,24958.3333333333,0.4920674567759162,False,False,1.0496311227859811,False
2011-11-20 03:15:00,MT_196,9458.33333333333,-1.8929093773139656,False,False,0.9965554181172791,False
2011-11-20 05:00:00,MT_196,10166.6666666667,-1.7779134859761947,False,False,1.027163220488655,False
2011-11-20 08:00:00,MT_196,19041.6666666667,-0.37564057896820013,False,False,0.9951716487304381,False
2011-11-20 12:45:00,MT_196,26625.0,0.8258105670280763,False,False,1.0385183530699382,False
2011-11-20 18:15:00,MT_196,27500.0,1.0121253330371083,False,False,1.021645366731878,False
2011-11-20 19:15:00,MT_196,25458.3333333333,0.6977977585918043,False,False,1.0149023582608343,False
2011-11-21 00:15:00,MT_196,11958.3333333333,-1.3327129783469256,False,False,1.0050180052903872,False
2011-11-21 03:30:00,MT_196,9791.66666666667,-1.6419243406474486,False,False,0.957444909241457,False
2011-11-21 04:00:00,MT_196,10208.3333333333,-1.579593566955045,False,False,0.9642180533690068,False
2011-11-21 05:15:00,MT_196,14666.6666666667,-0.897581802153322,False,False,1.032840316636744,False
2011-11-21 17:15:00,MT_196,25708.3333333333,0.9013808558191871,False,False,0.998710196053719,False
2011-11-21 22:00:00,MT_196,23333.3333333333,0.49489168907400355,False,False,1.010840876186858,False
2011-11-21 23:15:00,MT_196,21958.3333333333,0.2575399617462436,False,False,1.0829350105312532,False
2011-11-22 05:00:00,MT_196,14541.6666666667,-1.0104550210437413,False,False,0.9994138925062686,False
2011-11-22 11:30:00,MT_196,26208.3333333333,0.8969126155528546,False,False,0.9983711800088494,False
2011-11-23 01:30:00,MT_196,10458.3333333333,-1.6994190837709309,False,False,0.9800832338634304,False
2011-11-23 02:15:00,MT_196,10125.0,-1.7478195108152814,False,False,0.9983183409480539,False
2011-11-23 07:00:00,MT_196,18875.0,-0.31712265523390326,False,False,1.0110839857287923,False
2011-11-23 08:30:00,MT_196,19250.0,-0.2444186958419473,False,False,1.0605914151911386,False
2011-11-23 12:30:00,MT_196,22125.0,0.2686664578976453,False,False,1.030155498151679,False
2011-11-23 17:45:00,MT_196,25166.6666666667,0.7997382442727404,False,False,1.0017740401607174,False
2011-11-23 19:00:00,MT_196,26208.3333333333,0.9649963191133927,False,False,1.0178256116166347,False
2011-11-24 00:15:00,MT_196,13166.6666666667,-1.23657085307822,False,False,0.9938977253183995,False
2011-11-24 09:00:00,MT_196,23583.3333333333,0.5013203230952813,False,False,0.9996294380965917,False
2011-11-24 20:00:00,MT_196,24583.3333333333,0.6862611735914237,False,False,0.9999290039295526,False
2011-11-24 20:15:00,MT_196,24958.3333333333,0.7523519220216339,False,False,0.9903824471279482,False
2011-11-24 21:30:00,MT_196,24750.0,0.7171700895503714,False,False,1.0298466395674317,False
2011-11-25 02:00:00,MT_196,10583.3333333333,-1.739593128927441,False,False,0.9843298130968358,False
2011-11-25 06:45:00,MT_196,18833.3333333333,-0.31623660532900044,False,False,1.01483489037664,False
2011-11-25 14:00:00,MT_196,23500.0,0.49341686041426325,False,False,1.0098455083176503,False
2011-11-25 14:30:00,MT_196,24125.0,0.5986746642917301,False,False,0.992941475646557,False
2011-11-25 18:30:00,MT_196,26125.0,0.8696928867708553,False,False,1.0086874977163542,False
2011-11-25 20:45:00,MT_196,27333.3333333333,1.031407635814534,False,False,1.0608617755887824,False
2011-11-25 21:45:00,MT_196,24375.0,0.5346732139764901,False,False,0.9780450744030675,False
2011-11-26 00:00:00,MT_196,16958.3333333333,-0.684940206690341,False,False,1.028285409445079,False
2011-11-26 05:15:00,MT_196,13083.3333333333,-1.2430378530355108,False,False,1.0195762465375562,False
2011-11-26 06:15:00,MT_196,17833.3333333333,-0.5001483751521699,False,False,0.970266652564674,False
2011-11-26 12:30:00,MT_196,25791.6666666667,0.722227938963034,False,False,1.0246681935051987,False
2011-11-26 18:30:00,MT_196,26958.3333333333,0.8843197267982126,False,False,0.9822587221721453,False
2011-11-26 20:00:00,MT_196,26333.3333333333,0.774029280867348,False,False,0.9755082645720711,False
2011-11-27 11:15:00,MT_196,24250.0,0.5293099858237187,False,False,0.9675350562519847,False
2011-11-27 16:00:00,MT_196,22750.0,0.33905059185254793,False,False,0.9910294678341081,False
2011-11-28 00:30:00,MT_196,10791.6666666667,-1.52905363606034,False,False,1.0412818097399157,False
2011-11-28 03:00:00,MT_196,9750.0,-1.6604835244657854,False,False,0.9705642366264148,False
2011-11-28 03:45:00,MT_196,8375.0,-1.8768152464447931,False,False,1.0439022865014886,False
2011-11-28 07:45:00,MT_196,18916.6666666667,-0.16363912057998126,False,False,1.0016454774775567,False
2011-11-28 08:15:00,MT_196,17958.3333333333,-0.3103441657543876,False,False,1.0052649428903626,False
2011-11-28 12:45:00,MT_196,24958.3333333333,0.7837670382087255,False,False,1.0109191552799164,False
2011-11-28 14:30:00,MT_196,23708.3333333333,0.5912626401977468,False,False,1.0457263922123563,False
2011-11-28 17:30:00,MT_196,27041.6666666667,1.1050709874781206,False,False,1.0014868310980476,False
2011-11-28 19:00:00,MT_196,26541.6666666667,1.083934187346557,False,False,0.981870013756984,False
2011-11-29 01:30:00,MT_196,9208.33333333333,-1.7699841929008215,False,False,1.0054185857596192,False
2011-11-29 02:45:00,MT_196,9375.0,-1.7291114126689344,False,False,0.971338807507008,False
2011-11-29 04:00:00,MT_196,10000.0,-1.6383930678222551,False,False,0.9598150254107333,False
2011-11-29 04:15:00,MT_196,8833.33333333333,-1.8247030756604496,False,False,1.012785879873258,False
2011-11-29 10:15:00,MT_196,25208.3333333333,0.784166517896649,False,False,0.9975577755034641,False
2011-11-29 15:30:00,MT_196,24416.6666666667,0.6477385132420432,False,False,0.991005682711237,False
2011-11-29 16:45:00,MT_196,25625.0,0.856261705486581,False,False,0.9974792854471243,False
2011-11-29 17:30:00,MT_196,26083.3333333333,0.9217739888662914,False,False,1.0019808079637678,False
2011-11-30 03:30:00,MT_196,8666.66666666667,-1.8465159794194108,False,False,0.9941086573976118,False
2011-11-30 05:00:00,MT_196,8875.0,-1.8009492238863687,False,False,1.100156797410896,False
2011-11-30 05:15:00,MT_196,11458.3333333333,-1.3862349403390823,False,False,1.0170676117774666,False
2011-11-30 09:45:00,MT_196,23708.3333333333,0.5537962545331649,False,False,0.9683736622992148,False
2011-11-30 15:45:00,MT_196,25333.3333333333,0.8364233476541586,False,False,1.0102607619843527,False
2011-11-30 17:45:00,MT_196,24958.3333333333,0.774710011011881,False,False,1.0052402405748768,False
2011-12-01 01:30:00,MT_196,9958.33333333333,-1.6083198294420844,False,False,0.9614921036041648,False
2011-12-01 03:15:00,MT_196,7875.0,-1.9395965026000108,False,False,1.2003455228275166,False
2011-12-01 04:00:00,MT_196,10083.3333333333,-1.5891606518701564,False,False,0.9719021063944605,False
2011-12-01 04:15:00,MT_196,8333.33333333333,-1.8706221991529333,False,False,1.144441693891989,False
2011-12-01 05:15:00,MT_196,11125.0,-1.4316202567057885,False,False,1.008599431711895,False
2011-12-01 07:15:00,MT_196,18500.0,-0.2591495749409523,False,False,1.0497596537409297,False
2011-12-01 15:00:00,MT_196,25375.0,0.7847586597407368,False,False,1.001477613915312,False
2011-12-01 16:15:00,MT_196,24541.6666666667,0.6359354883854585,False,False,1.0195833373745893,False
2011-12-01 16:30:00,MT_196,25666.6666666667,0.8167168486793407,False,False,1.0179499176199835,False
2011-12-02 07:30:00,MT_196,19208.3333333333,-0.21723590845209043,False,False,1.0200729187045674,False
2011-12-02 07:45:00,MT_196,19583.3333333333,-0.15334040396195955,False,False,1.0303867612730777,False
2011-12-02 18:15:00,MT_196,27000.0,1.0939484528724372,False,False,1.0398782548265424,False
2011-12-02 22:00:00,MT_196,25250.0,0.7168227333415648,False,False,0.9869939234043407,False
2011-12-03 00:00:00,MT_196,15958.3333333333,-0.8261524664783982,False,False,1.011809835717255,False
2011-12-03 00:30:00,MT_196,12041.6666666667,-1.4453467445475756,False,False,1.0096195838537207,False
2011-12-03 03:45:00,MT_196,9208.33333333333,-1.8285674361707474,False,False,0.9889148658248881,False
2011-12-03 05:45:00,MT_196,13875.0,-1.0548924021032005,False,False,1.021032232216907,False
2011-12-03 06:15:00,MT_196,17166.6666666667,-0.5433493223946224,False,False,0.9587490870807268,False
2011-12-03 06:30:00,MT_196,14875.0,-0.8862823424807905,False,False,1.0313925561255617,False
2011-12-03 08:00:00,MT_196,18583.3333333333,-0.32121644991099246,False,False,0.998216598280918,False
2011-12-03 12:00:00,MT_196,25791.6666666667,0.7388507140652388,False,False,1.013087711628136,False
2011-12-03 14:45:00,MT_196,24208.3333333333,0.5024522368615525,False,False,1.02134329819406,False
2011-12-04 13:15:00,MT_196,25791.6666666667,0.7617240944079133,False,False,1.0455923911974752,False
2011-12-04 22:00:00,MT_196,23500.0,0.4663451464436711,False,False,1.0281983973991577,False
2011-12-05 00:15:00,MT_196,11833.3333333333,-1.3382821968625966,False,False,1.0071200917364227,False
2011-12-05 03:45:00,MT_196,9458.33333333333,-1.685204347106021,False,False,0.9726855351739898,False
2011-12-05 06:15:00,MT_196,17250.0,-0.4622963508695018,False,False,1.0048565703163725,False
2011-12-05 06:30:00,MT_196,15791.6666666667,-0.6929019939571706,False,False,0.9659003989578898,False
2011-12-05 06:45:00,MT_196,17958.3333333333,-0.35717109640245337,False,False,1.0196389877310303,False
2011-12-05 09:15:00,MT_196,22125.0,0.2872472413929326,False,False,0.9721793041614553,False
2011-12-05 11:00:00,MT_196,23458.3333333333,0.5287611631984671,False,False,1.003811823967412,False
2011-12-05 12:30:00,MT_196,24541.6666666667,0.7078631473707329,False,False,1.013205659364944,False
2011-12-05 17:45:00,MT_196,25083.3333333333,0.8535754634860014,False,False,0.9793101503136307,False
2011-12-05 19:30:00,MT_196,26916.6666666667,1.1521351629129415,False,False,1.0246156674370415,False
2011-12-05 22:00:00,MT_196,26375.0,1.029946143993312,False,False,1.1271144992250217,False
2011-12-06 00:00:00,MT_196,17833.3333333333,-0.39958730361440553,False,False,1.0600948234306056,False
2011-12-06 01:00:00,MT_196,10916.6666666667,-1.5490960997537826,False,False,1.036042759703034,False
2011-12-06 02:15:00,MT_196,8958.33333333333,-1.881898939260779,False,False,0.9644896640274049,False
2011-12-06 11:00:00,MT_196,24416.6666666667,0.6311806007114259,False,False,1.003265862205657,False
2011-12-06 11:45:00,MT_196,25083.3333333333,0.7370763515038931,False,False,1.0069575072436183,False
2011-12-06 15:15:00,MT_196,24708.3333333333,0.6558884313124881,False,False,0.9938782683251834,False
2011-12-06 23:45:00,MT_196,19375.0,-0.19803433375212667,False,False,1.0235212154296907,False
2011-12-07 01:00:00,MT_196,10583.3333333333,-1.6272209672734816,False,False,0.9824748036950705,False
2011-12-07 02:30:00,MT_196,5416.66666666667,-2.1296774401995786,False,False,1.912310207722457,False
2011-12-07 06:45:00,MT_196,18625.0,-0.1611462716547805,False,False,1.0489020952749804,False
2011-12-07 07:15:00,MT_196,19375.0,-0.06814764989076985,False,False,1.0708403136359772,False
2011-12-07 08:45:00,MT_196,23416.6666666667,0.48242456257244104,False,False,0.9918794522018081,False
2011-12-07 09:45:00,MT_196,24250.0,0.5971726128018803,False,False,0.9753241926736623,False
2011-12-07 14:45:00,MT_196,24083.3333333333,0.5613505799833375,False,False,1.0705568909842065,False
2011-12-07 20:15:00,MT_196,25333.3333333333,0.689696588121501,False,False,0.9964584181003155,False
2011-12-07 20:30:00,MT_196,24541.6666666667,0.5899078952774457,False,False,1.0014315153287752,False
2011-12-08 03:45:00,MT_196,9791.66666666667,-1.6039852735398317,False,False,0.9553685745646961,False
2011-12-08 10:00:00,MT_196,23458.3333333333,0.4346455852573224,False,False,0.9893402773817065,False
2011-12-08 13:00:00,MT_196,25333.3333333333,0.717341900967119,False,False,0.9874128257322222,False
2011-12-08 20:00:00,MT_196,26208.3333333333,0.7753654900800634,False,False,0.9839913817526792,False
2011-12-08 22:15:00,MT_196,22041.6666666667,0.14934232027636304,False,False,1.0334492746420343,False
2011-12-09 00:30:00,MT_196,13625.0,-1.0763334164868739,False,False,1.0077867928060993,False
2011-12-09 02:00:00,MT_196,10500.0,-1.5667082837277266,False,False,0.9891919093791411,False
2011-12-09 04:45:00,MT_196,10458.3333333333,-1.6104038008764756,False,False,1.011216383002267,False
2011-12-09 08:00:00,MT_196,20000.0,-0.17012054802317894,False,False,1.0166684374764412,False
2011-12-09 08:15:00,MT_196,20208.3333333333,-0.135373717824327,False,False,1.0118254422645645,False
2011-12-09 12:30:00,MT_196,24875.0,0.5957057967209256,False,False,0.9822255354022049,False
2011-12-09 14:00:00,MT_196,24375.0,0.5343576567159634,False,False,1.026889080895725,False
2011-12-09 18:30:00,MT_196,27666.6666666667,1.0795856292830397,False,False,1.011546270218596,False
2011-12-09 19:15:00,MT_196,27291.6666666667,1.0212335397547159,False,False,0.9807009151872463,False
2011-12-09 22:45:00,MT_196,22541.6666666667,0.253438254352329,False,False,1.0643180082030115,False
2011-12-10 02:15:00,MT_196,9708.33333333333,-1.8035190709154718,False,False,0.9954536206777984,False
2011-12-10 04:15:00,MT_196,10250.0,-1.7400512639271652,False,False,0.9595810197931923,False
2011-12-10 04:30:00,MT_196,10541.6666666667,-1.6875918802618346,False,False,0.9852588240097928,False
2011-12-10 04:45:00,MT_196,10458.3333333333,-1.6965004872094496,False,False,0.994482375835435,False
2011-12-10 09:00:00,MT_196,27541.6666666667,1.030923237483083,False,False,1.0562498733766574,False
2011-12-10 21:30:00,MT_196,25083.3333333333,0.4926532547437499,False,False,1.0360831865181956,False
2011-12-11 01:15:00,MT_196,9416.66666666667,-1.8332530522062491,False,False,1.05386432372856,False
2011-12-11 01:30:00,MT_196,9666.66666666667,-1.7932861330319314,False,False,1.0046597065241016,False
2011-12-11 02:00:00,MT_196,10125.0,-1.7269228404472972,False,False,0.9622459091904604,False
2011-12-11 03:30:00,MT_196,10041.6666666667,-1.7403849358740522,False,False,0.9639156595657555,False
2011-12-11 06:45:00,MT_196,17125.0,-0.6783619501123089,False,False,0.9573571858598131,False
2011-12-11 09:00:00,MT_196,27750.0,0.8930214933874311,False,False,1.0774813643056458,False
2011-12-11 09:30:00,MT_196,24875.0,0.4713928823168114,False,False,1.0245709202692541,False
2011-12-11 11:30:00,MT_196,28000.0,0.9160302371063576,False,False,1.0116459636912019,False
2011-12-11 14:15:00,MT_196,23708.3333333333,0.32642946728069927,False,False,1.0038820440343432,False
2011-12-11 16:30:00,MT_196,25958.3333333333,0.7228478070066042,False,False,0.9974440922537486,False
2011-12-11 18:00:00,MT_196,25416.6666666667,0.6454339004873172,False,False,1.0037523252105474,False
2011-12-11 18:30:00,MT_196,24416.6666666667,0.5078687225122812,False,False,1.015400650930015,False
2011-12-12 00:00:00,MT_196,15208.3333333333,-0.8675984772226196,False,False,1.0313981749291523,False
2011-12-12 02:30:00,MT_196,11333.3333333333,-1.6078544904914236,False,False,1.0152216238252183,False
2011-12-12 05:00:00,MT_196,10291.6666666667,-1.8159682627535187,False,False,1.1765859117970676,False
2011-12-12 06:15:00,MT_196,15500.0,-0.943239422573339,False,False,0.9543718940644851,False
2011-12-12 06:45:00,MT_196,17000.0,-0.6790489924607713,False,False,0.9669052031853397,False
2011-12-12 09:30:00,MT_196,25166.6666666667,0.6985305463354927,False,False,0.9966311004644866,False
2011-12-12 10:15:00,MT_196,25166.6666666667,0.7114486664321843,False,False,0.9882779681468309,False
2011-12-12 18:15:00,MT_196,23583.3333333333,0.39102495464576875,False,False,1.0859659743977124,False
2011-12-12 21:45:00,MT_196,24333.3333333333,0.539348300957821,False,False,1.010254462475064,False
2011-12-12 22:15:00,MT_196,24333.3333333333,0.5355070118275406,False,False,1.034270339973859,False
2011-12-13 06:45:00,MT_196,17000.0,-0.6231730102540561,False,False,0.948718453953112,False
2011-12-13 11:45:00,MT_196,27250.0,0.933936648530475,False,False,1.0000678979003403,False
2011-12-13 17:30:00,MT_196,26875.0,0.8658722703510999,False,False,1.0191285598841788,False
2011-12-13 22:15:00,MT_196,24625.0,0.4934978797493383,False,False,0.9921820175400524,False
2011-12-14 04:15:00,MT_196,9666.66666666667,-1.8201627676477257,False,False,0.9954074871238368,False
2011-12-14 16:30:00,MT_196,27000.0,0.8563123171722712,False,False,1.0135204151444903,False
2011-12-14 17:30:00,MT_196,28333.3333333333,1.058406697880965,False,False,1.0327242687593972,False
2011-12-14 22:45:00,MT_196,21833.3333333333,0.08768560643657988,False,False,0.9918783729920284,False
2011-12-15 00:45:00,MT_196,10375.0,-1.7073471163336502,False,False,1.0019128057259368,False
2011-12-15 06:30:00,MT_196,16208.3333333333,-0.6963398754552356,False,False,0.9461530837109494,False
2011-12-15 13:45:00,MT_196,25791.6666666667,0.7489343525549917,False,False,1.0085234598874615,False
2011-12-15 19:45:00,MT_196,28875.0,1.2198153333153345,False,False,1.0911782330363637,False
2011-12-15 23:15:00,MT_196,22000.0,0.1389459699969336,False,False,1.0570649856650138,False
2011-12-16 03:15:00,MT_196,9833.33333333333,-1.7913247468284825,False,False,0.9879830211324769,False
2011-12-16 11:45:00,MT_196,26541.6666666667,0.7554219750539644,False,False,0.983398331520386,False
2011-12-16 13:00:00,MT_196,27000.0,0.8236928934544712,False,False,0.9942158566574164,False
2011-12-16 14:45:00,MT_196,26583.3333333333,0.7647409086997038,False,False,1.037259294587849,False
2011-12-16 15:00:00,MT_196,27000.0,0.8321349662350065,False,False,1.0511193563464567,False
2011-12-16 18:00:00,MT_196,28208.3333333333,1.0313043241194595,False,False,1.0337065343130942,False
2011-12-16 19:00:00,MT_196,27125.0,0.8504417629989112,False,False,0.9766826501257972,False
2011-12-16 21:15:00,MT_196,27833.3333333333,0.9541004238304088,False,False,1.0820854015865784,False
2011-12-16 22:00:00,MT_196,24833.3333333333,0.4551258007782623,False,False,0.9843334717654502,False
2011-12-17 00:45:00,MT_196,12708.3333333333,-1.4805084534123831,False,False,1.0129989494596177,False
2011-12-17 09:45:00,MT_196,26791.6666666667,0.7195602856710688,False,False,0.9802350138948516,False
2011-12-17 12:30:00,MT_196,23625.0,0.26786600414430656,False,False,1.2153402485308524,False
2011-12-17 12:45:00,MT_196,25083.3333333333,0.4924820535028791,False,False,1.0629269656176241,False
2011-12-17 13:00:00,MT_196,26625.0,0.7345926419898308,False,False,0.9977957000813694,False
2011-12-17 15:15:00,MT_196,27916.6666666667,0.8940215487519546,False,False,1.01062172390216,False
2011-12-17 19:30:00,MT_196,27041.6666666667,0.7431030574152754,False,False,0.9717359884275577,False
2011-12-18 00:45:00,MT_196,11333.3333333333,-1.5827586238125182,False,False,1.0113574815385162,False
2011-12-18 01:00:00,MT_196,10875.0,-1.6445642694623215,False,False,0.9996264201275701,False
2011-12-18 01:45:00,MT_196,9416.66666666667,-1.8627359843322515,False,False,1.0078278806891834,False
2011-12-18 05:30:00,MT_196,10333.3333333333,-1.6071042891865976,False,False,1.0872036484239136,False
2011-12-18 07:15:00,MT_196,21000.0,-0.08264875269357701,False,False,1.089290125340371,False
2011-12-18 08:30:00,MT_196,25375.0,0.5610440798720377,False,False,1.0860084365238483,False
2011-12-18 10:00:00,MT_196,28500.0,0.9994392522474697,False,False,1.0604902961845646,False
2011-12-18 11:00:00,MT_196,26250.0,0.6426991989994869,False,False,0.9689468318937301,False
2011-12-18 12:30:00,MT_196,25541.6666666667,0.5080464414067859,False,False,1.0234005512698887,False
2011-12-18 13:45:00,MT_196,26000.0,0.5710784787577408,False,False,1.0382015444326511,False
2011-12-18 14:15:00,MT_196,24083.3333333333,0.3107979706103429,False,False,1.0016166153931394,False
2011-12-18 20:45:00,MT_196,24083.3333333333,0.4078460785627121,False,False,0.9955131609309809,False
2011-12-18 21:45:00,MT_196,22875.0,0.24619774520097001,False,False,1.0113301490230941,False
2011-12-18 22:15:00,MT_196,22000.0,0.1225379150590305,False,False,1.0081555289708066,False
2011-12-19 01:15:00,MT_196,9958.33333333333,-1.5409659008986647,False,False,0.9929678050119644,False
2011-12-19 03:00:00,MT_196,9291.66666666667,-1.628252708043678,False,False,0.9752617586497385,False
2011-12-19 08:00:00,MT_196,27041.6666666667,0.898007529620482,False,False,1.1549917429897827,False
2011-12-19 12:15:00,MT_196,23041.6666666667,0.3811748083855032,False,False,1.0356695587254723,False
2011-12-19 12:30:00,MT_196,24541.6666666667,0.604467968815102,False,False,1.0211613234667165,False
2011-12-19 13:30:00,MT_196,24833.3333333333,0.6519709428477993,False,False,1.036033972347059,False
2011-12-19 14:45:00,MT_196,24750.0,0.6378360567529825,False,False,1.0626536988414024,False
2011-12-19 15:00:00,MT_196,25875.0,0.8010401186721122,False,False,1.0568402865354258,False
2011-12-19 18:45:00,MT_196,25791.6666666667,0.7762995460682042,False,False,0.9850603885812061,False
2011-12-20 01:15:00,MT_196,8625.0,-1.8729779084821487,False,False,1.043899706661086,False
2011-12-20 11:30:00,MT_196,22291.6666666667,0.1921672081431125,False,False,1.0462219648292614,False
2011-12-20 13:15:00,MT_196,27291.6666666667,0.9578289526010276,False,False,1.0029284782278616,False
2011-12-20 17:15:00,MT_196,27250.0,0.8976459555301843,False,False,1.0241443006942847,False
2011-12-20 21:45:00,MT_196,24333.3333333333,0.42705379603970434,False,False,0.9875600132312771,False
2011-12-20 23:00:00,MT_196,22541.6666666667,0.1613866625418528,False,False,1.0063727937356197,False
2011-12-20 23:15:00,MT_196,23083.3333333333,0.24135517448695845,False,False,1.0284499655513168,False
2011-12-21 00:30:00,MT_196,16333.3333333333,-0.7551190859147465,False,False,1.0578165563704933,False
2011-12-21 05:30:00,MT_196,16416.6666666667,-0.8441861736900655,False,False,0.9965403973628034,False
2011-12-21 06:00:00,MT_196,15083.3333333333,-1.0543385689434017,False,False,0.9931202579504977,False
2011-12-21 10:00:00,MT_196,22458.3333333333,0.11446554347725782,False,False,0.9787137502944361,False
2011-12-21 13:15:00,MT_196,25666.6666666667,0.6526829902369544,False,False,1.0279896515457903,False
2011-12-21 17:00:00,MT_196,26875.0,0.8691598965036843,False,False,1.019316436602046,False
2011-12-21 19:15:00,MT_196,25500.0,0.6842378308011767,False,False,0.996032950686862,False
2011-12-21 20:15:00,MT_196,26083.3333333333,0.7888873824372923,False,False,1.0013917623959687,False
2011-12-21 20:45:00,MT_196,24875.0,0.5850183572943948,False,False,0.9999524739963632,False
2011-12-22 07:15:00,MT_196,21666.6666666667,-0.03797565937877041,False,False,1.1061965361781192,False
2011-12-22 07:30:00,MT_196,22375.0,0.10944297240713609,False,False,1.1013082711489202,False
2011-12-22 14:15:00,MT_196,27666.6666666667,1.1768374721705679,False,False,1.0505053240699138,False
2011-12-22 15:30:00,MT_196,26000.0,0.83358657858951,False,False,1.0068115356632852,False
2011-12-22 16:45:00,MT_196,26916.6666666667,1.0261406363064267,False,False,1.057338618578258,False
2011-12-22 18:15:00,MT_196,27291.6666666667,1.0783546761746636,False,False,1.0295609186074712,False
2011-12-23 01:15:00,MT_196,13000.0,-1.719518325428542,False,False,1.115982970499297,False
2011-12-23 05:15:00,MT_196,15125.0,-1.2325863890216542,False,False,1.0320903946761528,False
2011-12-23 06:15:00,MT_196,16041.6666666667,-1.0508347742839665,False,False,1.0186282601149208,False
2011-12-23 08:30:00,MT_196,24708.3333333333,0.5214223470365211,False,False,1.0345201180521248,False
2011-12-23 08:45:00,MT_196,26083.3333333333,0.7702591483473598,False,False,1.0768153894764845,False
2011-12-23 13:00:00,MT_196,29041.6666666667,1.2122281681303386,False,False,1.0019777317147616,False
2011-12-23 15:00:00,MT_196,26708.3333333333,0.7709048486559252,False,False,1.0469492645759622,False
2011-12-23 22:30:00,MT_196,24416.6666666667,0.33933877758798525,False,False,1.007696357645424,False
2011-12-24 00:45:00,MT_196,19458.3333333333,-0.5256315808084944,False,False,1.224655852895554,False
2011-12-24 01:30:00,MT_196,13583.3333333333,-1.5388676464950977,False,False,1.100642020227325,False
2011-12-24 11:00:00,MT_196,22708.3333333333,0.033287782975574894,False,False,1.224096643849385,False
2011-12-24 13:00:00,MT_196,28041.6666666667,0.9521333687045125,False,False,0.9950271345844777,False
2011-12-24 14:00:00,MT_196,24208.3333333333,0.31380234218876596,False,False,1.1079505617865926,False
2011-12-24 22:00:00,MT_196,13083.3333333333,-1.2856180141161784,False,False,2.0219830173351903,False
2011-12-24 22:30:00,MT_196,13291.6666666667,-1.1895224148239623,False,False,1.600849309786162,False
2011-12-24 23:15:00,MT_196,11583.3333333333,-1.4134703248238925,False,False,1.4279212298809958,False
2011-12-25 00:45:00,MT_196,10916.6666666667,-1.3380579377086743,False,False,1.0080091615461306,False
2011-12-25 01:00:00,MT_196,10333.3333333333,-1.4085708269628934,False,False,1.0048456458438846,False
2011-12-25 03:30:00,MT_196,9250.0,-1.4939060823998254,False,False,1.0244787145776388,False
2011-12-25 06:00:00,MT_196,9041.66666666667,-1.3644265082507605,False,False,1.4509721226861554,False
2011-12-25 09:15:00,MT_196,10541.6666666667,-0.8706248511547607,False,False,2.174254070693254,False
2011-12-25 10:00:00,MT_196,10916.6666666667,-0.7601081128501259,False,False,2.3268215022626566,False
2011-12-25 11:15:00,MT_196,10000.0,-0.8141486508935347,False,False,2.9163159810217816,False
2011-12-25 14:30:00,MT_196,8916.66666666667,-0.8084588805521392,False,False,3.0877788263325803,False
2011-12-25 17:15:00,MT_196,9000.0,-0.6629051750543407,False,False,3.2086305488173563,False
2011-12-25 18:00:00,MT_196,9208.33333333333,-0.6112107378442729,False,False,3.1266615939985694,False
2011-12-25 20:30:00,MT_196,8958.33333333333,-0.9025190827287359,False,False,2.696542749383735,False
2011-12-26 02:15:00,MT_196,7958.33333333333,-1.9645470430268288,False,False,1.2022299594575794,False
2011-12-26 02:30:00,MT_196,8291.66666666667,-1.46423980200194,False,False,1.0787756765853214,False
2011-12-26 04:45:00,MT_196,7875.0,-1.8430615192607929,False,False,1.2897001145345686,False
2011-12-26 09:00:00,MT_196,26041.6666666667,3.8225400510569916,True,False,2.986896354563516,False
2011-12-26 15:45:00,MT_196,24333.3333333333,1.4045243818793818,False,False,1.1024895766366296,False
2011-12-26 17:45:00,MT_196,24958.3333333333,1.2493430088012567,False,False,1.0012775068349482,False
2011-12-26 20:45:00,MT_196,23208.3333333333,0.7161397459955657,False,False,0.9916718040945893,False
2011-12-27 06:00:00,MT_196,12833.3333333333,-1.3276428316017077,False,False,1.0995571028999354,False
2011-12-27 13:30:00,MT_196,27208.3333333333,1.063334036793056,False,False,1.0080258245795402,False
2011-12-27 14:15:00,MT_196,27000.0,0.9927671994685602,False,False,1.0088066271054414,False
2011-12-27 18:00:00,MT_196,27750.0,1.0010707468429394,False,False,1.030686681545368,False
2011-12-28 02:45:00,MT_196,10541.6666666667,-1.6517586192313347,False,False,0.9734655686633401,False
2011-12-28 09:45:00,MT_196,28125.0,0.9026959327419716,False,False,1.166455915284932,False
2011-12-28 10:00:00,MT_196,27375.0,0.7757295054358526,False,False,1.0753569766094726,False
2011-12-28 13:00:00,MT_196,24875.0,0.42712958502899206,False,False,1.0445551717444768,False
2011-12-28 15:15:00,MT_196,25750.0,0.594072881633276,False,False,1.0663279328515503,False
2011-12-28 22:45:00,MT_196,22250.0,0.09915847398435686,False,False,1.0029999530547151,False
2011-12-29 04:45:00,MT_196,9083.33333333333,-1.845057661054332,False,False,1.1492113711410452,False
2011-12-29 08:15:00,MT_196,23958.3333333333,0.39504664230317826,False,False,1.043345765091061,False
2011-12-29 09:00:00,MT_196,28291.6666666667,1.0412890759678184,False,False,1.1604205989124579,False
2011-12-29 12:15:00,MT_196,23708.3333333333,0.3704478090155438,False,False,1.0001853716152744,False
2011-12-29 13:00:00,MT_196,25041.6666666667,0.5677106285249829,False,False,0.9920775385985755,False
2011-12-30 04:45:00,MT_196,9375.0,-1.7549074981214026,False,False,1.0566767249026918,False
2011-12-30 14:00:00,MT_196,26208.3333333333,0.7532306153830222,False,False,1.0288481250158716,False
2011-12-30 14:15:00,MT_196,24916.6666666667,0.5562596225765932,False,False,1.0262620453448668,False
2011-12-30 14:45:00,MT_196,24208.3333333333,0.44562963707172293,False,False,1.054047453063351,False
2011-12-30 15:15:00,MT_196,26708.3333333333,0.8273866830272605,False,False,1.0602123072042815,False
2011-12-31 01:00:00,MT_196,13000.0,-1.2353625890040063,False,False,1.0190342724467416,False
2011-12-31 02:15:00,MT_196,8791.66666666667,-1.84575178949694,False,False,0.9974294156282958,False
2011-12-31 02:30:00,MT_196,8958.33333333333,-1.8187141467020729,False,False,0.9902160482391947,False
2011-12-31 03:15:00,MT_196,10291.6666666667,-1.6209084273908896,False,False,0.9714434368738714,False
2011-12-31 04:00:00,MT_196,11625.0,-1.4574137897577477,False,False,1.0020096006147081,False
2011-12-31 04:15:00,MT_196,15250.0,-0.932307532560228,False,False,1.2302550397761078,False
2011-12-31 06:15:00,MT_196,17291.6666666667,-0.6543076807999894,False,False,0.9618125063456603,False
2011-12-31 15:30:00,MT_196,25791.6666666667,0.5720008254092309,False,False,1.0448283753829706,False
2011-12-31 18:45:00,MT_196,28250.0,0.9743151372520693,False,False,1.0072926814067389,False
2012-01-01 00:15:00,MT_196,8291.66666666667,-1.5072516469592212,False,False,1.3096997885307555,False
2012-01-01 01:00:00,MT_196,10416.6666666667,-1.192262030701871,False,False,1.0815608033727364,False
2012-01-01 03:00:00,MT_196,10000.0,-1.2319137695725932,False,False,1.2890440347728844,False
2012-01-01 04:45:00,MT_196,8750.0,-1.3287579779157281,False,False,1.162383145271581,False
2012-01-01 12:00:00,MT_196,10375.0,-0.6554998767577285,False,False,2.792094829939238,False
2012-01-01 12:45:00,MT_196,10125.0,-0.6360689787774901,False,False,2.7761465677967356,False
2012-01-01 16:00:00,MT_196,9125.0,-0.5606682204911834,False,False,3.010436569456555,False
2012-01-01 21:00:00,MT_196,10500.0,0.8298335971040592,False,False,3.109482765884397,False
2012-01-01 22:30:00,MT_196,9666.66666666667,0.1959374457854669,False,False,2.355796023356925,False
2012-01-02 03:45:00,MT_196,9500.0,0.12298614929502841,False,False,3.1198581319502097,False
2012-01-02 06:30:00,MT_196,14250.0,3.1579443092381654,True,False,3.307469728546378,True
2012-01-02 10:30:00,MT_196,21833.3333333333,1.86341493727836,False,False,1.9044198600351183,False
2012-01-02 15:45:00,MT_196,25375.0,1.4235002520347049,False,False,1.1006959116933148,False
2012-01-02 20:30:00,MT_196,23041.6666666667,0.6276385913478343,False,False,0.9775537114694974,False
2012-01-02 21:30:00,MT_196,22500.0,0.48361465808895987,False,False,0.9824491049431886,False
2012-01-02 23:15:00,MT_196,19833.3333333333,-0.018916475594950393,False,False,0.9808182632233323,False
2012-01-03 06:30:00,MT_196,15500.0,-0.7179447879732676,False,False,0.9765432496953735,False
2012-01-03 11:15:00,MT_196,21208.3333333333,0.15969650229547575,False,False,1.0272076718297252,False
2012-01-03 13:45:00,MT_196,24416.6666666667,0.683409072241611,False,False,0.9835195525934536,False
2012-01-03 18:00:00,MT_196,26916.6666666667,1.0577979139652225,False,False,1.0285090097149752,False
2012-01-03 19:30:00,MT_196,26916.6666666667,1.0541899599245164,False,False,1.029674028962502,False
2012-01-04 02:15:00,MT_196,8250.0,-1.8662577032562782,False,False,1.1061181458193179,False
2012-01-04 21:30:00,MT_196,22583.3333333333,0.340974076591492,False,False,0.9695758576209282,False
2012-01-05 01:15:00,MT_196,9666.66666666667,-1.6884311324733459,False,False,0.9974669875540245,False
2012-01-05 02:45:00,MT_196,9750.0,-1.6689317907154508,False,False,0.9839463749804598,False
2012-01-05 03:15:00,MT_196,8791.66666666667,-1.8291509698501296,False,False,1.0252484560673791,False
2012-01-05 07:15:00,MT_196,19958.3333333333,-0.09737184408192033,False,False,1.0879022962152813,False
2012-01-05 08:00:00,MT_196,24500.0,0.6401265381175832,False,False,1.050088102058646,False
2012-01-05 13:45:00,MT_196,26250.0,0.9102338472052222,False,False,1.0254039160539792,False
2012-01-05 19:30:00,MT_196,27125.0,1.019594443905457,False,False,0.9921744795832099,False
2012-01-05 20:30:00,MT_196,23666.6666666667,0.46315992856878335,False,False,1.0020196498885114,False
2012-01-06 02:45:00,MT_196,10000.0,-1.672954801012715,False,False,0.9778582901254175,False
2012-01-06 09:45:00,MT_196,26041.6666666667,0.8492636246750054,False,False,1.0514809582056,False
2012-01-06 10:15:00,MT_196,24416.6666666667,0.5947438089135286,False,False,1.0261879432798529,False
2012-01-06 11:30:00,MT_196,24458.3333333333,0.5925153565070426,False,False,0.9816603601662617,False
2012-01-06 14:15:00,MT_196,23875.0,0.49876207782690385,False,False,1.007346950544848,False
2012-01-06 20:00:00,MT_196,24416.6666666667,0.5828368453786674,False,False,0.9952452955468563,False
2012-01-06 21:00:00,MT_196,24375.0,0.5829030751175663,False,False,0.991188725835375,False
2012-01-07 02:45:00,MT_196,9083.33333333333,-1.785733991114603,False,False,0.9824663745953367,False
2012-01-07 12:45:00,MT_196,27041.6666666667,0.9352891120635127,False,False,1.0093895921623768,False
2012-01-07 13:45:00,MT_196,28833.3333333333,1.1713399069565384,False,False,1.0067579263602309,False
2012-01-07 18:45:00,MT_196,29416.6666666667,1.2147253678214331,False,False,1.0741287250016591,False
2012-01-07 19:45:00,MT_196,27500.0,0.9288226248430292,False,False,0.9703123765470224,False
2012-01-07 20:45:00,MT_196,25041.6666666667,0.5659487611043317,False,False,1.015583495124363,False
2012-01-07 22:45:00,MT_196,22541.6666666667,0.2136964234083362,False,False,1.016067323754396,False
2012-01-08 00:00:00,MT_196,13500.0,-1.075819231659994,False,False,0.9729478070935373,False
2012-01-08 11:15:00,MT_196,25791.6666666667,0.7101447448563558,False,False,0.9646389775814324,False
2012-01-08 21:00:00,MT_196,24458.3333333333,0.7802388077193794,False,False,1.094119275621903,False
2012-01-09 01:15:00,MT_196,8791.66666666667,-1.636946384438823,False,False,1.0327845166345415,False
2012-01-09 02:00:00,MT_196,10250.0,-1.3985155028406053,False,False,0.9778946352423584,False
2012-01-09 03:45:00,MT_196,9666.66666666667,-1.4809251857837709,False,False,0.9639233707149218,False
2012-01-09 15:00:00,MT_196,23583.3333333333,0.7643098681046806,False,False,0.9877147100233659,False
2012-01-09 19:00:00,MT_196,28833.3333333333,1.534667962903883,False,False,1.1744205971410828,False
2012-01-09 21:30:00,MT_196,23458.3333333333,0.6586200922833103,False,False,0.999344227878772,False
2012-01-09 22:30:00,MT_196,23000.0,0.5818048228754119,False,False,1.0509909535201545,False
2012-01-09 23:00:00,MT_196,22041.6666666667,0.4159508746823421,False,False,1.0505034446235304,False
2012-01-09 23:30:00,MT_196,16250.0,-0.4835967746721344,False,False,1.0795151080391077,False
2012-01-10 00:00:00,MT_196,13791.6666666667,-0.8889007442463038,False,False,0.9982118761835022,False
2012-01-10 01:45:00,MT_196,10958.3333333333,-1.3720980669444842,False,False,1.0458205239853335,False
2012-01-10 02:45:00,MT_196,9083.33333333333,-1.697053964291281,False,False,0.9698957317850435,False
2012-01-10 05:30:00,MT_196,14875.0,-0.8146712763356604,False,False,0.9910420393895552,False
2012-01-10 07:45:00,MT_196,25166.6666666667,0.8732372479792181,False,False,1.155162391281626,False
2012-01-10 09:45:00,MT_196,23750.0,0.632669160108596,False,False,0.9907557212155114,False
2012-01-10 10:45:00,MT_196,23708.3333333333,0.615466301152558,False,False,0.9824507234590915,False
2012-01-10 13:45:00,MT_196,25375.0,0.8718342160943184,False,False,0.9979952526607718,False
2012-01-10 14:45:00,MT_196,25166.6666666667,0.817954356051327,False,False,0.9954414429489123,False
2012-01-10 16:00:00,MT_196,25791.6666666667,0.8890208705711814,False,False,0.9991387796759403,False
2012-01-10 17:00:00,MT_196,26916.6666666667,1.0612232186712762,False,False,1.0048663912973559,False
2012-01-10 17:15:00,MT_196,24791.6666666667,0.7161568967505596,False,False,0.98819603425369,False
2012-01-10 22:00:00,MT_196,22833.3333333333,0.39774972673395803,False,False,0.9999614467898652,False
2012-01-11 07:45:00,MT_196,23875.0,0.5613664139439244,False,False,1.0684286285901823,False
2012-01-11 08:00:00,MT_196,25000.0,0.7398224698921081,False,False,1.098231148597971,False
2012-01-11 12:30:00,MT_196,24166.6666666667,0.6108133200580754,False,False,1.004518463196385,False
2012-01-11 14:45:00,MT_196,23625.0,0.5369457826628946,False,False,1.0668192514894186,False
2012-01-11 19:45:00,MT_196,24708.3333333333,0.7224280808001176,False,False,0.9866997356711857,False
2012-01-12 00:45:00,MT_196,9333.33333333333,-1.7151360391453343,False,False,1.017524647802541,False
2012-01-12 05:00:00,MT_196,9916.66666666667,-1.6214864249850323,False,False,1.0738990239915869,False
2012-01-12 06:30:00,MT_196,15625.0,-0.6990638809151348,False,False,0.9578053865805544,False
2012-01-12 07:00:00,MT_196,18666.6666666667,-0.218422961457914,False,False,1.0634904128018112,False
2012-01-12 09:15:00,MT_196,23416.6666666667,0.5236679552385,False,False,0.9871149442479951,False
2012-01-13 01:00:00,MT_196,11083.3333333333,-1.4252633813426636,False,False,0.9853351798362348,False
2012-01-13 08:00:00,MT_196,25833.3333333333,0.9097847589686543,False,False,1.168463559648128,False
2012-01-13 10:15:00,MT_196,22833.3333333333,0.4260455657980674,False,False,0.9865494137761794,False
2012-01-13 12:15:00,MT_196,22875.0,0.4360693488457762,False,False,0.9946559339599692,False
2012-01-13 16:00:00,MT_196,25916.6666666667,0.9263273623459091,False,False,1.0513504613723068,False
2012-01-13 20:30:00,MT_196,22625.0,0.4074536366046515,False,False,0.9930530943222696,False
2012-01-13 21:15:00,MT_196,23083.3333333333,0.4772059792534151,False,False,0.9959917770959716,False
2012-01-14 00:30:00,MT_196,10375.0,-1.5580897527564144,False,False,1.023534818425753,False
2012-01-14 02:30:00,MT_196,9375.0,-1.7299239078746724,False,False,0.979879439229113,False
2012-01-14 04:30:00,MT_196,9083.33333333333,-1.7804213330400396,False,False,1.0327066397219693,False
2012-01-14 04:45:00,MT_196,11833.3333333333,-1.3267144094048287,False,False,1.0082380981234715,False
2012-01-14 05:00:00,MT_196,14583.3333333333,-0.8898710659408146,False,False,1.059709750793978,False
2012-01-14 11:00:00,MT_196,26291.6666666667,0.8868263845787374,False,False,1.025554602537725,False
2012-01-14 12:15:00,MT_196,27166.6666666667,0.9656698927913937,False,False,1.0095182116111894,False
2012-01-14 15:45:00,MT_196,27041.6666666667,0.8824722709741717,False,False,1.0000200721064325,False
2012-01-14 16:00:00,MT_196,27875.0,0.998002925966113,False,False,1.01675627209015,False
2012-01-15 05:15:00,MT_196,13291.6666666667,-1.1574703455936741,False,False,1.0217787779493683,False
2012-01-15 06:15:00,MT_196,14666.6666666667,-0.9641215185364271,False,False,1.0032553342826227,False
2012-01-15 17:00:00,MT_196,23333.3333333333,0.5060923890698814,False,False,0.9956431808621482,False
2012-01-15 21:45:00,MT_196,21333.3333333333,0.28226128238675924,False,False,0.9893292739534715,False
2012-01-16 06:15:00,MT_196,13166.6666666667,-1.0786285061548624,False,False,1.075825469045546,False
2012-01-16 18:00:00,MT_196,25916.6666666667,1.1450910492976487,False,False,0.971294048023196,False
2012-01-16 21:30:00,MT_196,22166.6666666667,0.41635604679511695,False,False,0.9698518705353832,False
2012-01-17 03:15:00,MT_196,8625.0,-1.9092053327199205,False,False,1.0862431048410575,False
2012-01-17 09:45:00,MT_196,21791.6666666667,0.31715931512480305,False,False,0.9619167333659742,False
2012-01-17 14:45:00,MT_196,25583.3333333333,0.8861164264478418,False,False,0.9922163903931992,False
2012-01-17 16:45:00,MT_196,24041.6666666667,0.6125122226235494,False,False,1.0016496870132459,False
2012-01-17 20:00:00,MT_196,24375.0,0.6671218868006765,False,False,1.0252193566296077,False
2012-01-17 23:30:00,MT_196,16583.3333333333,-0.5884606141283877,False,False,1.0941277184710563,False
2012-01-18 01:15:00,MT_196,10750.0,-1.5217229761522755,False,False,0.957846414590366,False
2012-01-18 02:15:00,MT_196,9250.0,-1.741727427885863,False,False,1.018292965084609,False
2012-01-18 05:00:00,MT_196,8000.0,-1.9056971041987563,False,False,1.2142985244635032,False
2012-01-18 06:00:00,MT_196,12000.0,-1.2351043870008152,False,False,1.0897973259592104,False
2012-01-18 06:45:00,MT_196,16541.6666666667,-0.5464424011499909,False,False,0.9514209459665588,False
2012-01-18 16:45:00,MT_196,24666.6666666667,0.7460291427650763,False,False,1.016431176781219,False
2012-01-19 00:00:00,MT_196,14083.3333333333,-0.9022558534890895,False,False,1.0371540156028543,False
2012-01-19 00:45:00,MT_196,9875.0,-1.567189750250083,False,False,0.996875462419336,False
2012-01-19 03:45:00,MT_196,10375.0,-1.4489049954802662,False,False,0.9861745497712456,False
2012-01-19 04:30:00,MT_196,9583.33333333333,-1.58541986477737,False,False,1.0330273549326052,False
2012-01-19 07:15:00,MT_196,21416.6666666667,0.28096159922297514,False,False,1.1495861882040146,False
2012-01-19 09:00:00,MT_196,26458.3333333333,1.1335436095346882,False,False,1.1040046904995091,False
2012-01-19 09:30:00,MT_196,22250.0,0.44254433363966683,False,False,0.9597706223018512,False
2012-01-19 10:00:00,MT_196,22250.0,0.44488920000994236,False,False,0.9632968610092596,False
2012-01-19 12:15:00,MT_196,22541.6666666667,0.49908490747432865,False,False,0.961543104977497,False
2012-01-19 13:30:00,MT_196,24875.0,0.8792228700975138,False,False,1.0021339090868702,False
2012-01-19 14:30:00,MT_196,23166.6666666667,0.602689183714889,False,False,0.9838636340980353,False
2012-01-19 18:30:00,MT_196,26416.6666666667,1.126021615279098,False,False,1.0323888508643178,False
2012-01-19 19:45:00,MT_196,25166.6666666667,0.9000204135744936,False,False,1.006692851758347,False
2012-01-19 22:00:00,MT_196,22666.6666666667,0.48557065905464236,False,False,1.040865478782941,False
2012-01-20 04:00:00,MT_196,10208.3333333333,-1.6700636223049554,False,False,0.9679646715318531,False
2012-01-20 05:45:00,MT_196,12750.0,-1.2676792335737779,False,False,1.0700300602637856,False
2012-01-20 06:45:00,MT_196,16083.3333333333,-0.6848108025795853,False,False,0.9546330393896958,False
2012-01-20 10:00:00,MT_196,22875.0,0.48204247049967575,False,False,0.9854121537816263,False
2012-01-20 13:30:00,MT_196,25041.6666666667,0.8577417629847528,False,False,1.0081809918689617,False
2012-01-20 14:00:00,MT_196,26208.3333333333,1.0576243716415632,False,False,1.0204580034430568,False
2012-01-21 00:00:00,MT_196,13833.3333333333,-1.0875440468644417,False,False,1.0051785717408153,False
2012-01-21 00:30:00,MT_196,9458.33333333333,-1.8083061638151303,False,False,1.0892949173867768,False
2012-01-21 01:00:00,MT_196,8791.66666666667,-1.8908327168088201,False,False,1.0542387239919697,False
2012-01-21 01:15:00,MT_196,9250.0,-1.794113842286487,False,False,0.9964933572491617,False
2012-01-21 03:45:00,MT_196,8833.33333333333,-1.7434253312723804,False,False,0.9922978378400279,False
2012-01-21 04:15:00,MT_196,8916.66666666667,-1.7116931361399124,False,False,1.0009459227284876,False
2012-01-21 05:30:00,MT_196,13041.6666666667,-1.0459735918430892,False,False,1.0400031335301563,False
2012-01-21 07:45:00,MT_196,25666.6666666667,0.8443426867198008,False,False,1.1077617147697136,False
2012-01-21 10:15:00,MT_196,27541.6666666667,1.1016442355669507,False,False,1.0328482647907715,False
2012-01-21 16:30:00,MT_196,27000.0,0.8978612858791748,False,False,1.013484299801082,False
2012-01-21 19:15:00,MT_196,25208.3333333333,0.6456982990860693,False,False,0.982974539825772,False
2012-01-21 19:45:00,MT_196,25500.0,0.6878485103157049,False,False,0.9908733308309804,False
2012-01-21 20:15:00,MT_196,23583.3333333333,0.4192122358659307,False,False,1.0075478351790768,False
2012-01-21 21:15:00,MT_196,22791.6666666667,0.31520450147893664,False,False,0.9942731906684862,False
2012-01-22 00:15:00,MT_196,10875.0,-1.374618311922789,False,False,1.0401762268911245,False
2012-01-22 07:45:00,MT_196,22208.3333333333,0.22260375124673015,False,False,1.0802286999883226,False
2012-01-22 08:45:00,MT_196,20750.0,0.020356280932790856,False,False,1.0217657587486133,False
2012-01-22 16:00:00,MT_196,25250.0,0.813546561140044,False,False,0.9963757224379706,False
2012-01-22 20:45:00,MT_196,23041.6666666667,0.532777324725802,False,False,0.9896264911836408,False
2012-01-23 01:30:00,MT_196,8916.66666666667,-1.6390337169790588,False,False,1.0143680113283395,False
2012-01-23 03:30:00,MT_196,8666.66666666667,-1.693977172840177,False,False,0.973458948173003,False
2012-01-23 06:15:00,MT_196,13791.6666666667,-0.8812477361553475,False,False,1.006641406327359,False
2012-01-23 06:30:00,MT_196,15875.0,-0.5505548158570591,False,False,0.9717708890301942,False
2012-01-23 07:00:00,MT_196,18250.0,-0.17411890078432382,False,False,1.0293125794811404,False
2012-01-23 10:45:00,MT_196,22625.0,0.5409175742261756,False,False,0.9834061083379867,False
2012-01-23 12:15:00,MT_196,23375.0,0.7065070439476513,False,False,0.9948992061572673,False
2012-01-23 21:30:00,MT_196,21833.3333333333,0.39596402469814906,False,False,0.9719227133153634,False
2012-01-24 05:15:00,MT_196,13000.0,-1.2425377584050052,False,False,1.0143663012143247,False
2012-01-24 08:00:00,MT_196,23250.0,0.5612238489758906,False,False,1.0641926282306782,False
2012-01-24 09:30:00,MT_196,21666.6666666667,0.28430818576470185,False,False,0.9732410783754966,False
2012-01-24 14:30:00,MT_196,23291.6666666667,0.5726344645281075,False,False,0.9807151757505792,False
2012-01-24 19:30:00,MT_196,26791.6666666667,1.1627469257402083,False,False,1.0546739307725,False
2012-01-25 05:45:00,MT_196,13416.6666666667,-1.0793593847184695,False,False,1.0179574495715984,False
2012-01-25 07:00:00,MT_196,16541.6666666667,-0.5562384438294831,False,False,0.9521694800157104,False
2012-01-25 07:30:00,MT_196,22791.6666666667,0.47038639146159217,False,False,1.1045992531558961,False
2012-01-25 09:00:00,MT_196,26541.6666666667,1.0631370404109064,False,False,1.215287867946904,False
2012-01-25 12:45:00,MT_196,24666.6666666667,0.7605374451168094,False,False,1.0156985299156804,False
2012-01-25 14:15:00,MT_196,23583.3333333333,0.5901239836048298,False,False,1.0174345816164765,False
2012-01-25 19:00:00,MT_196,25250.0,0.8830188070198012,False,False,0.9915603128487382,False
2012-01-25 19:15:00,MT_196,24375.0,0.7406991883580921,False,False,0.9754383260964541,False
2012-01-25 19:45:00,MT_196,24208.3333333333,0.7188240297857825,False,False,0.9881100395744082,False
2012-01-25 22:00:00,MT_196,22041.6666666667,0.3594354279815875,False,False,0.9602715160181349,False
2012-01-25 22:45:00,MT_196,22458.3333333333,0.4339883922225727,False,False,1.0099898181824385,False
2012-01-25 23:15:00,MT_196,20583.3333333333,0.1258142133695161,False,False,0.9801409807105427,False
2012-01-25 23:30:00,MT_196,17041.6666666667,-0.45892542287857796,False,False,1.0326557626560071,False
2012-01-26 03:15:00,MT_196,8916.66666666667,-1.7851764585106813,False,False,1.0108688447007712,False
2012-01-26 04:45:00,MT_196,12125.0,-1.273518058058294,False,False,0.9831600623821657,False
2012-01-26 06:30:00,MT_196,17041.6666666667,-0.4531916852613951,False,False,0.9809067409110697,False
2012-01-26 07:00:00,MT_196,18333.3333333333,-0.2508943366631651,False,False,1.038618056706439,False
2012-01-26 09:00:00,MT_196,26958.3333333333,1.1643397750533182,False,False,1.1370567849458952,False
2012-01-26 10:00:00,MT_196,23500.0,0.588358767502114,False,False,0.9956554669384048,False
2012-01-26 11:45:00,MT_196,22375.0,0.3946051592150358,False,False,0.9811191423183319,False
2012-01-26 13:45:00,MT_196,24625.0,0.7609820356598009,False,False,0.9963040722681983,False
2012-01-27 03:45:00,MT_196,10125.0,-1.6132931641876622,False,False,0.9596064710248337,False
2012-01-27 04:30:00,MT_196,9375.0,-1.7319409827362162,False,False,1.0214856123116252,False
2012-01-27 06:00:00,MT_196,13458.3333333333,-1.0521924412746848,False,False,1.0172188147950785,False
2012-01-27 10:45:00,MT_196,22625.0,0.4464377552614291,False,False,0.9714136374343606,False
2012-01-27 12:00:00,MT_196,23291.6666666667,0.5541296324406287,False,False,0.9770681603026986,False
2012-01-27 12:30:00,MT_196,21083.3333333333,0.1936970121763,False,False,1.0840877347386553,False
2012-01-27 15:15:00,MT_196,24416.6666666667,0.7191024193945731,False,False,0.9987404611928241,False
2012-01-27 16:15:00,MT_196,26250.0,0.9930375645811514,False,False,1.0737040061549985,False
2012-01-27 19:30:00,MT_196,27000.0,1.0666106773137518,False,False,0.987362514751811,False
2012-01-27 20:00:00,MT_196,26791.6666666667,1.0224866190514033,False,False,0.9999485097970359,False
2012-01-27 20:30:00,MT_196,23291.6666666667,0.4658309474861161,False,False,0.9956055798078728,False
2012-01-27 21:00:00,MT_196,25291.6666666667,0.7698565013039167,False,False,1.006994032095356,False
2012-01-27 21:45:00,MT_196,22958.3333333333,0.4055989062568421,False,False,1.0098908910860132,False
2012-01-28 03:00:00,MT_196,9375.0,-1.655254452906301,False,False,0.9713055768181879,False
2012-01-28 09:45:00,MT_196,26000.0,0.8084989296665631,False,False,0.9966909315448731,False
2012-01-28 18:00:00,MT_196,25416.6666666667,0.6589841167569604,False,False,0.9860397274017808,False
2012-01-28 21:00:00,MT_196,23625.0,0.40748344876832876,False,False,1.0178369840660606,False
2012-01-29 00:15:00,MT_196,10000.0,-1.518984118618946,False,False,1.0611441637272527,False
2012-01-29 01:15:00,MT_196,8750.0,-1.7031578505944553,False,False,1.0483520958395909,False
2012-01-29 05:00:00,MT_196,11250.0,-1.3988543428985905,False,False,1.0126994302439647,False
2012-01-29 08:30:00,MT_196,24500.0,0.5760286809845124,False,False,1.0719334645997363,False
2012-01-29 13:30:00,MT_196,22875.0,0.38386774975851223,False,False,0.975376729139739,False
2012-01-29 19:15:00,MT_196,22666.6666666667,0.44854460684693875,False,False,0.9909493013959655,False
2012-01-29 21:30:00,MT_196,21625.0,0.3039533637666665,False,False,0.980822220021001,False
2012-01-29 22:45:00,MT_196,14541.6666666667,-0.8344486053259481,False,False,1.055285749506116,False
2012-01-30 10:00:00,MT_196,20458.3333333333,0.20619989419989848,False,False,0.9872863688245782,False
2012-01-30 11:30:00,MT_196,22166.6666666667,0.5307067156536257,False,False,0.9824495542514671,False
2012-01-30 12:15:00,MT_196,22750.0,0.6447770359783962,False,False,0.9946253477397059,False
2012-01-30 19:00:00,MT_196,24791.6666666667,0.8963492522668669,False,False,0.9822177003511846,False
2012-01-30 21:15:00,MT_196,21083.3333333333,0.32156956434486333,False,False,0.9780409853770108,False
2012-01-30 22:30:00,MT_196,21541.6666666667,0.38307433730290097,False,False,1.0039692181754605,False
2012-01-31 00:45:00,MT_196,8708.33333333333,-1.7224967698056075,False,False,1.0973965405780617,False
2012-01-31 01:15:00,MT_196,9000.0,-1.6872771098805588,False,False,1.027787481488724,False
2012-01-31 02:00:00,MT_196,8083.33333333333,-1.8470875072434412,False,False,1.023853856694765,False
2012-01-31 04:45:00,MT_196,14625.0,-0.7515219763080103,False,False,1.055350129129076,False
2012-01-31 21:00:00,MT_196,22250.0,0.4134297352527691,False,False,1.0238468103391443,False
2012-02-01 07:30:00,MT_196,25333.3333333333,0.8901433908068477,False,False,1.2349556245682327,False
2012-02-01 12:15:00,MT_196,21583.3333333333,0.29896963349826566,False,False,0.9911925130504022,False
2012-02-01 16:45:00,MT_196,26291.6666666667,0.9941608006415732,False,False,1.0034662518160444,False
2012-02-01 18:45:00,MT_196,25166.6666666667,0.8136193911169926,False,False,0.9834531071865931,False
2012-02-01 22:15:00,MT_196,22125.0,0.345848779646243,False,False,0.9730140023837586,False
2012-02-01 23:45:00,MT_196,13958.3333333333,-0.9130335413314756,False,False,1.0076604524791548,False
2012-02-02 07:45:00,MT_196,22916.6666666667,0.4630002968398559,False,False,1.0636809431333922,False
2012-02-02 08:15:00,MT_196,25833.3333333333,0.918898254189857,False,False,1.0651624605019707,False
2012-02-02 12:45:00,MT_196,24250.0,0.6694189215817757,False,False,0.9861690727506365,False
2012-02-02 14:45:00,MT_196,23750.0,0.6141596158834769,False,False,0.9818575263776803,False
2012-02-02 15:00:00,MT_196,24541.6666666667,0.745600642157892,False,False,0.9816360045738146,False
2012-02-02 16:00:00,MT_196,25833.3333333333,0.9712798522607469,False,False,1.0121053326208476,False
2012-02-02 16:45:00,MT_196,24833.3333333333,0.816728836744401,False,False,0.9965775260987052,False
2012-02-02 20:45:00,MT_196,23583.3333333333,0.5914364244698571,False,False,1.0021173231849827,False
2012-02-03 00:00:00,MT_196,12875.0,-1.094509352847671,False,False,1.0358921005768682,False
2012-02-03 06:30:00,MT_196,15541.6666666667,-0.667031549048728,False,False,0.957516309951192,False
2012-02-03 11:15:00,MT_196,22791.6666666667,0.4729134061213798,False,False,0.9735843374132421,False
2012-02-03 22:30:00,MT_196,21833.3333333333,0.30759082458021725,False,False,1.040201218479664,False
2012-02-04 11:00:00,MT_196,27875.0,1.1372755911966077,False,False,1.0435339693984482,False
2012-02-04 14:15:00,MT_196,23958.3333333333,0.49368340331918076,False,False,1.0193085787445504,False
2012-02-04 15:45:00,MT_196,25666.6666666667,0.7191431937762974,False,False,1.0026051227620718,False
2012-02-04 17:15:00,MT_196,27125.0,0.908551227368563,False,False,1.0265125090584928,False
2012-02-05 14:45:00,MT_196,22833.3333333333,0.3940634179133999,False,False,0.9818085299587604,False
2012-02-05 17:00:00,MT_196,21666.6666666667,0.25911966977622397,False,False,1.0872287323123158,False
2012-02-05 23:30:00,MT_196,13541.6666666667,-0.8240581770161245,False,False,0.9847814788143974,False
2012-02-06 09:15:00,MT_196,23750.0,0.6864669052097724,False,False,1.002509576987414,False
2012-02-06 12:30:00,MT_196,21875.0,0.49475298889459013,False,False,0.9860442993191553,False
2012-02-06 14:30:00,MT_196,22958.3333333333,0.658033591008741,False,False,0.9931721458145288,False
2012-02-06 16:00:00,MT_196,24625.0,0.9452314012555768,False,False,1.0240549917065644,False
2012-02-06 20:30:00,MT_196,22333.3333333333,0.4893142874916508,False,False,0.9692484433706511,False
2012-02-07 02:15:00,MT_196,9291.66666666667,-1.7749477544775214,False,False,0.9618401332857021,False
2012-02-07 06:00:00,MT_196,12166.6666666667,-1.239562758833421,False,False,1.106462081774361,False
2012-02-07 09:00:00,MT_196,28041.6666666667,1.3672233035089563,False,False,1.2989926336804785,False
2012-02-07 19:00:00,MT_196,25000.0,0.8190124296737716,False,False,1.018012034539579,False
2012-02-07 22:30:00,MT_196,21291.6666666667,0.2217213177918017,False,False,0.9908143355780304,False
2012-02-08 02:45:00,MT_196,9291.66666666667,-1.6623710758720303,False,False,0.980875627204054,False
2012-02-08 04:15:00,MT_196,9000.0,-1.716393239487538,False,False,0.9898751471933707,False
2012-02-08 04:45:00,MT_196,12375.0,-1.1973698595829771,False,False,1.0113311383116725,False
2012-02-08 11:15:00,MT_196,22000.0,0.35384883935533235,False,False,0.9729018712794725,False
2012-02-08 21:15:00,MT_196,21583.3333333333,0.3216745597744707,False,False,0.9662038065218169,False
2012-02-08 23:15:00,MT_196,20541.6666666667,0.15429993095655076,False,False,0.9860747387091747,False
2012-02-09 01:45:00,MT_196,8750.0,-1.7352084446886815,False,False,1.0594615621213708,False
2012-02-09 06:00:00,MT_196,11291.6666666667,-1.2728909619431896,False,False,1.0930603829067866,False
2012-02-09 07:00:00,MT_196,15833.3333333333,-0.5611548439346262,False,False,0.9545654095601187,False
2012-02-09 08:30:00,MT_196,26083.3333333333,1.0313353955533895,False,False,1.080803000382796,False
2012-02-09 10:15:00,MT_196,22208.3333333333,0.4317454421085729,False,False,0.9771189248589285,False
2012-02-09 14:00:00,MT_196,23875.0,0.6776212323575621,False,False,0.991467660613505,False
2012-02-09 17:00:00,MT_196,24458.3333333333,0.7415563801558089,False,False,0.999862505723335,False
2012-02-09 17:15:00,MT_196,25458.3333333333,0.8908710168947741,False,False,1.015614839818025,False
2012-02-09 18:45:00,MT_196,27833.3333333333,1.2476958649630827,False,False,1.0751974016044725,False
2012-02-09 21:30:00,MT_196,23416.6666666667,0.5723360885549379,False,False,1.014479963555859,False
2012-02-09 23:15:00,MT_196,20875.0,0.1833534405734839,False,False,1.0143818908477762,False
2012-02-10 04:30:00,MT_196,9708.33333333333,-1.6565762715764771,False,False,0.9883628916946762,False
2012-02-10 05:30:00,MT_196,13375.0,-1.0755875052880532,False,False,1.0145753236185313,False
2012-02-10 05:45:00,MT_196,12583.3333333333,-1.2073452060085588,False,False,1.065205662012623,False
2012-02-10 06:15:00,MT_196,14958.3333333333,-0.8223633368309311,False,False,0.9863261292196346,False
2012-02-10 06:45:00,MT_196,15375.0,-0.7599649782594755,False,False,0.9624260338477999,False
2012-02-10 10:15:00,MT_196,22000.0,0.31098389338573884,False,False,0.9795656511146684,False
2012-02-10 12:00:00,MT_196,23083.3333333333,0.47811276887308485,False,False,0.9918954343555332,False
2012-02-10 14:30:00,MT_196,23833.3333333333,0.6138889773362222,False,False,0.9847100783969301,False
2012-02-10 18:30:00,MT_196,24500.0,0.6699573954223168,False,False,1.0049532766056413,False
2012-02-11 03:15:00,MT_196,7625.0,-1.9372103085967962,False,False,1.1511395971471183,False
2012-02-11 06:00:00,MT_196,13708.3333333333,-0.9549596412091322,False,False,1.0418704882844632,False
2012-02-11 06:45:00,MT_196,17166.6666666667,-0.44693669317624507,False,False,0.9602999107044785,False
2012-02-11 07:30:00,MT_196,23833.3333333333,0.5475762840757877,False,False,1.104855457897287,False
2012-02-11 07:45:00,MT_196,25750.0,0.8354105212306063,False,False,1.1065575009399986,False
2012-02-11 08:30:00,MT_196,26250.0,0.9023776342788309,False,False,1.0492933076124773,False
2012-02-11 10:45:00,MT_196,26250.0,0.840117792523753,False,False,1.029258283137039,False
2012-02-11 11:45:00,MT_196,25375.0,0.6790461989569777,False,False,1.019086532896487,False
2012-02-11 13:30:00,MT_196,23750.0,0.42811136711574643,False,False,1.0297667657584677,False
2012-02-11 20:15:00,MT_196,25166.6666666667,0.5740307134982181,False,False,0.997230624261439,False
2012-02-12 00:15:00,MT_196,9625.0,-1.562094594324456,False,False,1.1011864398508016,False
2012-02-12 10:00:00,MT_196,25208.3333333333,0.6356627303305367,False,False,0.9999831766492576,False
2012-02-12 10:15:00,MT_196,27750.0,0.9920342921087241,False,False,1.051833515221751,False
2012-02-12 11:00:00,MT_196,25750.0,0.7102149410331218,False,False,0.9662864603253358,False
2012-02-12 11:45:00,MT_196,26416.6666666667,0.8155857438346288,False,False,0.9956574784323736,False
2012-02-12 12:15:00,MT_196,24958.3333333333,0.6107774180848767,False,False,0.9889830418500343,False
2012-02-12 14:00:00,MT_196,21708.3333333333,0.18787578752630343,False,False,0.9982634554913687,False
2012-02-12 16:45:00,MT_196,21916.6666666667,0.2833861938053828,False,False,1.0566085458542072,False
2012-02-12 21:15:00,MT_196,21416.6666666667,0.35122317332593367,False,False,0.9629067567258176,False
2012-02-12 22:45:00,MT_196,15166.6666666667,-0.6305464132689256,False,False,1.0614529714901217,False
2012-02-13 05:00:00,MT_196,12208.3333333333,-1.0381932152044053,False,False,1.0696239687752511,False
2012-02-13 17:15:00,MT_196,25916.6666666667,1.169848868806779,False,False,0.9974926916796812,False
2012-02-13 18:30:00,MT_196,25375.0,1.0495337414268417,False,False,0.9662604576239945,False
2012-02-13 18:45:00,MT_196,25583.3333333333,1.0731262857793185,False,False,0.9711656382817067,False
2012-02-13 22:15:00,MT_196,23166.6666666667,0.664497498380541,False,False,1.0409596146923183,False
2012-02-14 01:45:00,MT_196,10500.0,-1.4421522630383516,False,False,1.0454434150559107,False
2012-02-14 09:15:00,MT_196,24125.0,0.7709207194067436,False,False,1.0132110930271228,False
2012-02-14 21:45:00,MT_196,21833.3333333333,0.406573211937583,False,False,1.011614780226542,False
2012-02-15 06:15:00,MT_196,15458.3333333333,-0.6847054231243023,False,False,0.9649589374260751,False
2012-02-15 07:45:00,MT_196,25416.6666666667,0.9935753717625211,False,False,1.2372629004791553,False
2012-02-15 09:15:00,MT_196,24333.3333333333,0.8143169566742126,False,False,1.018525959163733,False
2012-02-15 11:30:00,MT_196,21541.6666666667,0.343430055283555,False,False,0.971985900930326,False
2012-02-15 14:00:00,MT_196,22791.6666666667,0.5708274627784926,False,False,1.0042796649820254,False
2012-02-15 15:00:00,MT_196,23291.6666666667,0.6601924593954086,False,False,1.01876614506265,False
2012-02-15 16:30:00,MT_196,24958.3333333333,0.9650779469420093,False,False,1.011221740395441,False
2012-02-15 17:00:00,MT_196,22458.3333333333,0.5269171746801955,False,False,1.0515341196949843,False
2012-02-15 19:30:00,MT_196,24208.3333333333,0.8359779081957452,False,False,0.9788358235505145,False
2012-02-15 21:00:00,MT_196,23958.3333333333,0.7891934569816297,False,False,1.0351490165883255,False
2012-02-15 21:45:00,MT_196,21166.6666666667,0.30385246306143887,False,False,0.9801206177132429,False
2012-02-16 04:15:00,MT_196,10750.0,-1.6189994891773747,False,False,0.980372395785074,False
2012-02-16 05:15:00,MT_196,13250.0,-1.179116561074097,False,False,0.9908027409685707,False
2012-02-16 06:45:00,MT_196,14541.6666666667,-0.9541534879761338,False,False,1.0328026005684274,False
2012-02-16 09:15:00,MT_196,23666.6666666667,0.7549432014779371,False,False,1.0041731776366098,False
2012-02-16 10:45:00,MT_196,20041.6666666667,0.08347597280716919,False,False,1.008884465061437,False
2012-02-16 17:00:00,MT_196,22166.6666666667,0.48430946469694347,False,False,1.0593925948443936,False
2012-02-17 04:00:00,MT_196,11291.6666666667,-1.5794389971676277,False,False,0.9807758228929458,False
2012-02-17 08:15:00,MT_196,23000.0,0.6335248185303984,False,False,1.0446815351092973,False
2012-02-17 11:45:00,MT_196,21500.0,0.3320742437518125,False,False,1.0075050745986083,False
2012-02-17 15:00:00,MT_196,24625.0,0.8922370581540845,False,False,0.9877705222977748,False
2012-02-17 15:15:00,MT_196,24583.3333333333,0.8863539841017415,False,False,0.9878744154160263,False
2012-02-17 15:30:00,MT_196,24958.3333333333,0.9545707513922885,False,False,1.0016152324674856,False
2012-02-18 02:30:00,MT_196,8541.66666666667,-1.9926847689960014,False,False,1.044176358876467,False
2012-02-18 03:00:00,MT_196,8791.66666666667,-1.9212513250806709,False,False,1.0273961299967294,False
2012-02-18 04:45:00,MT_196,12708.3333333333,-1.1606321257184586,False,False,1.0227821049330847,False
2012-02-18 07:30:00,MT_196,23375.0,0.6433063001691365,False,False,1.1090377261346815,False
2012-02-18 11:00:00,MT_196,24416.6666666667,0.7462238824056587,False,False,0.9844243255966169,False
2012-02-18 12:30:00,MT_196,26958.3333333333,1.098621426545231,False,False,1.0405733861129407,False
2012-02-18 15:00:00,MT_196,24791.6666666667,0.7202669427879828,False,False,0.9831961690971014,False
2012-02-18 15:15:00,MT_196,26291.6666666667,0.9495421840840612,False,False,1.001761670765508,False
2012-02-18 15:30:00,MT_196,26416.6666666667,0.9638129341853565,False,False,0.9996944453459037,False
2012-02-18 16:45:00,MT_196,27375.0,1.083462689920592,False,False,1.0260852886531848,False
2012-02-18 20:00:00,MT_196,23250.0,0.4071756291849768,False,False,1.0057325443464307,False
2012-02-18 21:15:00,MT_196,23458.3333333333,0.4309499534805069,False,False,1.0207032543798038,False
2012-02-18 22:15:00,MT_196,23291.6666666667,0.4067926748169757,False,False,1.0120654841648542,False
2012-02-19 04:30:00,MT_196,11500.0,-1.3416322933674423,False,False,1.0180175711278976,False
2012-02-19 08:45:00,MT_196,25541.6666666667,0.7452990529819079,False,False,1.084893734892688,False
2012-02-19 09:00:00,MT_196,26958.3333333333,0.9714894702944147,False,False,1.113618766403399,False
2012-02-19 09:15:00,MT_196,27000.0,0.9767689709336028,False,False,1.0904817896265928,False
2012-02-19 13:45:00,MT_196,23458.3333333333,0.43966843207533135,False,False,0.9905553696485587,False
2012-02-19 14:00:00,MT_196,24208.3333333333,0.5544195254907479,False,False,1.000840644501388,False
2012-02-19 19:00:00,MT_196,24166.6666666667,0.6624713425519821,False,False,1.005330589901039,False
2012-02-20 02:00:00,MT_196,9583.33333333333,-1.5599203913187767,False,False,0.9823755771917045,False
2012-02-20 02:45:00,MT_196,8791.66666666667,-1.6854977634979413,False,False,0.9974607916779691,False
2012-02-20 03:15:00,MT_196,8958.33333333333,-1.6557229554385748,False,False,0.9704524489203165,False
2012-02-20 03:45:00,MT_196,10750.0,-1.370150418551608,False,False,0.9998926314951969,False
2012-02-20 10:15:00,MT_196,22083.3333333333,0.4310587645825772,False,False,0.9789002663612956,False
2012-02-20 13:45:00,MT_196,23333.3333333333,0.6664800703060494,False,False,0.9935664249712823,False
2012-02-20 18:15:00,MT_196,25833.3333333333,1.0282165602672266,False,False,0.9645113956357031,False
2012-02-20 20:15:00,MT_196,23541.6666666667,0.6350056988292399,False,False,0.9848483382623219,False
2012-02-20 20:30:00,MT_196,24041.6666666667,0.7159283348350466,False,False,0.9869253084218733,False
2012-02-21 00:45:00,MT_196,10208.3333333333,-1.632178324115462,False,False,1.050608508088128,False
2012-02-21 07:30:00,MT_196,23666.6666666667,0.6069032951017461,False,False,1.148698575008454,False
2012-02-21 10:00:00,MT_196,22166.6666666667,0.37734338674184853,False,False,0.9638689020120844,False
2012-02-21 19:45:00,MT_196,24958.3333333333,0.7996794624327465,False,False,1.0190313485045661,False
2012-02-21 23:45:00,MT_196,12250.0,-1.20194177972463,False,False,0.9932311439354302,False
2012-02-22 02:45:00,MT_196,9625.0,-1.5661009077119064,False,False,0.9792142010660398,False
2012-02-22 03:45:00,MT_196,12416.6666666667,-1.1276129347411283,False,False,1.1129236166092336,False
2012-02-22 10:30:00,MT_196,21083.3333333333,0.22871439414698644,False,False,0.9771937689261981,False
2012-02-22 14:45:00,MT_196,25458.3333333333,1.0435220091730193,False,False,1.041817567858776,False
2012-02-22 17:45:00,MT_196,24041.6666666667,0.7930394519451647,False,False,0.9849746643731944,False
2012-02-22 18:15:00,MT_196,24541.6666666667,0.8814102787891707,False,False,0.9764645193492892,False
2012-02-22 18:45:00,MT_196,26125.0,1.1478293209471808,False,False,1.0618540360519775,False
2012-02-22 21:00:00,MT_196,22500.0,0.5357808557818238,False,False,0.9685960049164831,False
2012-02-23 00:45:00,MT_196,9750.0,-1.6608476679615318,False,False,1.0032542526560266,False
2012-02-23 03:00:00,MT_196,10583.3333333333,-1.549387729923866,False,False,0.9811351158502859,False
2012-02-23 03:45:00,MT_196,8958.33333333333,-1.834331041373619,False,False,1.018072475549304,False
2012-02-23 08:15:00,MT_196,23583.3333333333,0.6715341284550086,False,False,1.0279283881744081,False
2012-02-23 15:00:00,MT_196,25208.3333333333,0.9165435600943654,False,False,0.9892926911330444,False
2012-02-23 15:15:00,MT_196,26000.0,1.0468017969984416,False,False,1.0051187863340536,False
2012-02-23 18:45:00,MT_196,24750.0,0.8220417165955062,False,False,1.0105070695678207,False
2012-02-24 01:45:00,MT_196,9208.33333333333,-1.8220113118179195,False,False,1.06804780752762,False
2012-02-24 17:30:00,MT_196,25916.6666666667,0.9074234748024494,False,False,1.0603801938508988,False
2012-02-24 20:15:00,MT_196,24750.0,0.6606050351420555,False,False,1.0017340377089745,False
2012-02-24 22:00:00,MT_196,23750.0,0.4726539156514269,False,False,0.9908631721277735,False
2012-02-24 22:45:00,MT_196,21166.6666666667,0.0672413752906333,False,False,1.0224544936822448,False
2012-02-25 04:30:00,MT_196,9958.33333333333,-1.7102593730647855,False,False,0.9900506724339745,False
2012-02-25 06:45:00,MT_196,15958.3333333333,-0.7195427728811283,False,False,0.9760022647899508,False
2012-02-25 07:30:00,MT_196,25125.0,0.7023390565420773,False,False,1.1369631906068616,False
2012-02-25 09:30:00,MT_196,23041.6666666667,0.3867168673862644,False,False,0.9701891773120246,False
2012-02-25 13:45:00,MT_196,25458.3333333333,0.7238595504912525,False,False,1.0110691027606065,False
2012-02-25 16:45:00,MT_196,25791.6666666667,0.7535343376522089,False,False,1.0217442804699353,False
2012-02-25 18:45:00,MT_196,26875.0,0.926645763318107,False,False,0.9918973173819887,False
2012-02-25 19:00:00,MT_196,25833.3333333333,0.7714647156629317,False,False,0.9818075635571114,False
2012-02-25 20:15:00,MT_196,23750.0,0.4619198014997634,False,False,1.0096092818600075,False
2012-02-26 00:45:00,MT_196,11041.6666666667,-1.4690248664096002,False,False,1.0047762881523052,False
2012-02-26 03:45:00,MT_196,9291.66666666667,-1.7242247452807449,False,False,0.9761682091544127,False
2012-02-26 04:00:00,MT_196,8750.0,-1.8069525328364098,False,False,0.9902087610321401,False
2012-02-26 07:15:00,MT_196,18541.6666666667,-0.30307837512583247,False,False,1.0091328260150312,False
2012-02-26 08:00:00,MT_196,24916.6666666667,0.6732282899514953,False,False,1.1299076962206795,False
2012-02-26 09:15:00,MT_196,26583.3333333333,0.9444877484351015,False,False,1.0786197448601655,False
2012-02-26 16:15:00,MT_196,25458.3333333333,0.8055370475319377,False,False,1.0005113332045383,False
2012-02-26 20:30:00,MT_196,23291.6666666667,0.486907927798967,False,False,0.9833257243577328,False
2012-02-27 01:30:00,MT_196,10833.3333333333,-1.3624722547033548,False,False,0.9690525477253057,False
2012-02-27 07:00:00,MT_196,14875.0,-0.7581103793630799,False,False,0.9962463809233114,False
2012-02-27 07:30:00,MT_196,23375.0,0.5526397952458368,False,False,1.1424456940220247,False
2012-02-27 10:15:00,MT_196,19458.3333333333,-0.012927901045982113,False,False,1.032755047931727,False
2012-02-27 14:30:00,MT_196,23333.3333333333,0.7140878389278458,False,False,1.0004370378254182,False
2012-02-27 17:00:00,MT_196,27208.3333333333,1.381053343523728,False,False,1.0485648794100606,False
2012-02-27 18:15:00,MT_196,25375.0,1.063830519888115,False,False,0.9600691237122109,False
2012-02-28 01:15:00,MT_196,8833.33333333333,-1.7969416891355674,False,False,1.026608212619571,False
2012-02-28 06:00:00,MT_196,13083.3333333333,-1.117103163070274,False,False,1.0173632634591585,False
2012-02-28 10:15:00,MT_196,23166.6666666667,0.5850017925032597,False,False,0.9874700484014813,False
2012-02-28 14:00:00,MT_196,25083.3333333333,0.803295291870468,False,False,0.9933928816079405,False
2012-02-28 19:15:00,MT_196,24750.0,0.7130908330356178,False,False,1.0204135266214847,False
2012-02-29 00:30:00,MT_196,9375.0,-1.718807974497248,False,False,1.1434155162123467,False
2012-02-29 00:45:00,MT_196,12583.3333333333,-1.203827391188893,False,False,1.008400059535687,False
2012-02-29 08:00:00,MT_196,23250.0,0.47587462943139974,False,False,1.0494000742126215,False
2012-02-29 10:15:00,MT_196,22458.3333333333,0.3517116263165198,False,False,0.9656901666284782,False
2012-02-29 17:00:00,MT_196,26708.3333333333,1.1110890317937767,False,False,1.020100090030674,False
2012-02-29 20:00:00,MT_196,24541.6666666667,0.7535937367083515,False,False,0.9961543008199522,False
2012-02-29 21:30:00,MT_196,23458.3333333333,0.5769918188908273,False,False,0.9939704106545957,False
2012-02-29 22:45:00,MT_196,21416.6666666667,0.2356678487543496,False,False,0.9916619327544913,False
2012-03-01 05:15:00,MT_196,11166.6666666667,-1.5162709314139324,False,False,1.0241233885353611,False
2012-03-01 07:15:00,MT_196,17833.3333333333,-0.3827288848291763,False,False,0.9913908338720162,False
2012-03-01 11:45:00,MT_196,21833.3333333333,0.27193362121079767,False,False,1.005428623568532,False
2012-03-01 19:00:00,MT_196,26291.6666666667,1.00739505735972,False,False,1.0014388828665757,False
2012-03-02 02:00:00,MT_196,9375.0,-1.7570163478146905,False,False,1.011543610618795,False
2012-03-02 07:15:00,MT_196,18458.3333333333,-0.2605814138323405,False,False,1.021485894692552,False
2012-03-02 10:15:00,MT_196,25166.6666666667,0.8500757347301855,False,False,1.0533791786998583,False
2012-03-02 10:45:00,MT_196,24208.3333333333,0.6848835106405622,False,False,1.0122867860168043,False
2012-03-02 18:00:00,MT_196,27208.3333333333,1.1079767840131929,False,False,1.0488455061715976,False
2012-03-03 09:15:00,MT_196,24250.0,0.6196434348174498,False,False,0.9619633330958158,False
2012-03-03 11:30:00,MT_196,28333.3333333333,1.260110052143229,False,False,1.0322775318083122,False
2012-03-03 11:45:00,MT_196,27416.6666666667,1.0922651051834216,False,False,1.0341463363380734,False
2012-03-03 13:30:00,MT_196,26541.6666666667,0.879526925131338,False,False,1.0134806739981335,False
2012-03-04 00:00:00,MT_196,18125.0,-0.48761309585540363,False,False,1.040665768087415,False
2012-03-04 03:30:00,MT_196,10000.0,-1.7979027489369088,False,False,0.9673427266955213,False
2012-03-04 04:00:00,MT_196,9291.66666666667,-1.9236253429159016,False,False,1.0195075146954697,False
2012-03-04 07:45:00,MT_196,20791.6666666667,-0.03805013623508944,False,False,1.043148125199372,False
2012-03-04 19:15:00,MT_196,25625.0,0.8736338245923325,False,False,1.0295725935965447,False
2012-03-04 22:30:00,MT_196,18750.0,-0.2487829504870514,False,False,1.007585521634069,False
2012-03-04 23:15:00,MT_196,15583.3333333333,-0.7558127229197229,False,False,0.9975825598883995,False
2012-03-04 23:30:00,MT_196,13250.0,-1.134089919802967,False,False,1.0012689928082035,False
2012-03-05 04:30:00,MT_196,9791.66666666667,-1.6138778653464874,False,False,1.0102737839982878,False
2012-03-05 13:30:00,MT_196,24333.3333333333,0.9137549932382254,False,False,1.0017000172344912,False
2012-03-05 18:45:00,MT_196,24833.3333333333,0.9686602135185218,False,False,0.9706499894399325,False
2012-03-05 21:45:00,MT_196,23666.6666666667,0.7950889595208097,False,False,1.0267186026296378,False
2012-03-06 01:00:00,MT_196,9000.0,-1.8497800356006675,False,False,1.0571833962575605,False
2012-03-06 04:00:00,MT_196,9916.66666666667,-1.652990275603419,False,False,0.9683711883221148,False
2012-03-06 10:45:00,MT_196,21541.6666666667,0.35847435330331395,False,False,0.9646431147074558,False
2012-03-06 12:30:00,MT_196,21916.6666666667,0.4076384080696557,False,False,1.0031671393016366,False
2012-03-06 13:45:00,MT_196,23833.3333333333,0.7286730707889892,False,False,0.9765006892987206,False
2012-03-06 18:45:00,MT_196,25708.3333333333,1.0483369066457522,False,False,1.0215096586187993,False
2012-03-06 19:45:00,MT_196,24708.3333333333,0.8774069066082011,False,False,1.016472463572004,False
2012-03-06 20:45:00,MT_196,23375.0,0.6473656696848482,False,False,1.0247554159475727,False
2012-03-07 01:00:00,MT_196,10000.0,-1.6269248885167402,False,False,0.9885291579720146,False
2012-03-07 05:45:00,MT_196,14125.0,-0.9513306382265944,False,False,0.990365623536555,False
2012-03-07 08:00:00,MT_196,21583.3333333333,0.3584758841645562,False,False,1.0186363639040903,False
2012-03-07 17:00:00,MT_196,26250.0,1.150896620898685,False,False,1.0200697234136844,False
2012-03-07 18:30:00,MT_196,24916.6666666667,0.9082102716279943,False,False,0.978175695086502,False
2012-03-07 20:30:00,MT_196,21250.0,0.2714859817492222,False,False,0.978948568130959,False
2012-03-07 20:45:00,MT_196,23541.6666666667,0.659294236616153,False,False,1.0020095190169525,False
2012-03-07 21:45:00,MT_196,23083.3333333333,0.576045449475878,False,False,0.9990232053485211,False
2012-03-07 22:00:00,MT_196,22958.3333333333,0.5510368904306717,False,False,1.0070892431133955,False
2012-03-07 23:15:00,MT_196,20291.6666666667,0.08988207605496613,False,False,0.9674976976715438,False
2012-03-08 00:00:00,MT_196,17125.0,-0.45286816210680636,False,False,1.0736202218762938,False
2012-03-08 02:45:00,MT_196,11083.3333333333,-1.4614740850083374,False,False,1.0055322241203235,False
2012-03-08 08:15:00,MT_196,21666.6666666667,0.2976586495012656,False,False,1.0207936457923688,False
2012-03-08 11:30:00,MT_196,22458.3333333333,0.4419042156173489,False,False,0.9765270938740439,False
2012-03-08 12:15:00,MT_196,24333.3333333333,0.7537536284006787,False,False,0.9898061845385812,False
2012-03-08 12:30:00,MT_196,23291.6666666667,0.5723024995856246,False,False,0.9726013135480597,False
2012-03-08 15:45:00,MT_196,25000.0,0.8179927525113654,False,False,0.9951138924060245,False
2012-03-08 16:30:00,MT_196,23916.6666666667,0.6327276619078545,False,False,1.0024057255015915,False
2012-03-08 17:15:00,MT_196,25833.3333333333,0.9636438070226357,False,False,1.0285609445716324,False
2012-03-08 20:30:00,MT_196,24333.3333333333,0.7135609403325978,False,False,1.0094602507124597,False
2012-03-08 23:00:00,MT_196,21916.6666666667,0.3023149994430008,False,False,1.0382430678208854,False
2012-03-08 23:15:00,MT_196,22125.0,0.33877429336112946,False,False,1.0797115473802161,False
2012-03-09 08:45:00,MT_196,23708.3333333333,0.598898448263844,False,False,1.0289560449165815,False
2012-03-09 10:30:00,MT_196,24125.0,0.6472933337813433,False,False,1.012718949853893,False
2012-03-09 12:45:00,MT_196,24541.6666666667,0.7020993051527318,False,False,0.989566691462052,False
2012-03-09 13:00:00,MT_196,23125.0,0.4492597334748171,False,False,1.0213586791433862,False
2012-03-09 15:30:00,MT_196,23083.3333333333,0.4800363141291853,False,False,1.1181461947157765,False
2012-03-09 17:45:00,MT_196,24958.3333333333,0.8289979101278162,False,False,1.0327118690749417,False
2012-03-09 20:45:00,MT_196,23500.0,0.5561402045130991,False,False,0.9906416653394098,False
2012-03-10 01:15:00,MT_196,10208.3333333333,-1.795667244994514,False,False,0.9866846047225077,False
2012-03-10 01:30:00,MT_196,8583.33333333333,-2.074103264504518,False,False,1.1302407596501596,False
2012-03-10 04:30:00,MT_196,11458.3333333333,-1.4530256780884951,False,False,0.9873488163057496,False
2012-03-10 08:00:00,MT_196,20250.0,0.021412416019828923,False,False,1.0147784070533146,False
2012-03-10 08:15:00,MT_196,21041.6666666667,0.15833049098631077,False,False,1.0148693112324223,False
2012-03-10 08:45:00,MT_196,24416.6666666667,0.7153140174050294,False,False,1.0073416500781849,False
2012-03-10 19:15:00,MT_196,26625.0,0.9416892521658204,False,False,0.9966811403949184,False
2012-03-11 00:30:00,MT_196,10291.6666666667,-1.6187477084294934,False,False,1.041642610139777,False
2012-03-11 02:00:00,MT_196,8833.33333333333,-1.8648928277193861,False,False,1.0073579156548973,False
2012-03-11 02:15:00,MT_196,9916.66666666667,-1.6965838872154462,False,False,0.9689331884350334,False
2012-03-11 05:00:00,MT_196,10083.3333333333,-1.709155725367249,False,False,1.0177871731863655,False
2012-03-11 08:15:00,MT_196,20083.3333333333,-0.1069135769787398,False,False,1.0381692032006617,False
2012-03-11 10:45:00,MT_196,26541.6666666667,0.9445026779323548,False,False,1.0116568173318419,False
2012-03-11 15:45:00,MT_196,23541.6666666667,0.521820009922031,False,False,0.9656937182952531,False
2012-03-11 18:15:00,MT_196,25500.0,0.8730617636353227,False,False,0.9872384402525617,False
2012-03-11 23:30:00,MT_196,13375.0,-1.0935241610481323,False,False,0.9989450979929799,False
2012-03-12 00:45:00,MT_196,11500.0,-1.3496813277609816,False,False,1.0021431457595862,False
2012-03-12 03:15:00,MT_196,9666.66666666667,-1.761602164174606,False,False,0.97150932709044,False
2012-03-12 03:45:00,MT_196,12291.6666666667,-1.3135209592672703,False,False,1.0474937220367273,False
2012-03-12 04:00:00,MT_196,11416.6666666667,-1.4512737353573144,False,False,0.9908859303461129,False
2012-03-12 04:15:00,MT_196,11250.0,-1.4734182746128612,False,False,0.9851866812330964,False
2012-03-12 12:30:00,MT_196,24541.6666666667,0.8684462459703844,False,False,1.009132489365271,False
2012-03-12 13:00:00,MT_196,26083.3333333333,1.1480944651066345,False,False,1.0307560052268996,False
2012-03-12 16:00:00,MT_196,27000.0,1.1808923108955351,False,False,1.0569160835861269,False
2012-03-12 20:00:00,MT_196,24458.3333333333,0.7759180774308347,False,False,0.9913149490205813,False
2012-03-12 20:45:00,MT_196,25291.6666666667,0.9166900919325952,False,False,1.0176227059688074,False
2012-03-13 08:30:00,MT_196,21875.0,0.25768984233221676,False,False,1.0412700231321328,False
2012-03-13 09:15:00,MT_196,23916.6666666667,0.5906607983706986,False,False,0.9794666944451673,False
2012-03-13 13:45:00,MT_196,29708.3333333333,1.4073413987619323,False,False,1.0289870722106453,False
2012-03-13 14:15:00,MT_196,29333.3333333333,1.3213203017274828,False,False,1.0354562069931992,False
2012-03-13 17:15:00,MT_196,27083.3333333333,0.8920004889133422,False,False,1.0215261269829723,False
2012-03-13 19:00:00,MT_196,25000.0,0.5725241205999348,False,False,1.0355612435055133,False
2012-03-13 23:30:00,MT_196,20958.3333333333,-0.029885282785322036,False,False,0.9958038570922432,False
2012-03-14 01:00:00,MT_196,11375.0,-1.4513865063058449,False,False,0.9899072611465012,False
2012-03-14 01:15:00,MT_196,11083.3333333333,-1.5080425912886692,False,False,0.9619849936448651,False
2012-03-14 04:15:00,MT_196,9375.0,-1.7743476160400244,False,False,0.9925657016874577,False
2012-03-14 05:15:00,MT_196,13208.3333333333,-1.2205281709872164,False,False,1.0181101552263303,False
2012-03-14 09:45:00,MT_196,22708.3333333333,0.23924238423957653,False,False,0.9619492318656818,False
2012-03-14 15:15:00,MT_196,26250.0,0.8327444177237984,False,False,1.0423683959742474,False
2012-03-14 17:15:00,MT_196,26333.3333333333,0.8717889899292743,False,False,1.0139738598595434,False
2012-03-14 19:45:00,MT_196,23000.0,0.3726328690995753,False,False,1.036846960544386,False
2012-03-14 22:00:00,MT_196,23208.3333333333,0.42443261414041183,False,False,0.9853111294026866,False
2012-03-15 00:15:00,MT_196,12666.6666666667,-1.2412204839108554,False,False,0.9892882791631635,False
2012-03-15 01:00:00,MT_196,10208.3333333333,-1.6228858434224276,False,False,0.985605693336698,False
2012-03-15 02:45:00,MT_196,9208.33333333333,-1.7919836949612407,False,False,1.003224585135281,False
2012-03-15 03:15:00,MT_196,9875.0,-1.6879286711674726,False,False,0.9595150562089648,False
2012-03-15 05:15:00,MT_196,10958.3333333333,-1.4966463493735835,False,False,1.0319271674434594,False
2012-03-15 07:15:00,MT_196,15916.6666666667,-0.6687882177968766,False,False,0.9686957417318086,False
2012-03-15 09:45:00,MT_196,25083.3333333333,0.7723114784861341,False,False,1.0296731939386392,False
2012-03-15 16:45:00,MT_196,23125.0,0.5990619078237346,False,False,1.003704325940181,False
2012-03-15 17:15:00,MT_196,25166.6666666667,0.9544865673661286,False,False,1.0111445173755746,False
2012-03-15 21:00:00,MT_196,23708.3333333333,0.6951829264334203,False,False,1.0186021549489421,False
2012-03-15 21:45:00,MT_196,21750.0,0.3661981167213303,False,False,0.9816452533140065,False
2012-03-16 00:00:00,MT_196,17250.0,-0.37953631801468285,False,False,1.0177014537644489,False
2012-03-16 01:15:00,MT_196,8166.66666666667,-1.9145180353284583,False,False,1.2833244595144357,False
2012-03-16 08:45:00,MT_196,21458.3333333333,0.291023839269855,False,False,1.0118634534192232,False
2012-03-16 14:15:00,MT_196,24000.0,0.7530430486526183,False,False,0.9824920851120691,False
2012-03-16 14:45:00,MT_196,23833.3333333333,0.7240649791207658,False,False,0.9885389091748307,False
2012-03-16 20:00:00,MT_196,24875.0,0.9164475279487128,False,False,1.0175247201077113,False
2012-03-16 20:15:00,MT_196,23333.3333333333,0.642643396549681,False,False,0.9854813097920636,False
2012-03-16 21:45:00,MT_196,22500.0,0.49321949718072894,False,False,1.0170146024907147,False
2012-03-17 05:15:00,MT_196,13416.6666666667,-1.08225709087104,False,False,1.0282671495525335,False
2012-03-17 08:15:00,MT_196,21041.6666666667,0.23611465240157228,False,False,1.0192422835809851,False
2012-03-17 11:30:00,MT_196,24625.0,0.8224361029966426,False,False,0.9934989625028434,False
2012-03-17 14:15:00,MT_196,23000.0,0.5470039854080587,False,False,0.9979818911047174,False
2012-03-17 17:00:00,MT_196,25000.0,0.8541507125446035,False,False,0.9829990668577636,False
2012-03-18 04:30:00,MT_196,11958.3333333333,-1.3164619563220457,False,False,1.024188364089914,False
2012-03-18 06:45:00,MT_196,15791.6666666667,-0.6753597533663225,False,False,0.9702534169687586,False
2012-03-18 10:30:00,MT_196,22625.0,0.5276233621018671,False,False,0.964583542629163,False
2012-03-18 14:45:00,MT_196,22875.0,0.6036544401576165,False,False,0.9865313394627058,False
2012-03-18 20:30:00,MT_196,22375.0,0.5930221959695848,False,False,0.9839642598679037,False
2012-03-18 22:30:00,MT_196,17416.6666666667,-0.29149081726846415,False,False,1.0196244248109745,False
2012-03-19 00:45:00,MT_196,8750.0,-1.701461346097981,False,False,1.1281626257522261,False
2012-03-19 02:00:00,MT_196,8541.66666666667,-1.7182399888528372,False,False,1.0182554614705026,False
2012-03-19 02:45:00,MT_196,8500.0,-1.7111252025786365,False,False,0.9967540342925579,False
2012-03-19 03:15:00,MT_196,8250.0,-1.7362199341693512,False,False,0.9937343387740548,False
2012-03-19 03:45:00,MT_196,13333.3333333333,-0.8894213841059324,False,False,1.4459419862191711,False
2012-03-19 08:30:00,MT_196,18625.0,0.017994013842575336,False,False,1.0107380919587252,False
2012-03-19 08:45:00,MT_196,20708.3333333333,0.37754993524218733,False,False,1.0158679851776036,False
2012-03-19 10:45:00,MT_196,20958.3333333333,0.4349720646802514,False,False,0.9597051910877815,False
2012-03-19 13:30:00,MT_196,24333.3333333333,1.098866366883312,False,False,1.023810002320025,False
2012-03-19 20:15:00,MT_196,21833.3333333333,0.6865624901229279,False,False,0.9830981818924601,False
2012-03-20 00:30:00,MT_196,9833.33333333333,-1.6912257373081492,False,False,1.1027731919318873,False
2012-03-20 08:15:00,MT_196,16000.0,-0.4443034117070602,False,False,1.051992448482653,False
2012-03-20 13:45:00,MT_196,23041.6666666667,0.8121252542731305,False,False,0.975077146653859,False
2012-03-20 14:30:00,MT_196,21708.3333333333,0.565496862841083,False,False,0.9976165883620027,False
2012-03-20 16:30:00,MT_196,24833.3333333333,1.1304979505910342,False,False,0.9826450422308168,False
2012-03-20 18:00:00,MT_196,20958.3333333333,0.42236366716937335,False,False,1.077656746709356,False
2012-03-20 19:15:00,MT_196,24708.3333333333,1.0947541181733698,False,False,1.0449645963950722,False
2012-03-20 21:15:00,MT_196,22041.6666666667,0.6200562912911988,False,False,1.0417981111328056,False
2012-03-21 01:00:00,MT_196,10041.6666666667,-1.5288421178018539,False,False,0.9868574074153498,False
2012-03-21 07:30:00,MT_196,14125.0,-0.8090946585252865,False,False,1.0712332760371586,False
2012-03-21 11:00:00,MT_196,24791.6666666667,1.0759416634459444,False,False,1.1443976815231707,False
2012-03-21 11:30:00,MT_196,23583.3333333333,0.8545476921326906,False,False,1.034637459019009,False
2012-03-21 15:30:00,MT_196,22541.6666666667,0.6364449227625442,False,False,0.9899377034795622,False
2012-03-21 21:45:00,MT_196,22041.6666666667,0.5225799913293682,False,False,0.9948082752721541,False
2012-03-21 22:30:00,MT_196,22375.0,0.5652920121600326,False,False,1.0205488812835588,False
2012-03-22 00:00:00,MT_196,16000.0,-0.5311000094186017,False,False,1.0588490864345736,False
2012-03-22 05:00:00,MT_196,12375.0,-1.2242424611980298,False,False,0.9866537440429458,False
2012-03-22 07:00:00,MT_196,17083.3333333333,-0.38836706860357856,False,False,0.9797801442589563,False
2012-03-22 12:00:00,MT_196,22541.6666666667,0.6024461914302309,False,False,0.9653323807506112,False
2012-03-22 12:15:00,MT_196,22208.3333333333,0.5441345156394529,False,False,0.9603876203436937,False
2012-03-22 23:45:00,MT_196,18500.0,-0.10003442170754098,False,False,1.0060732237017274,False
2012-03-23 02:00:00,MT_196,10083.3333333333,-1.6994098226162482,False,False,0.9840405597259547,False
2012-03-23 03:00:00,MT_196,10125.0,-1.7142691850723963,False,False,0.9779077937986458,False
2012-03-23 05:45:00,MT_196,13250.0,-1.1380798012540212,False,False,1.0219386656999692,False
2012-03-23 09:45:00,MT_196,21833.3333333333,0.5021749266250026,False,False,0.9612817528778705,False
2012-03-23 12:15:00,MT_196,22208.3333333333,0.5681489296708694,False,False,0.9809769233261622,False
2012-03-23 14:15:00,MT_196,23333.3333333333,0.7603760266832038,False,False,0.9757840669070973,False
2012-03-24 03:00:00,MT_196,10208.3333333333,-1.6079434375873214,False,False,0.9696262783382423,False
2012-03-24 06:15:00,MT_196,15666.6666666667,-0.6598180105594095,False,False,0.9773498193202254,False
2012-03-24 08:15:00,MT_196,19208.3333333333,-0.06107341828250101,False,False,1.0093567021668415,False
2012-03-24 12:45:00,MT_196,24500.0,0.7550962003491549,False,False,0.975351739904186,False
2012-03-24 17:15:00,MT_196,24375.0,0.6745644364615724,False,False,0.9920142353380115,False
2012-03-25 01:30:00,MT_196,0.0,-2.9541291250715966,False,False,4.836385858319321,True
2012-03-25 02:15:00,MT_196,10208.3333333333,-1.3484936569703898,False,False,1.1053621327216636,False
2012-03-25 08:00:00,MT_196,16541.6666666667,-0.45687311894702753,False,False,1.0135853661699945,False
2012-03-25 12:15:00,MT_196,25375.0,0.7957097555766413,False,False,0.9996356036057427,False
2012-03-25 12:30:00,MT_196,24208.3333333333,0.637113778761798,False,False,0.9962055347922409,False
2012-03-25 14:15:00,MT_196,25083.3333333333,0.7507423977163376,False,False,1.0195372252022232,False
2012-03-26 08:30:00,MT_196,17041.6666666667,-0.3856679213588798,False,False,1.0183927329377147,False
2012-03-26 09:45:00,MT_196,22083.3333333333,0.3902642515208827,False,False,0.9767184817946238,False
2012-03-26 10:00:00,MT_196,23375.0,0.5907274759954834,False,False,0.9773993158183458,False
2012-03-26 17:45:00,MT_196,27125.0,1.2634888853688,False,False,1.0075803837962505,False
2012-03-26 20:15:00,MT_196,24833.3333333333,0.921035112552043,False,False,1.0183783711681196,False
2012-03-26 21:30:00,MT_196,24583.3333333333,0.8617008109215463,False,False,1.0214314482245614,False
2012-03-27 07:30:00,MT_196,18208.3333333333,-0.2771657165431837,False,False,1.0149368682277782,False
2012-03-27 14:00:00,MT_196,23416.6666666667,0.5837650609841865,False,False,0.9817246517925525,False
2012-03-27 14:30:00,MT_196,24375.0,0.7488831399653505,False,False,0.9858840133956104,False
2012-03-27 16:00:00,MT_196,24333.3333333333,0.748874351441419,False,False,0.9801104416265686,False
2012-03-27 16:15:00,MT_196,23541.6666666667,0.6171767049683105,False,False,1.0000013474043097,False
2012-03-27 19:30:00,MT_196,25625.0,0.998141442908023,False,False,1.0378799236187557,False
2012-03-28 06:00:00,MT_196,12708.3333333333,-1.262232069349703,False,False,1.060952366527548,False
2012-03-28 08:00:00,MT_196,16333.3333333333,-0.6105460133217351,False,False,1.0174752465610595,False
2012-03-28 09:30:00,MT_196,22416.6666666667,0.4616075729488112,False,False,0.9577848697907935,False
2012-03-28 11:15:00,MT_196,23625.0,0.6828353180906513,False,False,1.0019123377752668,False
2012-03-28 13:30:00,MT_196,24916.6666666667,0.9164450308273093,False,False,1.023066322331056,False
2012-03-28 13:45:00,MT_196,24500.0,0.844948478644884,False,False,1.0096232775663956,False
2012-03-28 14:30:00,MT_196,25208.3333333333,0.9725574266709107,False,False,1.0370173396144091,False
2012-03-28 16:30:00,MT_196,24500.0,0.8356301772085504,False,False,0.9955086907710302,False
2012-03-28 19:00:00,MT_196,25041.6666666667,0.9046807340666855,False,False,0.9928215390558174,False
2012-03-29 04:30:00,MT_196,9916.66666666667,-1.713541959265868,False,False,1.0445311782525204,False
2012-03-29 09:30:00,MT_196,19708.3333333333,-0.03729501194006544,False,False,1.014998567843501,False
2012-03-29 12:15:00,MT_196,22291.6666666667,0.41845496794025183,False,False,0.9647669572087317,False
2012-03-29 12:30:00,MT_196,25041.6666666667,0.8966487980135811,False,False,1.0051643401759873,False
2012-03-30 04:15:00,MT_196,9583.33333333333,-1.7422455737368798,False,False,0.9843240914721156,False
2012-03-30 12:45:00,MT_196,24041.6666666667,0.662766872043021,False,False,0.9852075491279806,False
2012-03-30 17:15:00,MT_196,24250.0,0.689771136802965,False,False,1.0865469890196375,False
2012-03-31 07:15:00,MT_196,14958.3333333333,-0.8899906633129506,False,False,1.1216073589436584,False
2012-03-31 10:30:00,MT_196,23125.0,0.4423910796410945,False,False,0.9939513769681728,False
2012-03-31 11:00:00,MT_196,24375.0,0.6498077351373923,False,False,0.9919011677847956,False
2012-03-31 11:30:00,MT_196,23708.3333333333,0.5359663612404788,False,False,1.0093872918421722,False
2012-03-31 12:00:00,MT_196,25000.0,0.7531731036183142,False,False,1.006351293211625,False
2012-03-31 13:45:00,MT_196,26583.3333333333,0.9922756453978345,False,False,1.011325366102885,False
2012-03-31 14:15:00,MT_196,23208.3333333333,0.4326629904038118,False,False,1.0288483115683822,False
2012-03-31 22:00:00,MT_196,25208.3333333333,0.8038224516938142,False,False,1.1602133656410356,False
2012-04-01 11:00:00,MT_196,25250.0,0.837691593847981,False,False,0.9802613338275654,False
2012-04-01 16:30:00,MT_196,26041.6666666667,0.9244019076393841,False,False,1.0479068440237094,False
2012-04-01 18:45:00,MT_196,26125.0,0.9182128047396194,False,False,0.993206131394528,False
2012-04-01 21:30:00,MT_196,20375.0,0.03346027827461091,False,False,0.9832539157611415,False
2012-04-02 00:45:00,MT_196,10000.0,-1.539459425011876,False,False,1.0309733494820383,False
2012-04-02 11:45:00,MT_196,23666.6666666667,0.7253938604882729,False,False,1.003170343529197,False
2012-04-02 12:00:00,MT_196,23541.6666666667,0.7067915687477835,False,False,1.012445123385703,False
2012-04-02 14:30:00,MT_196,24083.3333333333,0.8686291157312983,False,False,1.0225908965553345,False
2012-04-02 15:30:00,MT_196,23291.6666666667,0.7582043323259515,False,False,0.9912335967322952,False
2012-04-03 00:30:00,MT_196,9916.66666666667,-1.8267425429969038,False,False,1.1292126517029184,False
2012-04-03 03:00:00,MT_196,8875.0,-2.0085004952034,False,False,1.1203829477060159,False
2012-04-03 05:30:00,MT_196,14041.6666666667,-0.9916011523826629,False,False,0.9926665197530521,False
2012-04-03 06:45:00,MT_196,15916.6666666667,-0.6170494488019648,False,False,0.9620639457162481,False
2012-04-03 11:15:00,MT_196,24708.3333333333,1.0429446820260173,False,False,1.0625638168529021,False
2012-04-03 12:00:00,MT_196,24666.6666666667,1.0252770984290582,False,False,1.0222139702750799,False
2012-04-03 18:00:00,MT_196,23791.6666666667,0.8039806523823072,False,False,0.9777615341895516,False
2012-04-03 20:30:00,MT_196,24083.3333333333,0.8563591430663066,False,False,1.0468972912858547,False
2012-04-03 23:15:00,MT_196,20416.6666666667,0.18189431495197791,False,False,0.990271569133671,False
2012-04-04 02:15:00,MT_196,9916.66666666667,-1.7642061078128835,False,False,1.005101210583296,False
2012-04-04 04:15:00,MT_196,10458.3333333333,-1.7524151315074097,False,False,0.9615610813618082,False
2012-04-04 05:15:00,MT_196,14750.0,-0.9154517900638445,False,False,1.0085948486778613,False
2012-04-04 07:30:00,MT_196,14625.0,-0.9625620493737661,False,False,1.098436114422865,False
2012-04-04 09:30:00,MT_196,21791.6666666667,0.4330727185957409,False,False,0.9616838051691114,False
2012-04-04 10:15:00,MT_196,24666.6666666667,0.9791428350822811,False,False,1.0812562357443136,False
2012-04-04 10:45:00,MT_196,22791.6666666667,0.6167594249269626,False,False,0.9841694766594496,False
2012-04-04 12:00:00,MT_196,24250.0,0.9079087570978805,False,False,1.02501864205599,False
2012-04-04 12:15:00,MT_196,23791.6666666667,0.8209289657861186,False,False,1.0144632877830941,False
2012-04-04 21:30:00,MT_196,23500.0,0.6801030043471686,False,False,1.0176426836917394,False
2012-04-04 23:45:00,MT_196,18875.0,-0.2010876963230564,False,False,0.9900932492298006,False
2012-04-05 01:00:00,MT_196,10041.6666666667,-1.8112671639985598,False,False,0.9972737752689637,False
2012-04-05 02:30:00,MT_196,11458.3333333333,-1.5373378894831673,False,False,1.0101963410357997,False
2012-04-05 06:30:00,MT_196,16041.6666666667,-0.6726708358709379,False,False,0.9483501727644056,False
2012-04-05 12:00:00,MT_196,24083.3333333333,0.732274792074347,False,False,0.9870406438126059,False
2012-04-05 14:30:00,MT_196,26333.3333333333,1.105107512700247,False,False,1.0350267783372118,False
2012-04-05 15:30:00,MT_196,25125.0,0.8812404780052239,False,False,0.9901051786240328,False
2012-04-05 16:30:00,MT_196,25083.3333333333,0.8631170419970251,False,False,1.0037656348584096,False
2012-04-05 21:45:00,MT_196,24833.3333333333,0.801602018030941,False,False,1.0736815465090739,False
2012-04-06 01:15:00,MT_196,10208.3333333333,-1.6344672942344223,False,False,1.0137736727589746,False
2012-04-06 02:30:00,MT_196,10208.3333333333,-1.6338034040474168,False,False,0.9604974359034064,False
2012-04-06 04:15:00,MT_196,8416.66666666667,-1.8992093946918154,False,False,1.0797102196334372,False
2012-04-06 06:15:00,MT_196,15791.6666666667,-0.6629668085117926,False,False,0.9575839210667094,False
2012-04-06 07:15:00,MT_196,16166.6666666667,-0.6029457341353793,False,False,0.9866651207685698,False
2012-04-06 08:00:00,MT_196,16791.6666666667,-0.5044984174761137,False,False,1.0168393396498308,False
2012-04-06 12:15:00,MT_196,23833.3333333333,0.629764530037128,False,False,0.9796585941633812,False
2012-04-06 16:30:00,MT_196,26416.6666666667,1.0595193209794722,False,False,1.0826898633722177,False
2012-04-06 16:45:00,MT_196,25250.0,0.8660253781004029,False,False,1.057587350497712,False
2012-04-06 19:15:00,MT_196,23291.6666666667,0.5252149803564462,False,False,1.014952409215696,False
2012-04-06 19:30:00,MT_196,25708.3333333333,0.9131309475986176,False,False,0.9737430348066772,False
2012-04-06 21:30:00,MT_196,24625.0,0.7465326213056799,False,False,1.0078871819642465,False
2012-04-06 22:45:00,MT_196,22375.0,0.3907562320643578,False,False,1.0711433919454525,False
2012-04-07 03:00:00,MT_196,9208.33333333333,-1.7168654133827546,False,False,0.973505521148079,False
2012-04-07 04:30:00,MT_196,11791.6666666667,-1.3128765147427686,False,False,1.0125613745714588,False
2012-04-07 07:00:00,MT_196,17083.3333333333,-0.4797893583537885,False,False,0.9738776098442898,False
2012-04-07 15:00:00,MT_196,27041.6666666667,1.080710328261186,False,False,1.0072050674525304,False
2012-04-07 19:00:00,MT_196,24333.3333333333,0.6323342776972499,False,False,0.9797374660493456,False
2012-04-07 22:00:00,MT_196,22458.3333333333,0.3220167244866193,False,False,0.9973750916900178,False
2012-04-08 00:00:00,MT_196,17250.0,-0.488322769311346,False,False,1.0418897742502313,False
2012-04-08 00:30:00,MT_196,10333.3333333333,-1.5629891922901178,False,False,1.0413619355433705,False
2012-04-08 02:00:00,MT_196,10666.6666666667,-1.5262995250750266,False,False,0.9861756153661415,False
2012-04-08 02:45:00,MT_196,9708.33333333333,-1.6764770857827735,False,False,0.9769534846851248,False
2012-04-08 03:00:00,MT_196,9333.33333333333,-1.7419768582600565,False,False,0.980452091628147,False
2012-04-08 05:15:00,MT_196,12541.6666666667,-1.2167689916820363,False,False,1.0127526735298342,False
2012-04-08 08:00:00,MT_196,18208.3333333333,-0.31017064024713975,False,False,1.0017377057873325,False
2012-04-08 10:30:00,MT_196,23583.3333333333,0.5248588123805956,False,False,0.9690272196828139,False
2012-04-08 12:00:00,MT_196,24041.6666666667,0.6034915932805995,False,False,0.9745322833423822,False
2012-04-08 13:15:00,MT_196,24791.6666666667,0.7549390977413002,False,False,1.0285926826664133,False
2012-04-08 15:45:00,MT_196,22000.0,0.3878352011664665,False,False,0.9842994858700292,False
2012-04-08 16:00:00,MT_196,22416.6666666667,0.4652659406797201,False,False,0.9610435407161502,False
2012-04-08 17:45:00,MT_196,22583.3333333333,0.5461522857343487,False,False,0.9927274194650617,False
2012-04-08 21:15:00,MT_196,14416.6666666667,-0.7656292892148907,False,False,1.7367500496304058,False
2012-04-08 22:00:00,MT_196,13791.6666666667,-0.8327217536637836,False,False,1.3950013834613253,False
2012-04-09 05:15:00,MT_196,11458.3333333333,-1.1139944778981021,False,False,1.0666685144427606,False
2012-04-09 07:45:00,MT_196,16250.0,-0.23214677507176176,False,False,1.0068199799341175,False
2012-04-09 08:30:00,MT_196,18708.3333333333,0.22363346375271406,False,False,1.0362540256702628,False
2012-04-09 14:30:00,MT_196,23625.0,1.0641865460896507,False,False,1.0241827722938064,False
2012-04-09 15:15:00,MT_196,24000.0,1.1015666739520433,False,False,1.0341469265143528,False
2012-04-09 15:45:00,MT_196,26000.0,1.4388936989028087,False,False,1.0862397751159396,False
2012-04-09 18:15:00,MT_196,24416.6666666667,1.052431330204921,False,False,0.9623689155547773,False
2012-04-09 19:00:00,MT_196,24958.3333333333,1.1165609871930056,False,False,0.9898844769565207,False
2012-04-09 19:30:00,MT_196,23625.0,0.8688628904436465,False,False,0.9858576373629873,False
2012-04-09 20:00:00,MT_196,24083.3333333333,0.9253503408169809,False,False,1.0016296316586806,False
2012-04-10 01:30:00,MT_196,10000.0,-1.6441965580595344,False,False,0.997646507576986,False
2012-04-10 03:45:00,MT_196,9833.33333333333,-1.6929726188960044,False,False,0.9828710184584547,False
2012-04-10 05:45:00,MT_196,14500.0,-0.9545196147132156,False,False,0.9892037695498572,False
2012-04-10 07:30:00,MT_196,15416.6666666667,-0.8072328320372836,False,False,1.0028559806767967,False
2012-04-10 10:30:00,MT_196,23000.0,0.5289710400663309,False,False,0.9911836320332552,False
2012-04-10 15:30:00,MT_196,23708.3333333333,0.6840462982435468,False,False,0.9799709520825329,False
2012-04-10 22:45:00,MT_196,22833.3333333333,0.5520034209047014,False,False,1.0189789718276845,False
2012-04-10 23:30:00,MT_196,20166.6666666667,0.07014772723461579,False,False,0.9884119304952108,False
2012-04-11 01:45:00,MT_196,11333.3333333333,-1.5067136348896017,False,False,0.9759217607020517,False
2012-04-11 07:45:00,MT_196,17000.0,-0.4829210186976587,False,False,0.9803501426920137,False
2012-04-11 11:00:00,MT_196,22458.3333333333,0.4810489214637222,False,False,0.9680810094344628,False
2012-04-11 13:15:00,MT_196,22958.3333333333,0.5893201668026093,False,False,0.9934497921273129,False
2012-04-11 18:30:00,MT_196,23666.6666666667,0.7433391940660519,False,False,0.9666529720724911,False
2012-04-11 19:00:00,MT_196,24541.6666666667,0.9096316447326338,False,False,0.9755336602028463,False
2012-04-11 22:00:00,MT_196,24208.3333333333,0.8285508047751484,False,False,1.0729736691028944,False
2012-04-12 01:00:00,MT_196,10500.0,-1.6566087733227413,False,False,0.9817291310821523,False
2012-04-12 01:45:00,MT_196,10416.6666666667,-1.6683724128323398,False,False,0.9829481988867503,False
2012-04-12 03:15:00,MT_196,9625.0,-1.8043372233749544,False,False,0.9965790088892389,False
2012-04-12 05:45:00,MT_196,13416.6666666667,-1.11058396971705,False,False,1.0066974858653228,False
2012-04-12 06:00:00,MT_196,13166.6666666667,-1.1546998138850255,False,False,1.0341150250608524,False
2012-04-12 07:00:00,MT_196,16500.0,-0.5444001273385205,False,False,0.9571796475123543,False
2012-04-12 09:30:00,MT_196,20625.0,0.18347426628420838,False,False,0.9779511574653603,False
2012-04-12 11:15:00,MT_196,23666.6666666667,0.7212334043777962,False,False,1.0103776464639374,False
2012-04-12 15:45:00,MT_196,23958.3333333333,0.759382114942754,False,False,0.981013475709835,False
2012-04-12 17:15:00,MT_196,24666.6666666667,0.8878332397043575,False,False,1.0004306733755595,False
2012-04-12 21:00:00,MT_196,24000.0,0.7876932354518223,False,False,1.0265413642458006,False
2012-04-12 22:00:00,MT_196,24250.0,0.8378182251725514,False,False,1.1453006381034396,False
2012-04-13 03:00:00,MT_196,10708.3333333333,-1.7429793918948495,False,False,0.9750503323092014,False
2012-04-13 03:15:00,MT_196,10625.0,-1.7619928262866833,False,False,0.9840051796608786,False
2012-04-13 06:45:00,MT_196,17791.6666666667,-0.4702307862679722,False,False,0.9703661894916822,False
2012-04-13 07:45:00,MT_196,14625.0,-1.1166131383228757,False,False,1.273657672724472,False
2012-04-13 09:00:00,MT_196,20875.0,0.18199017070526605,False,False,1.020420538451514,False
2012-04-13 09:30:00,MT_196,22916.6666666667,0.6010429916762511,False,False,1.0030508985425703,False
2012-04-13 14:45:00,MT_196,23625.0,0.7812794883237534,False,False,0.9818963969097482,False
2012-04-13 19:30:00,MT_196,24666.6666666667,0.9667009130554646,False,False,1.01062581302759,False
2012-04-13 23:30:00,MT_196,19333.3333333333,-0.12399759590925222,False,False,1.0157756391004884,False
2012-04-14 10:15:00,MT_196,23583.3333333333,0.7028008655609124,False,False,0.9718473391675388,False
2012-04-14 14:00:00,MT_196,25000.0,0.8912658323210234,False,False,0.9910519064086669,False
2012-04-14 18:15:00,MT_196,24458.3333333333,0.7638575446888122,False,False,0.9688269958886367,False
2012-04-15 11:45:00,MT_196,27375.0,1.3288812705739528,False,False,1.1890311303082595,False
2012-04-15 12:00:00,MT_196,24291.6666666667,0.7882583521873319,False,False,0.9717049051854265,False
2012-04-15 15:30:00,MT_196,22791.6666666667,0.5991934396642427,False,False,0.9703246089729876,False
2012-04-15 16:00:00,MT_196,26083.3333333333,1.1823481017962252,False,False,1.1683306314078357,False
2012-04-15 19:15:00,MT_196,21875.0,0.4768229616037437,False,False,0.9748232163109898,False
2012-04-15 19:30:00,MT_196,22166.6666666667,0.5315040776523235,False,False,0.9718992170172819,False
2012-04-15 20:30:00,MT_196,23458.3333333333,0.7877747806135603,False,False,1.0719331090339619,False
2012-04-15 23:15:00,MT_196,14250.0,-0.8871436824459894,False,False,0.9853328163703422,False
2012-04-16 03:45:00,MT_196,11583.3333333333,-1.4235315630909433,False,False,1.0050726880410863,False
2012-04-16 07:00:00,MT_196,13916.6666666667,-0.992685072141878,False,False,1.118794160728694,False
2012-04-16 07:15:00,MT_196,14916.6666666667,-0.785107119717254,False,False,1.0326276055554302,False
2012-04-16 09:45:00,MT_196,22333.3333333333,0.660589993819783,False,False,1.0018857202224205,False
2012-04-16 15:45:00,MT_196,21916.6666666667,0.6932258290733775,False,False,0.988333784017175,False
2012-04-16 23:15:00,MT_196,21375.0,0.5671972720825014,False,False,1.0713004956166803,False
2012-04-17 02:30:00,MT_196,8458.33333333333,-2.13640448344912,False,False,1.2705908093510727,False
2012-04-17 09:15:00,MT_196,22041.6666666667,0.639917337067725,False,False,0.9975424881687792,False
2012-04-17 11:15:00,MT_196,22208.3333333333,0.6417773808157204,False,False,0.9835947251780706,False
2012-04-17 12:15:00,MT_196,22833.3333333333,0.7458895385102876,False,False,0.9817282938568411,False
2012-04-17 15:00:00,MT_196,25208.3333333333,1.1380895431581501,False,False,0.995510332563406,False
2012-04-17 17:15:00,MT_196,24000.0,0.8448648215231952,False,False,0.9748702054313411,False
2012-04-17 17:30:00,MT_196,23375.0,0.7327423696123473,False,False,0.9732771577530847,False
2012-04-17 18:30:00,MT_196,21833.3333333333,0.4555228196646394,False,False,1.0188783776728556,False
2012-04-17 20:00:00,MT_196,22833.3333333333,0.6453568482476361,False,False,0.9966319851664106,False
2012-04-17 21:30:00,MT_196,19333.3333333333,0.028949551861379513,False,False,1.0102387064719027,False
2012-04-18 05:30:00,MT_196,16958.3333333333,-0.32707184360295477,False,False,1.1087973906124877,False
2012-04-18 06:45:00,MT_196,16625.0,-0.36047587699816047,False,False,0.9684150751373964,False
2012-04-18 09:15:00,MT_196,22625.0,0.6908070607452634,False,False,0.9829300203882452,False
2012-04-18 11:45:00,MT_196,24875.0,1.108506003602628,False,False,1.1041714315979547,False
2012-04-18 16:15:00,MT_196,23416.6666666667,0.9556273508106056,False,False,0.9850244244075658,False
2012-04-18 18:45:00,MT_196,22625.0,0.7938566501679434,False,False,0.9617563476304901,False
2012-04-18 22:15:00,MT_196,23250.0,0.8463467299154054,False,False,1.0777999300385046,False
2012-04-18 22:30:00,MT_196,22958.3333333333,0.7855929011563074,False,False,1.074676500839116,False
2012-04-19 03:15:00,MT_196,9250.0,-1.6948401476243526,False,False,0.981439348254151,False
2012-04-19 06:00:00,MT_196,13000.0,-1.0626242725751378,False,False,1.0389202751366813,False
2012-04-19 07:00:00,MT_196,16208.3333333333,-0.4852148794913497,False,False,0.9576038118277729,False
2012-04-19 17:30:00,MT_196,23666.6666666667,0.8272088389777644,False,False,0.9837544967745452,False
2012-04-19 21:30:00,MT_196,22166.6666666667,0.5420946328650074,False,False,1.0038545905544316,False
2012-04-19 22:30:00,MT_196,23125.0,0.7103975165615801,False,False,1.1226785746869499,False
2012-04-19 23:00:00,MT_196,23041.6666666667,0.6948501547259437,False,False,1.2014045489100689,False
2012-04-20 03:45:00,MT_196,10791.6666666667,-1.527823619832118,False,False,0.9802023158258669,False
2012-04-20 14:45:00,MT_196,23416.6666666667,0.7244349628837171,False,False,0.9857984511879953,False
2012-04-21 00:30:00,MT_196,12000.0,-1.368159424822729,False,False,1.015597794021101,False
2012-04-21 01:45:00,MT_196,10291.6666666667,-1.7054864369829936,False,False,0.9645973145210965,False
2012-04-21 04:45:00,MT_196,12083.3333333333,-1.4476871533084252,False,False,0.9947851206094807,False
2012-04-21 05:30:00,MT_196,13625.0,-1.136810789754001,False,False,1.038937014809441,False
2012-04-21 07:45:00,MT_196,19291.6666666667,-0.10705861689307695,False,False,1.0070023277233127,False
2012-04-21 11:45:00,MT_196,27875.0,1.4475254323185793,False,False,1.1745928574847295,False
2012-04-22 00:00:00,MT_196,19125.0,-0.20027559621012653,False,False,1.1217979640193876,False
2012-04-22 00:15:00,MT_196,14125.0,-1.0885486009220213,False,False,0.9845672123636676,False
2012-04-22 01:00:00,MT_196,9583.33333333333,-1.8730656311694172,False,False,1.10470933746656,False
2012-04-22 02:45:00,MT_196,10208.3333333333,-1.743098545018877,False,False,0.9796248000998364,False
2012-04-22 04:00:00,MT_196,12000.0,-1.4493225344989258,False,False,1.0373391173585318,False
2012-04-22 10:15:00,MT_196,21875.0,0.3361147366581651,False,False,0.9775503339324213,False
2012-04-22 11:45:00,MT_196,25166.6666666667,0.9335766711770682,False,False,0.9906545292459755,False
2012-04-22 12:45:00,MT_196,22250.0,0.43303962751408376,False,False,0.9895494140586826,False
2012-04-22 13:45:00,MT_196,23375.0,0.6542144207350986,False,False,0.9942755548859541,False
2012-04-22 14:00:00,MT_196,22666.6666666667,0.5268947262663527,False,False,0.9787043440277241,False
2012-04-22 15:00:00,MT_196,22583.3333333333,0.5266107533400569,False,False,0.979163744121919,False
2012-04-22 17:45:00,MT_196,23708.3333333333,0.7840901872504654,False,False,0.990803265653734,False
2012-04-22 20:00:00,MT_196,22458.3333333333,0.5751608493970545,False,False,0.9739015477482299,False
2012-04-22 21:30:00,MT_196,21416.6666666667,0.40141562713411827,False,False,0.9942641439556784,False
2012-04-22 22:15:00,MT_196,19458.3333333333,0.03816636347605981,False,False,1.0012759395204989,False
2012-04-23 05:00:00,MT_196,11250.0,-1.4620868756436192,False,False,1.0496274962403633,False
2012-04-23 16:00:00,MT_196,23750.0,0.9312143191857074,False,False,1.0003068685677026,False
2012-04-24 00:00:00,MT_196,18208.3333333333,-0.23577424886644932,False,False,1.034150944733385,False
2012-04-24 11:30:00,MT_196,23125.0,0.7177980926078169,False,False,0.9946879596461693,False
2012-04-24 19:00:00,MT_196,20708.3333333333,0.25661339549725953,False,False,1.055744701170234,False
2012-04-24 20:30:00,MT_196,23208.3333333333,0.7903997623028698,False,False,1.054018946614459,False
2012-04-24 21:00:00,MT_196,22083.3333333333,0.5475399609986552,False,False,1.0263502911728835,False
2012-04-24 23:00:00,MT_196,22875.0,0.72460182594979,False,False,1.1377527452415388,False
2012-04-25 00:30:00,MT_196,11458.3333333333,-1.6880090415130449,False,False,1.050966556989601,False
2012-04-25 05:15:00,MT_196,13125.0,-1.3907434041710327,False,False,1.0225953899552929,False
2012-04-25 08:45:00,MT_196,22791.6666666667,0.7429497692078258,False,False,1.0017237950072162,False
2012-04-25 11:30:00,MT_196,22041.6666666667,0.5660690696995627,False,False,0.9760637369707853,False
2012-04-25 15:15:00,MT_196,24416.6666666667,1.0421080540804908,False,False,1.0305612102808837,False
2012-04-25 17:00:00,MT_196,22208.3333333333,0.5638391524911032,False,False,1.0300980910030697,False
2012-04-25 18:30:00,MT_196,22916.6666666667,0.7048835229918006,False,False,0.9712409912346918,False
2012-04-25 22:30:00,MT_196,20500.0,0.19320133186301755,False,False,0.9782797854398607,False
2012-04-26 00:45:00,MT_196,13416.6666666667,-1.2422160981023815,False,False,0.985589451493229,False
2012-04-26 01:00:00,MT_196,13250.0,-1.2855436969291782,False,False,0.9966823570144547,False
2012-04-26 06:45:00,MT_196,17583.3333333333,-0.397971021338685,False,False,0.9883424584765316,False
2012-04-26 07:00:00,MT_196,18375.0,-0.23759928006868347,False,False,1.0449927852312333,False
2012-04-26 17:30:00,MT_196,22208.3333333333,0.6514402865916213,False,False,0.991146343397788,False
2012-04-27 02:45:00,MT_196,10125.0,-1.8757062989275994,False,False,0.9959021656836831,False
2012-04-27 03:30:00,MT_196,8833.33333333333,-2.1115382790697477,False,False,1.162815847864976,False
2012-04-27 05:30:00,MT_196,16208.3333333333,-0.611860379808453,False,False,0.9939741190680792,False
2012-04-27 09:00:00,MT_196,22041.6666666667,0.5683692299451006,False,False,1.0073928862786432,False
2012-04-27 10:45:00,MT_196,22833.3333333333,0.7160764178692108,False,False,1.0065500012422766,False
2012-04-27 11:00:00,MT_196,21750.0,0.48879957488468634,False,False,0.9625286854248873,False
2012-04-27 20:00:00,MT_196,23583.3333333333,0.7770233156712788,False,False,0.996883614202987,False
2012-04-27 20:45:00,MT_196,23791.6666666667,0.8179824325889158,False,False,1.0075760301032655,False
2012-04-27 22:00:00,MT_196,22875.0,0.6352786831184477,False,False,1.0288062571448084,False
2012-04-28 00:15:00,MT_196,13791.6666666667,-1.1728761121091897,False,False,1.001630155503216,False
2012-04-28 00:45:00,MT_196,10416.6666666667,-1.8362168027009056,False,False,1.031450440184634,False
2012-04-28 13:15:00,MT_196,27083.3333333333,1.4319183006009937,False,False,1.1523723106867187,False
2012-04-28 14:00:00,MT_196,21833.3333333333,0.41080892958854304,False,False,1.0387103694069388,False
2012-04-28 20:30:00,MT_196,22458.3333333333,0.5810397624596398,False,False,0.9937790457638602,False
2012-04-29 01:00:00,MT_196,9458.33333333333,-1.9658794015858332,False,False,1.1896546841777522,False
2012-04-29 02:00:00,MT_196,10666.6666666667,-1.6974882520407026,False,False,0.9725193713270384,False
2012-04-29 09:30:00,MT_196,20291.6666666667,0.28295612181848423,False,False,0.9902652986583522,False
2012-04-29 15:30:00,MT_196,21708.3333333333,0.5444704904347395,False,False,0.9818510448719642,False
2012-04-29 17:30:00,MT_196,23708.3333333333,0.9168465429944267,False,False,1.0076015037332513,False
2012-04-30 00:00:00,MT_196,11291.6666666667,-1.2618295098338708,False,False,1.0573636648142835,False
2012-04-30 01:00:00,MT_196,9541.66666666667,-1.5484163795909203,False,False,1.0219592327812537,False
2012-04-30 01:45:00,MT_196,9541.66666666667,-1.5516324224188782,False,False,0.9684407766070834,False
2012-04-30 06:00:00,MT_196,12625.0,-0.989715371415523,False,False,1.0701096071654037,False
2012-04-30 11:15:00,MT_196,21583.3333333333,0.5860903187061921,False,False,0.9724248231814941,False
2012-04-30 11:30:00,MT_196,21458.3333333333,0.569493421856397,False,False,0.9797106575025688,False
2012-04-30 12:45:00,MT_196,23708.3333333333,0.9937726224747083,False,False,0.9952425913790794,False
2012-04-30 13:15:00,MT_196,22791.6666666667,0.8076179341939244,False,False,0.9690980396038018,False
2012-04-30 14:30:00,MT_196,21625.0,0.6052145993981988,False,False,0.9752097289071565,False
2012-04-30 15:00:00,MT_196,21541.6666666667,0.5968096233101841,False,False,0.9696984544793817,False
2012-04-30 22:45:00,MT_196,20750.0,0.4606680271569685,False,False,1.0010709112188305,False
2012-05-01 07:30:00,MT_196,17083.3333333333,-0.284178609631014,False,False,1.0118771075588482,False
2012-05-01 09:45:00,MT_196,22500.0,0.7167723797173876,False,False,0.9960647303890173,False
2012-05-01 10:30:00,MT_196,23291.6666666667,0.8465633112971408,False,False,1.0380459769931976,False
2012-05-01 11:45:00,MT_196,23791.6666666667,0.9144477948524152,False,False,1.0114133474815714,False
2012-05-02 07:30:00,MT_196,15666.6666666667,-0.5696386322933374,False,False,0.9839805996772398,False
2012-05-02 11:45:00,MT_196,22875.0,0.7550943705647908,False,False,0.9982706035678701,False
2012-05-02 18:45:00,MT_196,23750.0,0.898740094431469,False,False,0.9600155012403385,False
2012-05-02 19:30:00,MT_196,21750.0,0.5381497308279636,False,False,0.97799662950787,False
2012-05-02 23:30:00,MT_196,21166.6666666667,0.3925813663362518,False,False,1.083459540151314,False
2012-05-03 03:15:00,MT_196,8958.33333333333,-1.855527791928084,False,False,1.0220061863324792,False
2012-05-03 04:00:00,MT_196,10833.3333333333,-1.5288261300285326,False,False,0.9795365607404879,False
2012-05-03 07:30:00,MT_196,17250.0,-0.35395889874679914,False,False,1.018400196586524,False
2012-05-03 11:45:00,MT_196,24208.3333333333,0.8920273311207249,False,False,1.0215754033093842,False
2012-05-03 18:30:00,MT_196,23250.0,0.7416059849905605,False,False,0.9927749818408222,False
2012-05-04 02:00:00,MT_196,12250.0,-1.3419217128069114,False,False,1.0205550305675102,False
2012-05-04 04:45:00,MT_196,11583.3333333333,-1.6458108389070656,False,False,1.0477392701671415,False
2012-05-04 08:30:00,MT_196,21500.0,0.4078155325501069,False,False,1.0284396036307437,False
2012-05-04 13:30:00,MT_196,22541.6666666667,0.6213826321465141,False,False,0.9978987337783264,False
2012-05-04 13:45:00,MT_196,22791.6666666667,0.672625421253024,False,False,0.9829007983034975,False
2012-05-04 14:30:00,MT_196,22250.0,0.5522046396686375,False,False,0.9957391422699774,False
2012-05-04 16:00:00,MT_196,25250.0,1.2006520842394195,False,False,1.027755537201741,False
2012-05-04 17:00:00,MT_196,23750.0,0.8751243280663886,False,False,0.9835556861905613,False
2012-05-04 20:30:00,MT_196,22666.6666666667,0.6330761860893755,False,False,0.9779294023065674,False
2012-05-05 08:15:00,MT_196,20625.0,0.18453961881058617,False,False,1.0202761410402166,False
2012-05-05 11:30:00,MT_196,25708.3333333333,1.2629983757230916,False,False,1.1021407249232007,False
2012-05-05 15:30:00,MT_196,24583.3333333333,0.9395603900039846,False,False,0.9793513486671145,False
2012-05-05 18:00:00,MT_196,24041.6666666667,0.7837295664831363,False,False,0.9764667778727867,False
2012-05-05 18:15:00,MT_196,24166.6666666667,0.8044627441998976,False,False,0.9707419959330676,False
2012-05-05 22:45:00,MT_196,21291.6666666667,0.205161226064482,False,False,0.98365862437125,False
2012-05-05 23:15:00,MT_196,21375.0,0.22343891798176033,False,False,1.045064167158274,False
2012-05-06 03:00:00,MT_196,9208.33333333333,-2.033080143794246,False,False,1.0835703247881536,False
2012-05-06 06:00:00,MT_196,13041.6666666667,-1.2308862717425078,False,False,1.0364461010404853,False
2012-05-06 14:00:00,MT_196,23083.3333333333,0.6305635340866094,False,False,0.998206114215932,False
2012-05-06 19:45:00,MT_196,22041.6666666667,0.498673330628617,False,False,0.972205264889827,False
2012-05-06 20:00:00,MT_196,22875.0,0.660343921508587,False,False,0.9930165746792278,False
2012-05-06 20:30:00,MT_196,22416.6666666667,0.5758462098017552,False,False,0.9760556779669809,False
2012-05-07 06:00:00,MT_196,13500.0,-0.9230644989637549,False,False,1.0094319702198262,False
2012-05-07 08:00:00,MT_196,15750.0,-0.5084698943106353,False,False,1.015331951702151,False
2012-05-07 10:00:00,MT_196,22083.3333333333,0.6209197294949155,False,False,1.0033249864991745,False
2012-05-07 13:00:00,MT_196,21666.6666666667,0.6007536854707024,False,False,0.9613846271549521,False
2012-05-07 15:00:00,MT_196,23041.6666666667,0.8732677156796369,False,False,0.9885795574431046,False
2012-05-07 17:45:00,MT_196,23291.6666666667,0.9235844792838692,False,False,0.9737549511366331,False
2012-05-07 19:00:00,MT_196,23625.0,0.9719140690657319,False,False,0.9814103625460066,False
2012-05-08 07:15:00,MT_196,17666.6666666667,-0.4868133840677231,False,False,0.9477903341738992,False
2012-05-08 07:45:00,MT_196,19041.6666666667,-0.17250047297108814,False,False,1.0354569096801958,False
2012-05-08 08:45:00,MT_196,23833.3333333333,0.9372911645269267,False,False,1.0690926473330133,False
2012-05-08 10:30:00,MT_196,24750.0,1.0921811363951073,False,False,1.113816055468129,False
2012-05-08 11:00:00,MT_196,25166.6666666667,1.1586144348110565,False,False,1.095236123025937,False
2012-05-08 11:45:00,MT_196,24750.0,1.0288333250143677,False,False,1.0358865015418572,False
2012-05-08 15:15:00,MT_196,23250.0,0.6252366884263444,False,False,0.9849367907515987,False
2012-05-08 16:30:00,MT_196,25291.6666666667,1.0578950791607762,False,False,0.9939115824974583,False
2012-05-08 19:15:00,MT_196,25791.6666666667,1.0912310096383744,False,False,1.0263370682471713,False
2012-05-08 20:45:00,MT_196,24333.3333333333,0.7570398890962683,False,False,1.0307646082547668,False
2012-05-09 02:00:00,MT_196,14416.6666666667,-1.3458282366384684,False,False,1.1698725880959358,False
2012-05-09 03:00:00,MT_196,13541.6666666667,-1.5768985568440843,False,False,1.048860030611787,False
2012-05-09 03:45:00,MT_196,12666.6666666667,-1.7786602755554304,False,False,1.1367015442829942,False
2012-05-09 07:00:00,MT_196,16625.0,-0.927497908760556,False,False,0.9926344712893609,False
2012-05-09 07:15:00,MT_196,20125.0,-0.17297825986381685,False,False,1.0702522744823055,False
2012-05-09 09:30:00,MT_196,22250.0,0.2931670309646879,False,False,0.9624329630614349,False
2012-05-09 12:15:00,MT_196,24541.6666666667,0.8113574464174467,False,False,1.0039569915493036,False
2012-05-09 16:45:00,MT_196,27583.3333333333,1.3313147798399838,False,False,1.0219922703237088,False
2012-05-09 17:15:00,MT_196,27750.0,1.3387044879084338,False,False,1.042796503996881,False
2012-05-09 17:45:00,MT_196,28458.3333333333,1.4618332050236902,False,False,1.075033829350456,False
2012-05-09 19:00:00,MT_196,27416.6666666667,1.1946758871354677,False,False,1.121348331869721,False
2012-05-10 03:45:00,MT_196,11166.6666666667,-1.7696026571580363,False,False,0.9612746429315564,False
2012-05-10 04:00:00,MT_196,10375.0,-1.895184705250255,False,False,1.0233478261274769,False
2012-05-10 05:15:00,MT_196,12291.6666666667,-1.4872721705810823,False,False,1.0001557266085852,False
2012-05-10 05:45:00,MT_196,19708.3333333333,-0.25308621369402556,False,False,1.2036095673927256,False
2012-05-10 11:45:00,MT_196,29458.3333333333,1.2299818981059283,False,False,1.1447448294783036,False
2012-05-10 14:15:00,MT_196,29791.6666666667,1.144236580115085,False,False,1.060085104499464,False
2012-05-10 15:15:00,MT_196,29333.3333333333,1.0302746450777642,False,False,1.0626632232845288,False
2012-05-10 17:00:00,MT_196,32166.6666666667,1.345666762271915,False,False,1.033267468312664,False
2012-05-10 19:15:00,MT_196,27458.3333333333,0.6271586327591729,False,False,0.9851802567755158,False
2012-05-11 05:15:00,MT_196,12666.6666666667,-1.4842322911275359,False,False,1.0526077988069618,False
2012-05-11 07:45:00,MT_196,17000.0,-0.8617048593663352,False,False,1.0539691161632756,False
2012-05-11 10:45:00,MT_196,28208.3333333333,0.6938512087737486,False,False,1.004447318659558,False
2012-05-11 13:15:00,MT_196,29791.6666666667,0.9067128418592367,False,False,0.9946126811879263,False
2012-05-11 13:30:00,MT_196,29541.6666666667,0.8694755331113968,False,False,0.9964655652584863,False
2012-05-11 15:00:00,MT_196,31541.6666666667,1.126380020443598,False,False,1.0006920473843373,False
2012-05-11 22:15:00,MT_196,26541.6666666667,0.4650004155402821,False,False,0.9922897387779226,False
2012-05-11 23:00:00,MT_196,23375.0,0.02293907637881085,False,False,1.1080712691437662,False
2012-05-12 02:30:00,MT_196,12291.6666666667,-1.5200006470680107,False,False,1.0296450535603419,False
2012-05-12 07:30:00,MT_196,20333.3333333333,-0.4308813901439582,False,False,1.0339283079635633,False
2012-05-12 18:00:00,MT_196,30000.0,0.7466573256358575,False,False,1.0636367280391015,False
2012-05-12 19:30:00,MT_196,30041.6666666667,0.7376293028476173,False,False,1.0004438114369232,False
2012-05-12 20:15:00,MT_196,29541.6666666667,0.6724710200179607,False,False,0.9826621118177944,False
2012-05-13 00:45:00,MT_196,12375.0,-1.5359795780274568,False,False,1.0052005704400848,False
2012-05-13 03:00:00,MT_196,11458.3333333333,-1.6273636428600506,False,False,1.0163269438296878,False
2012-05-13 03:30:00,MT_196,11416.6666666667,-1.629167350760873,False,False,0.998844987898295,False
2012-05-13 04:00:00,MT_196,10875.0,-1.6999359945580057,False,False,0.9602178004560695,False
2012-05-13 09:30:00,MT_196,24791.6666666667,0.115829233684274,False,False,1.074708290317544,False
2012-05-13 11:30:00,MT_196,28666.6666666667,0.6483647803329078,False,False,1.0157833908097775,False
2012-05-13 14:15:00,MT_196,26458.3333333333,0.4078162842447366,False,False,1.0222102705543772,False
2012-05-13 21:00:00,MT_196,25458.3333333333,0.41638918080124915,False,False,1.0229377493274607,False
2012-05-13 23:30:00,MT_196,15333.3333333333,-1.0121241889639896,False,False,0.974546822863842,False
2012-05-14 08:45:00,MT_196,22500.0,-0.0035242193610444767,False,False,1.0254305207372985,False
2012-05-14 13:30:00,MT_196,28458.3333333333,0.9786303295590904,False,False,1.0348587991200673,False
2012-05-14 18:30:00,MT_196,28625.0,1.0373981767465645,False,False,0.9886304773390555,False
2012-05-15 04:45:00,MT_196,11083.3333333333,-1.7181102702062205,False,False,1.0158555450074984,False
2012-05-15 11:45:00,MT_196,28833.3333333333,0.9692238315919718,False,False,1.008102258959902,False
2012-05-15 12:45:00,MT_196,30291.6666666667,1.1804223455422371,False,False,1.0193075181276292,False
2012-05-15 15:00:00,MT_196,29416.6666666667,1.0486901125433874,False,False,1.024240840861867,False
2012-05-15 21:30:00,MT_196,26916.6666666667,0.6326365959353369,False,False,1.003919789751551,False
2012-05-16 01:15:00,MT_196,11875.0,-1.561744124977078,False,False,0.971408464294592,False
2012-05-16 02:30:00,MT_196,13791.6666666667,-1.3241291642932278,False,False,1.0644262989265663,False
2012-05-16 03:00:00,MT_196,13000.0,-1.472846030552732,False,False,1.0241422357240197,False
2012-05-16 15:45:00,MT_196,30250.0,1.1743140755094579,False,False,0.9867660524546413,False
2012-05-16 16:00:00,MT_196,31958.3333333333,1.4445331098529655,False,False,0.9998833916538664,False
2012-05-17 05:00:00,MT_196,12666.6666666667,-1.6038075548937336,False,False,1.0324655383995267,False
2012-05-17 10:15:00,MT_196,24416.6666666667,0.11226124745827656,False,False,1.0462230547764926,False
2012-05-17 12:15:00,MT_196,26583.3333333333,0.4458830812160274,False,False,0.9986640436245029,False
2012-05-17 13:30:00,MT_196,26416.6666666667,0.43554755489617514,False,False,1.0756084888471176,False
2012-05-17 18:00:00,MT_196,28125.0,0.8127672208131719,False,False,1.0311419930278138,False
2012-05-17 20:30:00,MT_196,25125.0,0.44803645463320424,False,False,0.9905962820025735,False
2012-05-18 02:45:00,MT_196,12000.0,-1.7435458989446708,False,False,0.993409160087653,False
2012-05-18 04:45:00,MT_196,11250.0,-1.7824066273999257,False,False,1.056364869528738,False
2012-05-18 12:45:00,MT_196,25416.6666666667,0.5896233179500997,False,False,0.9994636399034249,False
2012-05-19 04:30:00,MT_196,10500.0,-1.7498173957076983,False,False,0.9853159950007243,False
2012-05-19 06:45:00,MT_196,18708.3333333333,-0.4465660486814336,False,False,0.9959257638206213,False
2012-05-19 09:00:00,MT_196,24083.3333333333,0.3907605770183076,False,False,0.9717197792880317,False
2012-05-20 11:45:00,MT_196,24333.3333333333,0.6313445176295519,False,False,0.971825780261662,False
2012-05-20 14:30:00,MT_196,23416.6666666667,0.49188733612449054,False,False,0.9858039162786012,False
2012-05-21 11:15:00,MT_196,23583.3333333333,0.7075798825028033,False,False,1.0148892993535128,False
2012-05-21 13:45:00,MT_196,23958.3333333333,0.8313216640706299,False,False,0.9977992760821376,False
2012-05-21 15:30:00,MT_196,23916.6666666667,0.8219040116627209,False,False,0.9867875790894626,False
2012-05-21 19:30:00,MT_196,21916.6666666667,0.5000967170773067,False,False,0.9874991576395514,False
2012-05-21 20:00:00,MT_196,23500.0,0.7893810813054785,False,False,0.9778368814668639,False
2012-05-22 00:15:00,MT_196,16250.0,-0.6123698786374555,False,False,1.086024479819629,False
2012-05-22 02:30:00,MT_196,10916.6666666667,-1.7429346343070027,False,False,0.9689963309509337,False
2012-05-22 11:30:00,MT_196,25291.6666666667,1.0394800187811297,False,False,1.0396888387695642,False
2012-05-22 13:00:00,MT_196,25000.0,0.9403860777007758,False,False,1.0067795979333247,False
2012-05-22 19:30:00,MT_196,27750.0,1.1602184927270245,False,False,1.0574715199071951,False
2012-05-22 20:30:00,MT_196,26000.0,0.8182521543467041,False,False,1.0200270474258764,False
2012-05-22 23:45:00,MT_196,20041.6666666667,-0.22077772472466942,False,False,1.0311607910046507,False
2012-05-23 07:00:00,MT_196,18000.0,-0.5609182920276864,False,False,0.9559351398954868,False
2012-05-23 09:30:00,MT_196,23750.0,0.3897563931141271,False,False,0.963119339471938,False
2012-05-23 11:30:00,MT_196,25583.3333333333,0.6789058725961378,False,False,0.991946160470573,False
2012-05-23 23:00:00,MT_196,24541.6666666667,0.3369527696216013,False,False,1.0228786418194997,False
2012-05-24 00:30:00,MT_196,12708.3333333333,-1.4463533528822112,False,False,0.997212816265549,False
2012-05-24 03:00:00,MT_196,11458.3333333333,-1.6134829538645783,False,False,0.9877765489438667,False
2012-05-24 07:00:00,MT_196,19041.6666666667,-0.516021440067966,False,False,1.0179024326161097,False
2012-05-24 07:15:00,MT_196,17250.0,-0.7916922945879328,False,False,0.9938091455014927,False
2012-05-24 16:45:00,MT_196,37166.6666666667,1.7897337365471078,False,False,1.0149403055230044,False
2012-05-24 18:30:00,MT_196,30916.6666666667,0.861995362001224,False,False,1.0423062680920756,False
2012-05-24 20:15:00,MT_196,29375.0,0.6523047308093172,False,False,1.0123120374115557,False
2012-05-25 19:15:00,MT_196,26750.0,0.6579251180068884,False,False,0.9835288602404962,False
2012-05-25 21:30:00,MT_196,23541.6666666667,0.22580932456630642,False,False,1.0009290093043022,False
2012-05-26 07:15:00,MT_196,18125.0,-0.5340184839662594,False,False,0.9880316642041438,False
2012-05-26 14:00:00,MT_196,27166.6666666667,0.7924814459419136,False,False,1.0001301383954433,False
2012-05-26 17:00:00,MT_196,27416.6666666667,0.8662502143073497,False,False,1.0276202459286097,False
2012-05-26 20:15:00,MT_196,25500.0,0.6326881418010609,False,False,0.9983379464002222,False
2012-05-26 21:30:00,MT_196,22958.3333333333,0.23387468726625707,False,False,1.0017039874005211,False
2012-05-27 05:45:00,MT_196,19208.3333333333,-0.33437486576793785,False,False,1.1837658503687045,False
2012-05-27 07:30:00,MT_196,18041.6666666667,-0.5066211708049438,False,False,0.9773355753733607,False
2012-05-27 15:00:00,MT_196,25000.0,0.6182958336790757,False,False,0.9712678047641479,False
2012-05-27 16:30:00,MT_196,24250.0,0.5454815673098519,False,False,0.9889861928833935,False
2012-05-27 18:30:00,MT_196,24500.0,0.613612465140374,False,False,0.9962206347873309,False
2012-05-28 03:30:00,MT_196,10791.6666666667,-1.4287212134218665,False,False,1.0019063354652524,False
2012-05-28 04:45:00,MT_196,12041.6666666667,-1.2414329738550922,False,False,1.0678048123165704,False
2012-05-28 06:45:00,MT_196,16208.3333333333,-0.602532986704026,False,False,0.9596484618348681,False
2012-05-28 08:30:00,MT_196,21125.0,0.14972438281153827,False,False,1.0084893006294087,False
2012-05-28 09:00:00,MT_196,24250.0,0.6181404446982409,False,False,1.0050954965430852,False
2012-05-28 12:00:00,MT_196,27666.6666666667,1.1956043214379253,False,False,1.0511689604454733,False
2012-05-28 12:45:00,MT_196,26458.3333333333,0.987918174787945,False,False,1.013986296309575,False
2012-05-29 21:30:00,MT_196,23750.0,0.19369421267328987,False,False,1.0099875597170147,False
2012-05-30 02:30:00,MT_196,11916.6666666667,-1.4342048864179804,False,False,1.0039657904268617,False
2012-05-30 22:00:00,MT_196,27625.0,0.4623332791272706,False,False,1.041904011126808,False
2012-05-30 22:15:00,MT_196,25250.0,0.16891917497483647,False,False,1.0137398325967606,False
2012-05-31 00:00:00,MT_196,20208.3333333333,-0.4564678242428598,False,False,1.0649644784007755,False
2012-05-31 00:45:00,MT_196,12791.6666666667,-1.3648163409857654,False,False,0.9942622920526367,False
2012-05-31 04:45:00,MT_196,13083.3333333333,-1.318406282459075,False,False,0.9923560688276583,False
2012-06-01 03:00:00,MT_196,10000.0,-1.708360334294437,False,False,0.9859580946112781,False
2012-06-01 04:30:00,MT_196,8875.0,-1.7745240255017956,False,False,1.0621567799142348,False
2012-06-01 09:15:00,MT_196,22458.3333333333,-0.17767057575241887,False,False,1.0899809931466116,False
2012-06-01 15:45:00,MT_196,40916.6666666667,1.304722709030517,False,False,1.09935749275311,False
2012-06-02 00:45:00,MT_196,13500.0,-1.0483910098290832,False,False,1.012660588835168,False
2012-06-02 03:00:00,MT_196,11833.3333333333,-1.2249679390616544,False,False,1.1678427513101284,False
2012-06-02 05:00:00,MT_196,12791.6666666667,-1.1870445472917321,False,False,1.0192735567653892,False
2012-06-02 06:30:00,MT_196,19541.6666666667,-0.6529612463461756,False,False,1.0308314085517825,False
2012-06-02 09:00:00,MT_196,25500.0,-0.16878025347332865,False,False,1.083915045963555,False
2012-06-02 11:00:00,MT_196,27250.0,0.02543671215133943,False,False,1.2171264873491803,False
2012-06-02 11:15:00,MT_196,27916.6666666667,0.10465812936631144,False,False,1.201805055590773,False
2012-06-02 19:30:00,MT_196,26875.0,0.4625242989007505,False,False,0.9952759275573062,False
2012-06-02 23:30:00,MT_196,22625.0,-0.08414466953925746,False,False,1.0992689218294307,False
2012-06-03 01:45:00,MT_196,13375.0,-1.4578297700066185,False,False,1.167993986091762,False
2012-06-03 10:45:00,MT_196,27000.0,0.6338014447309164,False,False,0.9897071380844705,False
2012-06-03 11:00:00,MT_196,25750.0,0.45170124138655454,False,False,0.9979782070268257,False
2012-06-03 15:30:00,MT_196,25583.3333333333,0.41600338085174066,False,False,0.9714145886217864,False
2012-06-03 17:30:00,MT_196,28125.0,0.8642327933209221,False,False,1.015431545163596,False
2012-06-03 18:30:00,MT_196,27000.0,0.7041000110678042,False,False,0.995349717728477,False
2012-06-04 02:45:00,MT_196,10375.0,-1.6917472638603261,False,False,0.9840418660545234,False
2012-06-04 09:45:00,MT_196,25583.3333333333,0.5709336751105821,False,False,0.9784237390182782,False
2012-06-04 14:45:00,MT_196,29916.6666666667,1.3336372979572206,False,False,0.9994115219929938,False
2012-06-04 19:00:00,MT_196,28291.6666666667,0.9313061059357759,False,False,0.9834330164704019,False
2012-06-05 04:15:00,MT_196,11375.0,-1.8016051711615255,False,False,0.9688839838255637,False
2012-06-05 08:00:00,MT_196,19625.0,-0.5412827533227801,False,False,1.0407844162910305,False
2012-06-05 09:00:00,MT_196,24666.6666666667,0.25501306228284426,False,False,1.015238844125204,False
2012-06-05 10:15:00,MT_196,26208.3333333333,0.4937324959112735,False,False,0.993193832543684,False
2012-06-05 12:15:00,MT_196,30708.3333333333,1.154754542061025,False,False,1.0365706068759835,False
2012-06-05 13:00:00,MT_196,30375.0,1.0903778726962254,False,False,1.0145496971464458,False
2012-06-05 13:45:00,MT_196,31708.3333333333,1.2861665967947409,False,False,1.0174606033463365,False
2012-06-05 14:45:00,MT_196,29791.6666666667,0.977023661411845,False,False,1.028180551855547,False
2012-06-05 17:15:00,MT_196,30125.0,1.0281824583392585,False,False,1.0144908657634593,False
2012-06-05 23:30:00,MT_196,21250.0,-0.3411185649042689,False,False,1.0699113302421988,False
2012-06-06 00:15:00,MT_196,17875.0,-0.8458301881866923,False,False,1.0977467445551017,False
2012-06-06 01:00:00,MT_196,12625.0,-1.618488687554446,False,False,1.0211896279741133,False
2012-06-06 02:00:00,MT_196,12833.3333333333,-1.5374161982232246,False,False,1.009580494664055,False
2012-06-06 05:45:00,MT_196,20416.6666666667,-0.4262090902758171,False,False,1.1069085613191805,False
2012-06-06 06:00:00,MT_196,16625.0,-0.977410069202499,False,False,0.9927034064799216,False
2012-06-06 07:45:00,MT_196,18583.3333333333,-0.6889349480920034,False,False,1.0069021492281467,False
2012-06-06 08:00:00,MT_196,21875.0,-0.20932101936561429,False,False,1.0487571267945792,False
2012-06-06 10:45:00,MT_196,26958.3333333333,0.5263099241034753,False,False,0.9929072836185455,False
2012-06-06 14:00:00,MT_196,29291.6666666667,0.9379860385034413,False,False,1.0092660303429477,False
2012-06-06 14:30:00,MT_196,29708.3333333333,1.007516755202616,False,False,1.0043208171855855,False
2012-06-06 19:45:00,MT_196,25958.3333333333,0.48898979189217723,False,False,0.997984370619309,False
2012-06-06 22:15:00,MT_196,25625.0,0.45688045185191783,False,False,1.008113662232899,False
2012-06-07 01:30:00,MT_196,12125.0,-1.6467864315321317,False,False,0.9882344870324772,False
2012-06-07 19:45:00,MT_196,25375.0,0.4298671198318449,False,False,1.0266930129316236,False
2012-06-07 20:00:00,MT_196,25708.3333333333,0.48273962486809435,False,False,0.9811403761438369,False
2012-06-08 04:00:00,MT_196,16416.6666666667,-1.1909111080479973,False,False,1.2681769475669702,False
2012-06-08 13:30:00,MT_196,23916.6666666667,0.2870705628970833,False,False,1.1450595689417735,False
2012-06-08 21:00:00,MT_196,24208.3333333333,0.4690655905476427,False,False,0.988108903879679,False
2012-06-09 06:00:00,MT_196,16291.6666666667,-0.7958019159460235,False,False,0.9746411273037491,False
2012-06-09 14:45:00,MT_196,27916.6666666667,1.0276686970059021,False,False,1.0049481321983653,False
2012-06-10 00:00:00,MT_196,19000.0,-0.4006025289743083,False,False,1.074860110011042,False
2012-06-10 03:00:00,MT_196,11708.3333333333,-1.5986779604939443,False,False,1.0209490272626323,False
2012-06-10 18:15:00,MT_196,25583.3333333333,0.6620895010028913,False,False,1.0030091815546445,False
2012-06-10 18:30:00,MT_196,25541.6666666667,0.651672372713549,False,False,1.0000931720184754,False
2012-06-10 20:45:00,MT_196,26000.0,0.7280416769881838,False,False,1.05711902710225,False
2012-06-10 22:45:00,MT_196,18666.6666666667,-0.4881321478536742,False,False,1.0126185103512335,False
2012-06-10 23:30:00,MT_196,14791.6666666667,-1.0966489284863887,False,False,0.9838766703210494,False
2012-06-11 03:00:00,MT_196,10500.0,-1.7145071677223298,False,False,0.980932278352627,False
2012-06-11 09:00:00,MT_196,22958.3333333333,0.3121728718052801,False,False,0.9943007472942664,False
2012-06-12 00:15:00,MT_196,17458.3333333333,-0.6316424785151942,False,False,1.1249752961701371,False
2012-06-12 04:15:00,MT_196,11125.0,-1.8986074628489014,False,False,1.0087476456416675,False
2012-06-12 04:30:00,MT_196,11250.0,-1.8868863558273186,False,False,1.044221101524885,False
2012-06-12 04:45:00,MT_196,13291.6666666667,-1.5020593845362313,False,False,1.0026058320303421,False
2012-06-12 07:15:00,MT_196,17250.0,-0.743436004133793,False,False,0.9816017291772898,False
2012-06-12 12:30:00,MT_196,24166.6666666667,0.5791342727600828,False,False,0.9971448800426099,False
2012-06-12 13:15:00,MT_196,22375.0,0.25137741646378803,False,False,1.0902426446779026,False
2012-06-12 15:30:00,MT_196,23583.3333333333,0.5157242580255574,False,False,1.0096180460222033,False
2012-06-12 23:15:00,MT_196,21791.6666666667,0.1832906095175552,False,False,0.9997257453288861,False
2012-06-12 23:30:00,MT_196,21291.6666666667,0.08350364704001528,False,False,0.9992876068738349,False
2012-06-13 00:15:00,MT_196,14625.0,-1.2276225809712535,False,False,1.0082835641212937,False
2012-06-13 03:00:00,MT_196,10708.3333333333,-1.837176437101768,False,False,0.9930914265401425,False
2012-06-13 05:15:00,MT_196,11208.3333333333,-1.679615637246097,False,False,1.072018236214469,False
2012-06-13 06:45:00,MT_196,18541.6666666667,-0.34852294918272225,False,False,0.9998420348849645,False
2012-06-13 14:30:00,MT_196,26500.0,1.0584527968606814,False,False,1.0377910474382934,False
2012-06-13 15:00:00,MT_196,28458.3333333333,1.3816286217468319,False,False,1.0163962799634303,False
2012-06-13 19:00:00,MT_196,25500.0,0.7920118785065104,False,False,0.9884454223452025,False
2012-06-13 21:30:00,MT_196,24250.0,0.5750206847167175,False,False,1.007271064317952,False
2012-06-13 23:30:00,MT_196,20958.3333333333,0.025274939544274126,False,False,0.9957909968317988,False
2012-06-13 23:45:00,MT_196,19166.6666666667,-0.2722555884566274,False,False,0.9941763567161321,False
2012-06-14 01:00:00,MT_196,12083.3333333333,-1.4505381287019392,False,False,0.9720891530841894,False
2012-06-14 06:45:00,MT_196,15000.0,-0.9832867991604093,False,False,1.0312564279328906,False
2012-06-14 09:00:00,MT_196,22791.6666666667,0.3187237239516601,False,False,0.9864727062793062,False
2012-06-14 14:45:00,MT_196,24416.6666666667,0.5987592271925445,False,False,1.0000603451276624,False
2012-06-14 18:45:00,MT_196,26041.6666666667,0.8853104406904473,False,False,1.0014329021460486,False
2012-06-14 19:00:00,MT_196,24916.6666666667,0.6973957531942355,False,False,1.003918808385447,False
2012-06-14 20:15:00,MT_196,25333.3333333333,0.767822711045299,False,False,0.983475796599688,False
2012-06-14 20:45:00,MT_196,25625.0,0.8125695637013441,False,False,0.9958722788143942,False
2012-06-14 21:45:00,MT_196,24416.6666666667,0.6075380279592907,False,False,1.0172700162249904,False
2012-06-14 22:15:00,MT_196,21083.3333333333,0.0436593883231994,False,False,1.007175055170596,False
2012-06-14 23:30:00,MT_196,21750.0,0.15506387358833607,False,False,1.0790954244338467,False
2012-06-15 08:15:00,MT_196,16958.3333333333,-0.6553445805328694,False,False,1.0661357840402044,False
2012-06-15 13:15:00,MT_196,26666.6666666667,0.9465392348445194,False,False,0.997914854953921,False
2012-06-15 14:00:00,MT_196,28500.0,1.2302189954257767,False,False,1.0183443863032755,False
2012-06-15 17:30:00,MT_196,27625.0,1.0327255285327468,False,False,1.0781042122838707,False
2012-06-15 21:30:00,MT_196,26041.6666666667,0.7092994043607781,False,False,0.9894939700008365,False
2012-06-15 21:45:00,MT_196,27166.6666666667,0.8752449005718977,False,False,1.0485534780598245,False
2012-06-16 02:45:00,MT_196,8875.0,-1.9338821313501038,False,False,1.010792352073858,False
2012-06-16 17:45:00,MT_196,26750.0,0.6610972254946261,False,False,1.015008742751354,False
2012-06-17 10:00:00,MT_196,25000.0,0.3950221271169154,False,False,1.002621830062234,False
2012-06-17 13:00:00,MT_196,30666.6666666667,1.197457374865038,False,False,1.0822031400502214,False
2012-06-17 13:45:00,MT_196,30125.0,1.097274823340622,False,False,1.1173395978811138,False
2012-06-17 14:45:00,MT_196,27583.3333333333,0.7222435491122701,False,False,1.0032264041542993,False
2012-06-18 07:45:00,MT_196,17291.6666666667,-0.6298221273356166,False,False,0.997449059323077,False
2012-06-18 14:15:00,MT_196,25708.3333333333,0.7784221472162215,False,False,1.051051798436401,False
2012-06-18 19:30:00,MT_196,26208.3333333333,0.9065590515218861,False,False,0.9852109378140268,False
2012-06-18 20:00:00,MT_196,26666.6666666667,0.9747969326907907,False,False,1.0109409519970805,False
2012-06-18 21:15:00,MT_196,25291.6666666667,0.7443521512091238,False,False,1.002371325572223,False
2012-06-18 23:45:00,MT_196,16875.0,-0.7022906847296184,False,False,1.1138778200826456,False
2012-06-19 02:15:00,MT_196,10041.6666666667,-1.9909168547332436,False,False,1.0304951424356026,False
2012-06-19 04:15:00,MT_196,12166.6666666667,-1.5749282607268806,False,False,0.9901955330515211,False
2012-06-19 08:45:00,MT_196,23708.3333333333,0.4234239386844216,False,False,1.0245328901300628,False
2012-06-19 14:15:00,MT_196,24708.3333333333,0.5975450109192393,False,False,0.9950549883152214,False
2012-06-19 15:15:00,MT_196,25291.6666666667,0.6970019361991544,False,False,0.9955006254557239,False
2012-06-19 20:00:00,MT_196,25041.6666666667,0.7097724790378173,False,False,1.0151450578441452,False
2012-06-19 21:30:00,MT_196,23125.0,0.38382239759354025,False,False,1.010048124542435,False
2012-06-19 22:00:00,MT_196,23416.6666666667,0.4444571656681253,False,False,0.989539430250848,False
2012-06-20 01:30:00,MT_196,10583.3333333333,-1.856232369490746,False,False,1.0053950873838897,False
2012-06-20 06:30:00,MT_196,15041.6666666667,-0.9902475560960754,False,False,0.9958746771233363,False
2012-06-20 08:00:00,MT_196,17333.3333333333,-0.581621263106469,False,False,1.005334640858724,False
2012-06-20 09:00:00,MT_196,23541.6666666667,0.4869804062188947,False,False,0.9600876980793982,False
2012-06-20 13:00:00,MT_196,27416.6666666667,1.169539751078579,False,False,1.0621936348993255,False
2012-06-20 13:15:00,MT_196,25333.3333333333,0.7983904615006131,False,False,1.0329522684744363,False
2012-06-20 14:00:00,MT_196,26916.6666666667,1.0671802482614414,False,False,1.0243144002890243,False
2012-06-20 16:30:00,MT_196,25166.6666666667,0.7599616754545397,False,False,1.0188991237635399,False
2012-06-20 21:00:00,MT_196,25958.3333333333,0.8590329749367801,False,False,1.0457924275493096,False
2012-06-21 00:15:00,MT_196,15208.3333333333,-0.9487835461497831,False,False,1.0329010053819567,False
2012-06-21 00:45:00,MT_196,12500.0,-1.3937818130294726,False,False,0.9936475749595205,False
2012-06-21 05:15:00,MT_196,12916.6666666667,-1.3495906870433367,False,False,0.9900316473418653,False
2012-06-21 06:30:00,MT_196,19083.3333333333,-0.31585064302687943,False,False,1.0294485602566652,False
2012-06-21 08:30:00,MT_196,19250.0,-0.3001079487460384,False,False,1.1004090335760857,False
2012-06-21 09:00:00,MT_196,24291.6666666667,0.5570934110539435,False,False,1.0101589746936066,False
2012-06-21 10:15:00,MT_196,23458.3333333333,0.40802782344627964,False,False,1.004295398113364,False
2012-06-21 11:30:00,MT_196,23958.3333333333,0.48053953034811736,False,False,0.9987535515129972,False
2012-06-21 13:30:00,MT_196,24291.6666666667,0.5667326409372635,False,False,1.0012267957868533,False
2012-06-21 15:00:00,MT_196,27541.6666666667,1.149778259168999,False,False,1.041687803355902,False
2012-06-22 09:00:00,MT_196,23000.0,0.35207683247409255,False,False,1.0155218703206534,False
2012-06-22 13:30:00,MT_196,27666.6666666667,1.08762002534595,False,False,1.0017570490314518,False
2012-06-22 19:15:00,MT_196,25250.0,0.5128336776709252,False,False,1.0121209389084287,False
2012-06-23 04:45:00,MT_196,11916.6666666667,-1.3921749944907198,False,False,0.9997376196071124,False
2012-06-23 09:15:00,MT_196,26916.6666666667,0.7222182215729491,False,False,0.9848462643385661,False
2012-06-23 18:15:00,MT_196,32208.3333333333,0.9422877503462064,False,False,1.0715018464374089,False
2012-06-23 18:45:00,MT_196,28958.3333333333,0.5794240533412583,False,False,1.0129275397860933,False
2012-06-23 20:15:00,MT_196,27666.6666666667,0.4255998654181301,False,False,0.9858580164518395,False
2012-06-24 05:30:00,MT_196,14791.6666666667,-1.0580516786559224,False,False,1.009834560601237,False
2012-06-24 08:30:00,MT_196,22125.0,-0.2397778602426176,False,False,1.0772792244368437,False
2012-06-24 10:00:00,MT_196,32166.6666666667,0.8916003400013663,False,False,1.0542060779895785,False
2012-06-24 11:00:00,MT_196,27750.0,0.37441557058133385,False,False,1.0273334253408437,False
2012-06-24 15:15:00,MT_196,32583.3333333333,0.9133539973666017,False,False,1.1322904031565146,False
2012-06-24 20:00:00,MT_196,32291.6666666667,0.8928984184430021,False,False,1.2590564169508731,False
2012-06-25 05:45:00,MT_196,17541.6666666667,-0.7762331115281901,False,False,1.0103203074443086,False
2012-06-25 06:00:00,MT_196,16916.6666666667,-0.8487295234550485,False,False,0.9755463512310572,False
2012-06-25 06:15:00,MT_196,17291.6666666667,-0.812939672619035,False,False,0.9668034774763695,False
2012-06-25 06:30:00,MT_196,16208.3333333333,-0.9399447815651983,False,False,0.9616462239919983,False
2012-06-25 07:30:00,MT_196,18250.0,-0.7024279837494319,False,False,1.0083253355952146,False
2012-06-25 08:45:00,MT_196,26208.3333333333,0.2115580265069513,False,False,1.0581351384032873,False
2012-06-25 14:45:00,MT_196,40541.6666666667,1.6547598524071134,False,False,1.080194139112267,False
2012-06-25 17:30:00,MT_196,39666.6666666667,1.394527005683884,False,False,1.013450550959328,False
2012-06-25 20:00:00,MT_196,32458.3333333333,0.6332391696703206,False,False,1.0808972270934845,False
2012-06-25 21:15:00,MT_196,29541.6666666667,0.3425323744174822,False,False,1.0775242269060723,False
2012-06-26 00:45:00,MT_196,14916.6666666667,-1.1984940745798924,False,False,1.001676162538603,False
2012-06-26 03:45:00,MT_196,12708.3333333333,-1.4883747929632998,False,False,0.9934026275666986,False
2012-06-26 07:00:00,MT_196,18625.0,-0.8834135577928598,False,False,0.9919826971204354,False
2012-06-26 07:15:00,MT_196,19458.3333333333,-0.7992408443547135,False,False,1.009248175956712,False
2012-06-26 10:30:00,MT_196,28458.3333333333,0.10614606704393596,False,False,1.03734934583535,False
2012-06-26 19:30:00,MT_196,33916.6666666667,0.6102120662113356,False,False,1.150973934381583,False
2012-06-27 02:15:00,MT_196,13750.0,-1.4420587013412745,False,False,1.057084433321061,False
2012-06-27 02:30:00,MT_196,14000.0,-1.4178204448916893,False,False,1.0709896369849066,False
2012-06-27 07:30:00,MT_196,18208.3333333333,-1.0400769728431758,False,False,1.083055879628654,False
2012-06-27 12:45:00,MT_196,34291.6666666667,0.5948853444764528,False,False,1.0940844287665152,False
2012-06-28 00:15:00,MT_196,18500.0,-0.9489814002369718,False,False,1.1620901160426802,False
2012-06-28 02:45:00,MT_196,10791.6666666667,-1.709419182776668,False,False,0.9758860044626589,False
2012-06-28 05:45:00,MT_196,19250.0,-0.7795273347273566,False,False,1.1289531009336247,False
2012-06-28 06:30:00,MT_196,18875.0,-0.8163409583397631,False,False,1.076492059834194,False
2012-06-28 08:15:00,MT_196,19666.6666666667,-0.7252010743018681,False,False,1.2151455966889781,False
2012-06-28 11:15:00,MT_196,29458.3333333333,0.3575485649951053,False,False,1.0527803716299982,False
2012-06-28 11:30:00,MT_196,26625.0,0.06568654432986233,False,False,1.0700000979956141,False
2012-06-28 18:30:00,MT_196,26750.0,0.19660879584258453,False,False,1.1842727438734735,False
2012-06-28 19:30:00,MT_196,27083.3333333333,0.2544211665613061,False,False,1.0308034405254551,False
2012-06-28 20:00:00,MT_196,28666.6666666667,0.4544185815856468,False,False,0.9924390854171313,False
2012-06-29 02:15:00,MT_196,12458.3333333333,-1.4110671155323582,False,False,1.0346122891951681,False
2012-06-29 02:30:00,MT_196,12125.0,-1.4503826487507256,False,False,1.0176094411786405,False
2012-06-29 07:30:00,MT_196,17791.6666666667,-0.7678024039851559,False,False,1.0000148802290223,False
2012-06-29 09:00:00,MT_196,25250.0,0.1115377862585527,False,False,1.0431496962162572,False
2012-06-29 10:45:00,MT_196,24916.6666666667,0.08646507629064298,False,False,1.066925564402546,False
2012-06-29 14:45:00,MT_196,30666.6666666667,0.9245941795852992,False,False,1.015450139124904,False
2012-06-29 15:00:00,MT_196,29583.3333333333,0.8033617401486531,False,False,1.0514799317895258,False
2012-06-29 19:45:00,MT_196,27166.6666666667,0.7183497018220953,False,False,0.9692224835119455,False
2012-06-30 01:30:00,MT_196,11208.3333333333,-1.7180455790353648,False,False,0.967087924570416,False
2012-06-30 03:45:00,MT_196,11750.0,-1.6398882843129579,False,False,1.0007501598918072,False
2012-06-30 04:00:00,MT_196,13125.0,-1.4224707809048152,False,False,1.0794380597834172,False
2012-06-30 05:00:00,MT_196,12583.3333333333,-1.491105031292788,False,False,1.024635915516416,False
2012-06-30 05:15:00,MT_196,14500.0,-1.1915789949835802,False,False,1.034182310267879,False
2012-06-30 07:00:00,MT_196,20416.6666666667,-0.29232293502985424,False,False,1.062204896614362,False
2012-06-30 09:45:00,MT_196,26875.0,0.6730023201987498,False,False,0.9823452915495516,False
2012-06-30 11:00:00,MT_196,25250.0,0.4133599395958308,False,False,1.0531103294227988,False
2012-06-30 15:30:00,MT_196,26833.3333333333,0.6805332670530062,False,False,1.0209707193369997,False
2012-06-30 18:00:00,MT_196,27125.0,0.8172635212345556,False,False,1.0027332366018251,False
2012-06-30 19:00:00,MT_196,24875.0,0.46477331860744275,False,False,1.0308375291828442,False
2012-06-30 22:30:00,MT_196,22958.3333333333,0.16570729192509157,False,False,1.006561011277502,False
2012-06-30 23:00:00,MT_196,24166.6666666667,0.36282107705321204,False,False,1.0452752396627951,False
2012-07-01 03:45:00,MT_196,12208.3333333333,-1.5816327507785224,False,False,1.0347314749066392,False
2012-07-01 11:30:00,MT_196,26541.6666666667,0.8154401684782406,False,False,0.9864816661272964,False
2012-07-01 15:30:00,MT_196,25000.0,0.5564009946536493,False,False,0.9737287073771694,False
2012-07-01 17:45:00,MT_196,25416.6666666667,0.6549483152252584,False,False,0.9962430250335793,False
2012-07-01 19:30:00,MT_196,25250.0,0.6345754680324169,False,False,1.0373475708662656,False
2012-07-02 03:15:00,MT_196,11291.6666666667,-1.5134314419685888,False,False,1.0091729851523785,False
2012-07-02 07:15:00,MT_196,15166.6666666667,-0.8858271254929971,False,False,1.0623295657104042,False
2012-07-02 11:45:00,MT_196,27708.3333333333,1.1003188340641363,False,False,1.0461470903969239,False
2012-07-03 10:45:00,MT_196,26583.3333333333,0.3664477916782981,False,False,1.0055028805726134,False
2012-07-03 12:00:00,MT_196,26083.3333333333,0.29811609308363174,False,False,1.055436141800852,False
2012-07-03 12:45:00,MT_196,31166.6666666667,0.9319556641955703,False,False,1.0306858279100068,False
2012-07-03 14:15:00,MT_196,34500.0,1.3132643755140905,False,False,1.010693756665843,False
2012-07-04 00:15:00,MT_196,15833.3333333333,-0.968080601733703,False,False,1.0201340085552464,False
2012-07-04 09:30:00,MT_196,25291.6666666667,0.14111941694307273,False,False,1.0094336705326095,False
2012-07-04 09:45:00,MT_196,26125.0,0.23855213951459348,False,False,1.0176952173306264,False
2012-07-04 16:15:00,MT_196,31291.6666666667,0.9856654312567112,False,False,0.9826022141065893,False
2012-07-04 21:15:00,MT_196,24958.3333333333,0.29709427829757373,False,False,0.9851260121235478,False
2012-07-05 11:15:00,MT_196,24166.6666666667,0.20838260934280506,False,False,1.0338608031284933,False
2012-07-05 15:15:00,MT_196,24416.6666666667,0.37918199952519255,False,False,1.1047060199754146,False
2012-07-05 23:15:00,MT_196,22208.3333333333,0.2166061533159414,False,False,1.0822714190828768,False
2012-07-06 06:00:00,MT_196,15583.3333333333,-1.0272042522096343,False,False,1.011929466745015,False
2012-07-06 11:45:00,MT_196,24750.0,0.7322894796392839,False,False,0.9852051683216727,False
2012-07-06 12:30:00,MT_196,26958.3333333333,1.1538694809048284,False,False,1.036346064799549,False
2012-07-06 14:45:00,MT_196,30916.6666666667,1.6646615917686767,False,False,1.0548122632267565,False
2012-07-06 15:45:00,MT_196,30791.6666666667,1.5397094405754526,False,False,1.007252875122416,False
2012-07-06 23:45:00,MT_196,19250.0,-0.4408399565409203,False,False,1.0263372926894427,False
2012-07-07 00:45:00,MT_196,11291.6666666667,-1.6067406485835576,False,False,0.9969618905799744,False
2012-07-07 02:00:00,MT_196,11291.6666666667,-1.6067213848302604,False,False,0.9928972696345885,False
2012-07-07 02:45:00,MT_196,12208.3333333333,-1.4705286574224992,False,False,1.0413708142049962,False
2012-07-07 06:30:00,MT_196,17000.0,-0.7451342425938734,False,False,0.9568273800766183,False
2012-07-07 08:30:00,MT_196,21625.0,-0.10224510221544413,False,False,1.0163102106423154,False
2012-07-07 09:30:00,MT_196,25375.0,0.43208293937309344,False,False,0.9820518370607455,False
2012-07-07 13:00:00,MT_196,28583.3333333333,0.8669430853285538,False,False,0.9885521392486278,False
2012-07-07 14:30:00,MT_196,27458.3333333333,0.7451827241235665,False,False,1.0010414388497981,False
2012-07-07 18:15:00,MT_196,26125.0,0.6890512691673706,False,False,0.9934112679140946,False
2012-07-07 21:45:00,MT_196,24916.6666666667,0.5301672089904739,False,False,1.0386620749847844,False
2012-07-08 07:00:00,MT_196,16125.0,-0.9314364476431989,False,False,0.9954169062969805,False
2012-07-08 07:30:00,MT_196,16583.3333333333,-0.851637588618658,False,False,0.9875182944599974,False
2012-07-08 07:45:00,MT_196,18958.3333333333,-0.45689315131519587,False,False,0.9813013508053062,False
2012-07-08 12:15:00,MT_196,27375.0,0.9138564186327696,False,False,1.0393086108515026,False
2012-07-08 13:30:00,MT_196,36166.6666666667,2.2445311856686274,False,False,1.6521271385765066,False
2012-07-08 16:30:00,MT_196,28125.0,0.892255303995631,False,False,1.009492528540598,False
2012-07-08 18:30:00,MT_196,26875.0,0.6886409749479959,False,False,0.9937034665906281,False
2012-07-08 20:45:00,MT_196,25416.6666666667,0.4671978613623887,False,False,1.008467595494339,False
2012-07-09 01:00:00,MT_196,11375.0,-1.4758950588264892,False,False,0.9763510573244117,False
2012-07-09 07:15:00,MT_196,15541.6666666667,-0.8814686267549133,False,False,1.050508652040142,False
2012-07-09 09:00:00,MT_196,22958.3333333333,0.19188305843888437,False,False,1.0032965225360604,False
2012-07-09 10:00:00,MT_196,23875.0,0.3415853511675545,False,False,0.9836925271206135,False
2012-07-09 14:00:00,MT_196,27958.3333333333,1.1350406059481373,False,False,1.028324581728323,False
2012-07-09 21:00:00,MT_196,24166.6666666667,0.4543432132886584,False,False,0.9999824249832406,False
2012-07-09 23:30:00,MT_196,19750.0,-0.2565340703428235,False,False,1.0266531937898167,False
2012-07-10 02:30:00,MT_196,11083.3333333333,-1.7133370644547776,False,False,0.9749431218563523,False
2012-07-10 02:45:00,MT_196,13083.3333333333,-1.3931635627863495,False,False,1.076852318183492,False
2012-07-10 06:00:00,MT_196,15750.0,-0.9785163006893506,False,False,0.9890618477354837,False
2012-07-10 12:15:00,MT_196,26083.3333333333,0.6829633131905519,False,False,0.9961011961429601,False
2012-07-10 13:15:00,MT_196,31375.0,1.496076743999137,False,False,1.0681455994561289,False
2012-07-10 15:30:00,MT_196,31000.0,1.3252606579176869,False,False,1.0032869186953095,False
2012-07-10 16:00:00,MT_196,32208.3333333333,1.4922783535755084,False,False,0.994669974503139,False
2012-07-10 16:45:00,MT_196,32750.0,1.5602592867689349,False,False,0.9805887975706221,False
2012-07-10 17:00:00,MT_196,32416.6666666667,1.5086586099352903,False,False,0.9867941839153576,False
2012-07-10 22:45:00,MT_196,23208.3333333333,0.1349037534582292,False,False,1.0105464992118733,False
2012-07-10 23:30:00,MT_196,20583.3333333333,-0.2541652012633265,False,False,1.0392623538922865,False
2012-07-11 06:15:00,MT_196,16125.0,-0.8889738633713389,False,False,0.9722343654682432,False
2012-07-11 06:30:00,MT_196,16083.3333333333,-0.9009872280025298,False,False,0.9659248970091858,False
2012-07-11 08:00:00,MT_196,17916.6666666667,-0.6508957449293635,False,False,1.0032539892621708,False
2012-07-11 11:30:00,MT_196,24208.3333333333,0.2744201146160681,False,False,1.0073048836160388,False
2012-07-11 12:00:00,MT_196,24791.6666666667,0.3598046625295205,False,False,1.0049442239625619,False
2012-07-11 15:00:00,MT_196,30833.3333333333,1.3018295990538047,False,False,0.997015538294912,False
2012-07-11 16:45:00,MT_196,32125.0,1.4724337057522023,False,False,0.9879187622921283,False
2012-07-11 17:30:00,MT_196,32833.3333333333,1.5692448246479853,False,False,1.0149232464923188,False
2012-07-11 23:15:00,MT_196,20541.6666666667,-0.2810554102636997,False,False,1.009169117230161,False
2012-07-11 23:30:00,MT_196,19041.6666666667,-0.4997587257960361,False,False,1.0293600916083279,False
2012-07-12 01:00:00,MT_196,10875.0,-1.6811437482331852,False,False,0.9743669788675203,False
2012-07-12 02:15:00,MT_196,10375.0,-1.747846939814111,False,False,0.9886403807229436,False
2012-07-12 02:45:00,MT_196,12125.0,-1.4899896049092949,False,False,1.0426680629844727,False
2012-07-12 04:45:00,MT_196,13916.6666666667,-1.2443256377980263,False,False,1.0014678489658744,False
2012-07-12 13:15:00,MT_196,30791.6666666667,1.1017428783502745,False,False,1.0501677562695284,False
2012-07-12 15:00:00,MT_196,36166.6666666667,1.752900049179276,False,False,1.005121643112194,False
2012-07-13 00:45:00,MT_196,9666.66666666667,-1.6939892766536448,False,False,1.108635723280515,False
2012-07-13 02:15:00,MT_196,10333.3333333333,-1.5941101377141744,False,False,0.9673040463534239,False
2012-07-13 06:00:00,MT_196,12916.6666666667,-1.1929804758232914,False,False,1.0713730869229106,False
2012-07-13 11:15:00,MT_196,24625.0,0.13229664400228777,False,False,1.0815815342693456,False
2012-07-13 17:15:00,MT_196,35333.3333333333,1.324904362945181,False,False,0.9776247748519621,False
2012-07-13 18:45:00,MT_196,28875.0,0.6388174546849082,False,False,0.9876577206255833,False
2012-07-13 19:45:00,MT_196,27708.3333333333,0.5470625586991137,False,False,0.9783238567724053,False
2012-07-13 21:45:00,MT_196,26541.6666666667,0.3983133393313317,False,False,0.9719212623282761,False
2012-07-14 02:30:00,MT_196,12541.6666666667,-1.262580834962001,False,False,1.1477794993342414,False
2012-07-14 02:45:00,MT_196,15750.0,-0.8922478302432587,False,False,1.8295542071936666,False
2012-07-14 03:15:00,MT_196,13583.3333333333,-1.1759021927208064,False,False,1.2999778376925588,False
2012-07-14 18:30:00,MT_196,28708.3333333333,0.6956204087892549,False,False,1.0200609071715794,False
2012-07-14 18:45:00,MT_196,27416.6666666667,0.521041259959037,False,False,1.009473937067018,False
2012-07-14 19:00:00,MT_196,28083.3333333333,0.6150979220713637,False,False,0.9713397365218964,False
2012-07-14 20:00:00,MT_196,27291.6666666667,0.5078852589042439,False,False,0.9840639130148199,False
2012-07-14 20:30:00,MT_196,26625.0,0.41995468034309824,False,False,0.998416086341224,False
2012-07-14 23:30:00,MT_196,22208.3333333333,-0.16255618141270928,False,False,1.1029670476491862,False
2012-07-15 03:45:00,MT_196,9333.33333333333,-1.741623881751435,False,False,0.9755516313266122,False
2012-07-15 12:00:00,MT_196,27291.6666666667,0.5612337708707896,False,False,1.0191247999390076,False
2012-07-15 17:15:00,MT_196,30291.6666666667,1.0450078746141451,False,False,1.0354478570135126,False
2012-07-15 21:00:00,MT_196,27708.3333333333,0.696641531991193,False,False,1.0961809699260532,False
2012-07-15 22:30:00,MT_196,21916.6666666667,-0.057240089111573376,False,False,1.0142762153369986,False
2012-07-16 02:15:00,MT_196,14000.0,-1.165601977923601,False,False,1.1905972452400007,False
2012-07-16 16:45:00,MT_196,42208.3333333333,2.039653244031906,False,True,1.1475318641230219,False
2012-07-16 20:30:00,MT_196,31250.0,0.5414806820912857,False,False,1.074283266323264,False
2012-07-16 22:00:00,MT_196,31541.6666666667,0.541721969893437,False,False,1.2151197770367472,False
2012-07-16 22:45:00,MT_196,28500.0,0.20763320052358922,False,False,1.2015442384134525,False
2012-07-17 02:30:00,MT_196,14500.0,-1.41640757728377,False,False,1.1365464557153417,False
2012-07-17 06:45:00,MT_196,19291.6666666667,-0.8419398057753851,False,False,1.0038521183980023,False
2012-07-17 07:30:00,MT_196,21000.0,-0.667697745271186,False,False,1.0501486877167905,False
2012-07-17 09:00:00,MT_196,30750.0,0.38107056859756216,False,False,1.1161571247450823,False
2012-07-17 19:00:00,MT_196,35333.3333333333,0.6592707540082965,False,False,1.1536967375777558,False
2012-07-17 22:45:00,MT_196,29625.0,0.07615916681315825,False,False,1.155926382789851,False
2012-07-18 00:45:00,MT_196,16833.3333333333,-1.1933754577593987,False,False,1.189071423852682,False
2012-07-18 16:00:00,MT_196,38416.6666666667,0.9388392891870609,False,False,1.014906006004477,False
2012-07-18 22:00:00,MT_196,30041.6666666667,0.17272213952497176,False,False,1.1566681985639167,False
2012-07-19 01:30:00,MT_196,13208.3333333333,-1.5072100654556995,False,False,1.0430743404493963,False
2012-07-19 10:15:00,MT_196,32916.6666666667,0.544612527838413,False,False,1.230085239801186,False
2012-07-19 12:30:00,MT_196,38666.6666666667,1.0471572471050858,False,False,1.1188276708816727,False
2012-07-19 19:30:00,MT_196,29458.3333333333,0.1516744098111711,False,False,1.079664754916819,False
2012-07-19 22:45:00,MT_196,25458.3333333333,-0.20690870858979382,False,False,1.1373992196006235,False
2012-07-19 23:45:00,MT_196,21083.3333333333,-0.6257185486608642,False,False,1.1191389472193225,False
2012-07-20 04:15:00,MT_196,10708.3333333333,-1.5748203567834778,False,False,0.971460839276478,False
2012-07-20 07:45:00,MT_196,16333.3333333333,-1.032530232440423,False,False,1.1175482979117661,False
2012-07-20 08:15:00,MT_196,20541.6666666667,-0.6248089259311222,False,False,1.0442843940283049,False
2012-07-20 10:30:00,MT_196,25125.0,-0.17299228659933907,False,False,1.1545983822459516,False
2012-07-20 10:45:00,MT_196,28375.0,0.14474866024922495,False,False,1.0320211996866897,False
2012-07-20 13:00:00,MT_196,35333.3333333333,0.9480738523392638,False,False,1.067652231273985,False
2012-07-20 18:15:00,MT_196,34375.0,0.9588030064399649,False,False,1.0338844188583332,False
2012-07-20 19:30:00,MT_196,27291.6666666667,0.22793892628075182,False,False,1.087966796206744,False
2012-07-20 21:15:00,MT_196,27000.0,0.1970390066841936,False,False,1.0103137146297267,False
2012-07-21 06:00:00,MT_196,18958.3333333333,-0.7346561509097506,False,False,1.0261144278272625,False
2012-07-21 08:00:00,MT_196,18958.3333333333,-0.7536634649904952,False,False,1.060363928680202,False
2012-07-21 19:30:00,MT_196,31208.3333333333,0.3967845848994905,False,False,1.0593853778286355,False
2012-07-21 19:45:00,MT_196,33041.6666666667,0.5720360167562076,False,False,1.1170985593593497,False
2012-07-22 00:00:00,MT_196,22041.6666666667,-0.5494506980280598,False,False,1.2726641692308067,False
2012-07-22 02:45:00,MT_196,12166.6666666667,-1.5351502311569747,False,False,1.0870428605907692,False
2012-07-22 04:30:00,MT_196,12625.0,-1.5063074848416373,False,False,1.0209274062049052,False
2012-07-22 08:15:00,MT_196,19416.6666666667,-0.8434643012610025,False,False,1.1104942873582466,False
2012-07-22 11:00:00,MT_196,31833.3333333333,0.3863088847238105,False,False,1.0387141806943223,False
2012-07-22 11:15:00,MT_196,32125.0,0.4174546906005046,False,False,1.0416469910879487,False
2012-07-23 00:30:00,MT_196,15625.0,-1.1400361315477006,False,False,0.9984030180651317,False
2012-07-23 03:00:00,MT_196,12791.6666666667,-1.4490379237000204,False,False,1.0958334059931452,False
2012-07-23 06:00:00,MT_196,19750.0,-0.6800011110881168,False,False,1.1199657668514114,False
2012-07-23 09:15:00,MT_196,31083.3333333333,0.5443715880042402,False,False,1.2218561932604874,False
2012-07-23 12:30:00,MT_196,30541.6666666667,0.5186813667855436,False,False,1.1480606215045983,False
2012-07-23 14:15:00,MT_196,38333.3333333333,1.392027794534245,False,False,1.0625994912255763,False
2012-07-23 16:30:00,MT_196,40708.3333333333,1.5144009526200182,False,False,1.0345752134496247,False
2012-07-23 23:00:00,MT_196,27375.0,0.04695105091038746,False,False,1.270021819150427,False
2012-07-24 01:00:00,MT_196,14000.0,-1.362442803167251,False,False,1.0005727818505674,False
2012-07-24 03:15:00,MT_196,12708.3333333333,-1.4921825093222902,False,False,1.0167394976642259,False
2012-07-24 04:00:00,MT_196,12000.0,-1.5706552369668285,False,False,0.9811966088995656,False
2012-07-24 06:30:00,MT_196,20333.3333333333,-0.702357125264154,False,False,1.039403674926643,False
2012-07-24 08:45:00,MT_196,25000.0,-0.22778289476232622,False,False,1.134207055093543,False
2012-07-24 15:15:00,MT_196,40791.6666666667,1.278877616123321,False,False,1.0468609385321044,False
2012-07-24 15:30:00,MT_196,39875.0,1.1852243109726726,False,False,1.0309885708304505,False
2012-07-24 18:00:00,MT_196,40791.6666666667,1.2949719563649889,False,False,1.1386678741383693,False
2012-07-24 20:30:00,MT_196,31750.0,0.4062898046091726,False,False,1.1011642842336493,False
2012-07-25 08:45:00,MT_196,26416.6666666667,-0.13965938365502517,False,False,1.0951146608487494,False
2012-07-25 23:00:00,MT_196,27041.6666666667,-0.08904577536731649,False,False,1.1262333862888954,False
2012-07-26 00:45:00,MT_196,15458.3333333333,-1.2426923423932401,False,False,1.0587022311916747,False
2012-07-26 01:30:00,MT_196,12375.0,-1.5541152634086253,False,False,1.003457598076534,False
2012-07-26 05:15:00,MT_196,19541.6666666667,-0.8428520004686966,False,False,1.2545057286733516,False
2012-07-26 06:30:00,MT_196,22583.3333333333,-0.5375665154305742,False,False,1.2322866230686373,False
2012-07-26 12:00:00,MT_196,41666.6666666667,1.3302648966164248,False,False,1.312550443608083,False
2012-07-26 13:00:00,MT_196,40416.6666666667,1.1477139056865846,False,False,1.1169207086737192,False
2012-07-26 22:45:00,MT_196,27208.3333333333,-0.0696663775221265,False,False,1.1166270093864377,False
2012-07-26 23:30:00,MT_196,24333.3333333333,-0.355195662615455,False,False,1.1538807017814012,False
2012-07-27 00:00:00,MT_196,21791.6666666667,-0.6094426464315537,False,False,1.1652984493113538,False
2012-07-27 02:15:00,MT_196,11750.0,-1.5954707297224433,False,False,0.9732621875660393,False
2012-07-27 10:45:00,MT_196,28416.6666666667,0.11342522912309466,False,False,1.0357451797175186,False
2012-07-27 16:15:00,MT_196,38500.0,1.340984171367068,False,False,1.0418727644598802,False
2012-07-27 16:30:00,MT_196,38125.0,1.3037053989015532,False,False,1.016472493855855,False
2012-07-28 02:00:00,MT_196,12750.0,-1.422817652294593,False,False,1.0520469738118692,False
2012-07-28 03:00:00,MT_196,12708.3333333333,-1.430496469344286,False,False,1.082050567137619,False
2012-07-28 04:30:00,MT_196,10708.3333333333,-1.6420941807123344,False,False,0.9839140797318127,False
2012-07-28 07:30:00,MT_196,18708.3333333333,-0.7812161928875231,False,False,1.0632948805880802,False
2012-07-28 10:45:00,MT_196,29083.3333333333,0.36087413990687284,False,False,1.026261064088112,False
2012-07-28 19:00:00,MT_196,31500.0,0.571673023841633,False,False,1.0743432425066304,False
2012-07-29 02:00:00,MT_196,14666.6666666667,-1.2512685560324992,False,False,1.430070407382075,False
2012-07-29 07:00:00,MT_196,18041.6666666667,-0.8881284061212387,False,False,1.0118652631023355,False
2012-07-29 15:45:00,MT_196,31791.6666666667,0.7228579104266316,False,False,1.084294812597023,False
2012-07-29 16:00:00,MT_196,32708.3333333333,0.8473744464652462,False,False,1.0799852629782905,False
2012-07-29 17:45:00,MT_196,33000.0,1.027095883767377,False,False,1.1220404053305961,False
2012-07-29 20:00:00,MT_196,28875.0,0.5562533988719941,False,False,1.0716118024653378,False
2012-07-30 03:30:00,MT_196,13416.6666666667,-1.308163333378763,False,False,1.1750810823236435,False
2012-07-30 04:15:00,MT_196,11500.0,-1.553334101764142,False,False,0.9798916933739564,False
2012-07-30 07:15:00,MT_196,20166.6666666667,-0.453098979375075,False,False,1.0380712355388855,False
2012-07-30 07:45:00,MT_196,18083.3333333333,-0.7246656198624194,False,False,1.0029131910117455,False
2012-07-30 10:15:00,MT_196,27916.6666666667,0.523428407607477,False,False,1.0265955194462504,False
2012-07-30 10:30:00,MT_196,25833.3333333333,0.25692316596166903,False,False,1.0092477964322148,False
2012-07-30 19:45:00,MT_196,32000.0,0.6454257370666019,False,False,1.0555259040874054,False
2012-07-30 22:30:00,MT_196,23833.3333333333,-0.1998022802010975,False,False,1.196662863275996,False
2012-07-31 00:45:00,MT_196,14166.6666666667,-1.2540377300747019,False,False,0.9976201305384939,False
2012-07-31 01:45:00,MT_196,12625.0,-1.4134177055581478,False,False,1.033274791746511,False
2012-07-31 07:00:00,MT_196,21916.6666666667,-0.43912535098298694,False,False,1.0667948604070223,False
2012-07-31 12:15:00,MT_196,29750.0,0.38220069559192593,False,False,1.0507890305611756,False
2012-07-31 13:45:00,MT_196,40333.3333333333,1.5061567566471805,False,False,1.093706425085555,False
2012-08-01 01:15:00,MT_196,12000.0,-1.461691091211583,False,False,0.9757953105437888,False
2012-08-01 02:30:00,MT_196,12625.0,-1.3944080822417053,False,False,1.016508712111439,False
2012-08-01 03:00:00,MT_196,12291.6666666667,-1.4425837332700586,False,False,1.0160884445444782,False
2012-08-01 07:30:00,MT_196,19166.6666666667,-0.6839165886685998,False,False,1.0093367688972525,False
2012-08-01 08:00:00,MT_196,19625.0,-0.6387940558982966,False,False,1.0458606177024434,False
2012-08-01 11:00:00,MT_196,24750.0,-0.05472101407426023,False,False,1.097293008411281,False
2012-08-01 14:45:00,MT_196,36958.3333333333,1.381739596702669,False,False,1.0156691547790968,False
2012-08-01 21:30:00,MT_196,25958.3333333333,0.13812807618210304,False,False,1.0132648516380158,False
2012-08-02 02:00:00,MT_196,12875.0,-1.449377116972838,False,False,1.074975735215057,False
2012-08-02 15:45:00,MT_196,37791.6666666667,1.4723517290867434,False,False,0.9885506756982266,False
2012-08-02 18:15:00,MT_196,37083.3333333333,1.3553655260555697,False,False,1.0674719135360282,False
2012-08-03 01:30:00,MT_196,10916.6666666667,-1.6301132496056234,False,False,0.9854837113956352,False
2012-08-03 04:15:00,MT_196,11208.3333333333,-1.5865607217997255,False,False,0.9802362365872315,False
2012-08-03 06:30:00,MT_196,20333.3333333333,-0.5667115572172892,False,False,1.027328956131512,False
2012-08-03 12:15:00,MT_196,31000.0,0.6091571478708167,False,False,1.0371567555482477,False
2012-08-03 15:00:00,MT_196,40208.3333333333,1.5772168597372211,False,False,1.1076938435499428,False
2012-08-03 17:15:00,MT_196,38458.3333333333,1.3516780450469006,False,False,1.0264835104571135,False
2012-08-03 21:00:00,MT_196,27750.0,0.23750267393681318,False,False,1.0344314709207947,False
2012-08-03 22:45:00,MT_196,25416.6666666667,-0.012404022208925697,False,False,1.0838072805762748,False
2012-08-04 00:00:00,MT_196,19666.6666666667,-0.631280033101115,False,False,1.1241637144647816,False
2012-08-04 03:30:00,MT_196,11875.0,-1.496402368375873,False,False,1.014527404205857,False
2012-08-04 08:00:00,MT_196,18291.6666666667,-0.8256529445569148,False,False,1.1014709634724904,False
2012-08-04 08:30:00,MT_196,21791.6666666667,-0.4382324868856973,False,False,1.1018432964674614,False
2012-08-04 09:00:00,MT_196,26083.3333333333,0.03631233914072238,False,False,1.0439598509734553,False
2012-08-04 10:45:00,MT_196,28958.3333333333,0.3589744471387817,False,False,1.0292329079637046,False
2012-08-04 13:00:00,MT_196,36958.3333333333,1.2660147749506716,False,False,1.0836011986382272,False
2012-08-04 13:30:00,MT_196,35666.6666666667,1.132014457916107,False,False,1.0200950611025932,False
2012-08-04 21:00:00,MT_196,28875.0,0.4442682959398366,False,False,1.008858927702891,False
2012-08-04 22:15:00,MT_196,24583.3333333333,-0.06541062946455121,False,False,1.0270523600603632,False
2012-08-04 23:45:00,MT_196,21375.0,-0.4389974441087418,False,False,1.1537442730230196,False
2012-08-05 03:45:00,MT_196,12875.0,-1.4037068278841764,False,False,1.126533004451743,False
2012-08-05 08:00:00,MT_196,19541.6666666667,-0.6202994964907803,False,False,1.0050430851908632,False
2012-08-05 10:15:00,MT_196,27291.6666666667,0.2783787214983288,False,False,1.0516376251031188,False
2012-08-05 12:30:00,MT_196,28333.3333333333,0.4189786139722112,False,False,1.1095969004607749,False
2012-08-05 18:45:00,MT_196,25083.3333333333,0.3925658546882858,False,False,1.0674250287541454,False
2012-08-05 23:15:00,MT_196,13416.6666666667,-1.4262627368492786,False,False,1.1173243528080743,False
2012-08-05 23:45:00,MT_196,14916.6666666667,-1.1357906874981707,False,False,0.9782765189620989,False
2012-08-06 02:15:00,MT_196,14416.6666666667,-1.199825694966447,False,False,1.1928569845545365,False
2012-08-06 12:15:00,MT_196,28375.0,1.1226119365098781,False,False,1.0273260980927263,False
2012-08-06 12:45:00,MT_196,28458.3333333333,1.13293942698177,False,False,1.017558634117861,False
2012-08-06 18:30:00,MT_196,27041.6666666667,0.463378582186446,False,False,1.044553166112738,False
2012-08-06 20:15:00,MT_196,26291.6666666667,0.3452998170623389,False,False,1.0371397586417213,False
2012-08-07 02:00:00,MT_196,13000.0,-1.436214002567586,False,False,1.0460881151130728,False
2012-08-07 02:15:00,MT_196,14125.0,-1.2915376707244695,False,False,1.0985945383666127,False
2012-08-07 02:45:00,MT_196,13083.3333333333,-1.4321883584176056,False,False,1.0683309477565806,False
2012-08-07 03:45:00,MT_196,14000.0,-1.3127979804447043,False,False,1.098468376162432,False
2012-08-07 05:30:00,MT_196,17250.0,-0.9011449865372109,False,False,1.0424058939700909,False
2012-08-07 19:00:00,MT_196,29666.6666666667,0.4398706049403245,False,False,1.1179280731027672,False
2012-08-07 21:00:00,MT_196,29291.6666666667,0.3755373021652245,False,False,1.0099740522934602,False
2012-08-07 22:45:00,MT_196,26250.0,0.02994213890519758,False,False,1.049995115390222,False
2012-08-08 01:30:00,MT_196,14416.6666666667,-1.2554783045942968,False,False,1.1532326576718421,False
2012-08-08 15:30:00,MT_196,40375.0,1.444358208681992,False,False,1.0553203207343245,False
2012-08-08 18:15:00,MT_196,35750.0,0.8998699997426872,False,False,1.0612617219928877,False
2012-08-08 20:00:00,MT_196,31291.6666666667,0.44286733603608947,False,False,1.122816238322585,False
2012-08-08 21:45:00,MT_196,26791.6666666667,-0.013620166977074208,False,False,1.042727989212843,False
2012-08-09 00:00:00,MT_196,20375.0,-0.660705610190098,False,False,1.1237241439735082,False
2012-08-09 00:30:00,MT_196,14625.0,-1.2393561004757496,False,False,0.9966555540064121,False
2012-08-09 01:15:00,MT_196,14083.3333333333,-1.2973490608107452,False,False,1.0681740555685741,False
2012-08-09 11:00:00,MT_196,36458.3333333333,0.9201481398001211,False,False,1.2507652770801658,False
2012-08-09 12:00:00,MT_196,42750.0,1.48836345984215,False,True,1.3598707678903204,False
2012-08-09 18:00:00,MT_196,41708.3333333333,1.2876116500177064,False,False,1.159642544093323,False
2012-08-09 20:00:00,MT_196,33041.6666666667,0.3999132142502687,False,False,1.097810633204544,False
2012-08-09 20:15:00,MT_196,33125.0,0.4056903081870611,False,False,1.0946981439770616,False
2012-08-09 21:15:00,MT_196,30166.6666666667,0.12510410702782288,False,False,1.0516645626584438,False
2012-08-09 21:45:00,MT_196,28916.6666666667,0.00965529185238052,False,False,1.0683248080401078,False
2012-08-09 22:30:00,MT_196,25291.6666666667,-0.3253191844742183,False,False,1.1465109096133734,False
2012-08-10 00:45:00,MT_196,15083.3333333333,-1.2801729405154936,False,False,1.0427080479271036,False
2012-08-10 01:00:00,MT_196,15291.6666666667,-1.2637182212051645,False,False,1.0630076383725313,False
2012-08-10 02:00:00,MT_196,14625.0,-1.332675030405223,False,False,1.1393123800875589,False
2012-08-10 02:30:00,MT_196,15208.3333333333,-1.2803909746065643,False,False,1.2597050058585797,False
2012-08-10 03:45:00,MT_196,14583.3333333333,-1.3483827668303103,False,False,1.2038322086793545,False
2012-08-10 11:30:00,MT_196,34375.0,0.5110350547596625,False,False,1.2565862337834683,False
2012-08-10 18:00:00,MT_196,39500.0,1.029507123762764,False,False,1.0775901333798277,False
2012-08-11 02:15:00,MT_196,11875.0,-1.5547857386608572,False,False,1.018492062382543,False
2012-08-11 06:00:00,MT_196,18541.6666666667,-0.8245118909849587,False,False,1.0342959376848018,False
2012-08-11 06:15:00,MT_196,20500.0,-0.6429366189486329,False,False,1.0966575814509554,False
2012-08-11 09:45:00,MT_196,30041.6666666667,0.2567750286790013,False,False,1.042594581677466,False
2012-08-11 10:00:00,MT_196,31458.3333333333,0.3918143362841228,False,False,1.040694372671961,False
2012-08-11 12:30:00,MT_196,31416.6666666667,0.4254419428700639,False,False,1.0646545110456418,False
2012-08-11 13:45:00,MT_196,39083.3333333333,1.199286787141449,False,False,1.0705888516419029,False
2012-08-11 14:15:00,MT_196,38708.3333333333,1.1839379012699933,False,False,1.0525236458663216,False
2012-08-11 17:45:00,MT_196,37916.6666666667,1.2190279159912876,False,False,1.0430505900071185,False
2012-08-11 19:00:00,MT_196,29958.3333333333,0.3975403515658324,False,False,1.073076440036609,False
2012-08-11 22:45:00,MT_196,26750.0,0.06660495548474683,False,False,1.0469257351091539,False
2012-08-12 01:45:00,MT_196,13166.6666666667,-1.3753041297818696,False,False,1.163640867702807,False
2012-08-12 08:00:00,MT_196,18666.6666666667,-0.7948153335579482,False,False,1.0278102105291127,False
2012-08-12 09:45:00,MT_196,28750.0,0.2935666946740164,False,False,1.0463758053120773,False
2012-08-12 11:00:00,MT_196,27791.6666666667,0.2019458779968189,False,False,1.0857716882106458,False
2012-08-12 19:45:00,MT_196,26583.3333333333,0.4243977445604304,False,False,1.0341928094297643,False
2012-08-12 21:15:00,MT_196,24916.6666666667,0.20047498012225037,False,False,1.0054215570342993,False
2012-08-12 22:15:00,MT_196,23291.6666666667,-0.014153247758062166,False,False,1.0472798831715133,False
2012-08-13 00:00:00,MT_196,15458.3333333333,-1.0677555770250624,False,False,1.0076142481827368,False
2012-08-13 03:45:00,MT_196,11416.6666666667,-1.6091959147021815,False,False,0.9811481709361262,False
2012-08-13 05:15:00,MT_196,17125.0,-0.7993592596862124,False,False,1.0521006933124073,False
2012-08-13 16:45:00,MT_196,38666.6666666667,1.8747048073154966,False,False,1.0267682270056173,False
2012-08-13 20:15:00,MT_196,27916.6666666667,0.424406569908298,False,False,1.0332520858805978,False
2012-08-13 21:45:00,MT_196,25916.6666666667,0.19224113554348435,False,False,1.0582552496183422,False
2012-08-14 05:30:00,MT_196,19875.0,-0.5670282740048085,False,False,1.1075902142033527,False
2012-08-14 08:30:00,MT_196,13750.0,-1.2605645453916419,False,False,1.904895246032443,False
2012-08-14 11:30:00,MT_196,28333.3333333333,0.42009465750956365,False,False,1.01433692635822,False
2012-08-14 14:15:00,MT_196,37333.3333333333,1.4346420075180408,False,False,1.012252278508416,False
2012-08-14 19:45:00,MT_196,28166.6666666667,0.4127456068461322,False,False,1.050672040899085,False
2012-08-14 21:30:00,MT_196,28500.0,0.4456952094610393,False,False,1.0102357037863772,False
2012-08-14 21:45:00,MT_196,28083.3333333333,0.3934131127523726,False,False,1.0207440282941451,False
2012-08-14 22:45:00,MT_196,24791.6666666667,0.0034194222883519483,False,False,1.0383367215776855,False
2012-08-15 00:30:00,MT_196,16000.0,-1.0177872621393058,False,False,1.035424813746732,False
2012-08-15 08:30:00,MT_196,21875.0,-0.38227676086137,False,False,1.0736923606150075,False
2012-08-15 16:00:00,MT_196,33500.0,1.1251816929416838,False,False,0.9688634447894979,False
2012-08-15 20:45:00,MT_196,26458.3333333333,0.28236070454646,False,False,0.9973899923429175,False
2012-08-16 01:45:00,MT_196,11458.3333333333,-1.6757631908082535,False,False,0.9912771497726977,False
2012-08-16 03:30:00,MT_196,11458.3333333333,-1.622682182929691,False,False,0.9830849470537123,False
2012-08-16 10:00:00,MT_196,26625.0,0.3845380328921017,False,False,1.0140751358936742,False
2012-08-16 15:15:00,MT_196,36125.0,1.4491388640105092,False,False,0.9750053683086451,False
2012-08-16 17:45:00,MT_196,37916.6666666667,1.4976236254379565,False,False,1.0492925473069405,False
2012-08-16 21:30:00,MT_196,27083.3333333333,0.20037484250850537,False,False,1.0215225923011897,False
2012-08-16 22:00:00,MT_196,27083.3333333333,0.19680496180090737,False,False,1.0426309740868942,False
2012-08-17 05:15:00,MT_196,18625.0,-0.7707617753633742,False,False,1.077038402597036,False
2012-08-17 06:45:00,MT_196,19000.0,-0.7428381079776247,False,False,0.9990477988161948,False
2012-08-17 07:00:00,MT_196,19666.6666666667,-0.6671282293159637,False,False,1.0032845296505106,False
2012-08-17 09:15:00,MT_196,26666.6666666667,0.10502153335772012,False,False,1.040458550159469,False
2012-08-17 13:00:00,MT_196,38541.6666666667,1.41256594044272,False,False,1.1131178523148322,False
2012-08-17 13:30:00,MT_196,38375.0,1.3743332414265994,False,False,1.0881368319503177,False
2012-08-17 17:45:00,MT_196,39458.3333333333,1.3844076666744074,False,False,1.0532384871153206,False
2012-08-17 21:15:00,MT_196,28208.3333333333,0.19959997089747505,False,False,1.023832968783541,False
2012-08-18 02:45:00,MT_196,11500.0,-1.5739726073020193,False,False,0.996759380839766,False
2012-08-18 05:45:00,MT_196,20458.3333333333,-0.6313420760909507,False,False,1.1515198671952573,False
2012-08-18 16:45:00,MT_196,39625.0,1.3222687734661684,False,False,1.035645002919166,False
2012-08-18 20:30:00,MT_196,30458.3333333333,0.3870332543785616,False,False,1.0373624788787417,False
2012-08-19 03:15:00,MT_196,10541.6666666667,-1.6786071350754614,False,False,0.967422799029672,False
2012-08-19 07:00:00,MT_196,18791.6666666667,-0.8437741754020385,False,False,1.0181899977946562,False
2012-08-19 09:00:00,MT_196,25458.3333333333,-0.1409028758464315,False,False,1.1821049774478232,False
2012-08-19 09:45:00,MT_196,29833.3333333333,0.3138767743797911,False,False,1.060636925239246,False
2012-08-19 11:45:00,MT_196,32125.0,0.5450184995530483,False,False,1.0443159913938005,False
2012-08-19 13:00:00,MT_196,40166.6666666667,1.3873941955478373,False,False,1.4087468503808822,False
2012-08-19 14:15:00,MT_196,33041.6666666667,0.6606146171135321,False,False,1.1571038159154299,False
2012-08-19 15:45:00,MT_196,32541.6666666667,0.6844515660526134,False,False,1.095799384557664,False
2012-08-19 16:30:00,MT_196,28916.6666666667,0.325350287809425,False,False,1.0902268392030259,False
2012-08-19 20:15:00,MT_196,29458.3333333333,0.4799365471649032,False,False,1.0919755557028195,False
2012-08-20 05:45:00,MT_196,19416.6666666667,-0.6812564268354575,False,False,1.0978435016650123,False
2012-08-20 08:00:00,MT_196,20833.3333333333,-0.4953546377206434,False,False,1.0467240536407392,False
2012-08-20 10:00:00,MT_196,31458.3333333333,0.7866678255394705,False,False,1.1423594783868254,False
2012-08-20 10:15:00,MT_196,30333.3333333333,0.651131576538718,False,False,1.095953816984642,False
2012-08-20 13:30:00,MT_196,37625.0,1.5721370698327677,False,False,1.0850600610371273,False
2012-08-20 17:15:00,MT_196,42166.6666666667,1.7506627163427095,False,True,1.0907426709498405,False
2012-08-20 17:30:00,MT_196,40041.6666666667,1.4981573416654348,False,False,1.0192910828022748,False
2012-08-21 00:00:00,MT_196,21291.6666666667,-0.5612587046102312,False,False,1.1799468402703428,False
2012-08-21 03:15:00,MT_196,11291.6666666667,-1.6420838977021557,False,False,0.9826773788528428,False
2012-08-21 05:30:00,MT_196,20041.6666666667,-0.7210667954362397,False,False,1.1136066757911847,False
2012-08-21 08:00:00,MT_196,18291.6666666667,-0.920722559396648,False,False,1.1105871261731664,False
2012-08-21 15:00:00,MT_196,41708.3333333333,1.4454639722251008,False,False,1.0833508343664744,False
2012-08-21 15:30:00,MT_196,43166.6666666667,1.5927849293871943,False,False,1.2155248305472026,False
2012-08-21 15:45:00,MT_196,42416.6666666667,1.5024682858109226,False,False,1.1471964574668085,False
2012-08-22 00:00:00,MT_196,21916.6666666667,-0.559462936105489,False,False,1.1533273103858812,False
2012-08-22 00:15:00,MT_196,19458.3333333333,-0.8090084204996766,False,False,1.196120469078129,False
2012-08-22 08:15:00,MT_196,18875.0,-0.8474194444992825,False,False,1.124646633756817,False
2012-08-22 09:45:00,MT_196,26916.6666666667,-0.035765977893793426,False,False,1.0746071725306752,False
2012-08-22 15:00:00,MT_196,37583.3333333333,1.1682498185469579,False,False,1.010575833899202,False
2012-08-22 16:45:00,MT_196,38500.0,1.32350295787923,False,False,1.002554706167023,False
2012-08-22 21:15:00,MT_196,28541.6666666667,0.29843296831236105,False,False,1.0457289302698654,False
2012-08-22 21:45:00,MT_196,28541.6666666667,0.298967448848509,False,False,1.0540584418264645,False
2012-08-23 04:00:00,MT_196,12333.3333333333,-1.5403142460606558,False,False,1.0300472352534542,False
2012-08-23 07:30:00,MT_196,20041.6666666667,-0.6725159953791765,False,False,1.1297265083515013,False
2012-08-23 08:45:00,MT_196,26083.3333333333,0.016482495647379126,False,False,1.0808465502507438,False
2012-08-23 10:45:00,MT_196,30083.3333333333,0.4708359964578543,False,False,1.055840305512376,False
2012-08-23 13:15:00,MT_196,29875.0,0.4390294938171773,False,False,1.123169557685616,False
2012-08-23 13:45:00,MT_196,29916.6666666667,0.4642193810408626,False,False,1.1578076877737624,False
2012-08-23 21:45:00,MT_196,26708.3333333333,0.22864952350789972,False,False,1.0271974530017005,False
2012-08-24 05:30:00,MT_196,18000.0,-0.878287229931831,False,False,1.0218373880920812,False
2012-08-24 06:00:00,MT_196,19458.3333333333,-0.6822871600378869,False,False,1.019318848920662,False
2012-08-24 07:45:00,MT_196,16125.0,-1.115795773498678,False,False,1.1848732043162988,False
2012-08-24 08:15:00,MT_196,18541.6666666667,-0.7914261161928015,False,False,1.0826449727018084,False
2012-08-24 10:00:00,MT_196,27791.6666666667,0.40504002706930176,False,False,1.0115586302613642,False
2012-08-24 11:45:00,MT_196,30416.6666666667,0.7727377868558377,False,False,1.0209092593388331,False
2012-08-24 16:45:00,MT_196,33750.0,1.2725523365215274,False,False,0.9762218118413098,False
2012-08-24 21:00:00,MT_196,29125.0,0.6860536518219326,False,False,1.0278511053135986,False
2012-08-25 03:45:00,MT_196,12541.6666666667,-1.600596251553865,False,False,1.0494879616121042,False
2012-08-25 04:15:00,MT_196,11583.3333333333,-1.7363210619223353,False,False,0.9832956315791187,False
2012-08-25 05:00:00,MT_196,14208.3333333333,-1.3645172950283204,False,False,1.0341852239915021,False
2012-08-25 09:15:00,MT_196,26583.3333333333,0.29921782340815667,False,False,1.006073526871777,False
2012-08-25 10:00:00,MT_196,29458.3333333333,0.6920957109168865,False,False,1.0055742556285063,False
2012-08-25 11:45:00,MT_196,29000.0,0.6187481082074093,False,False,1.0002641236334653,False
2012-08-25 12:30:00,MT_196,27375.0,0.3935185239058343,False,False,1.101676517626422,False
2012-08-25 15:15:00,MT_196,35291.6666666667,1.3736344950348862,False,False,0.9998451600072917,False
2012-08-25 17:00:00,MT_196,36416.6666666667,1.4355418901137713,False,False,1.0068510072147714,False
2012-08-25 20:00:00,MT_196,29416.6666666667,0.5259685001926542,False,False,0.9785471811819694,False
2012-08-26 05:15:00,MT_196,18000.0,-0.8565402523922245,False,False,1.1316553802600338,False
2012-08-26 07:00:00,MT_196,17541.6666666667,-0.9068848414917438,False,False,0.9954219730808503,False
2012-08-26 12:00:00,MT_196,29375.0,0.5542779038477107,False,False,1.065218468872316,False
2012-08-26 16:30:00,MT_196,27083.3333333333,0.3682380955515263,False,False,1.022581361476593,False
2012-08-26 18:30:00,MT_196,31458.3333333333,1.06317439764952,False,False,1.1154866768407958,False
2012-08-27 00:45:00,MT_196,13791.6666666667,-1.2688974866955707,False,False,0.9755147260918327,False
2012-08-27 03:30:00,MT_196,12291.6666666667,-1.4656603758436442,False,False,1.0362513015855617,False
2012-08-27 05:15:00,MT_196,17666.6666666667,-0.7423948339535608,False,False,1.0815259949547715,False
2012-08-27 06:45:00,MT_196,19708.3333333333,-0.4651646797684793,False,False,1.049503865747474,False
2012-08-27 14:45:00,MT_196,34750.0,1.7509601320767538,False,False,0.9820490909590974,False
2012-08-27 15:30:00,MT_196,32875.0,1.4434810718434727,False,False,0.9817829866637859,False
2012-08-27 16:00:00,MT_196,32416.6666666667,1.3524951431608585,False,False,0.9974116640988535,False
2012-08-27 16:15:00,MT_196,32916.6666666667,1.4144971654783154,False,False,0.9913548507158149,False
2012-08-27 16:45:00,MT_196,36041.6666666667,1.8085743801081067,False,False,0.9780748948720296,False
2012-08-27 18:15:00,MT_196,30375.0,0.9395499332518188,False,False,1.0097444781665317,False
2012-08-27 18:45:00,MT_196,28958.3333333333,0.7569260452567071,False,False,0.9949279631083591,False
2012-08-28 02:30:00,MT_196,12583.3333333333,-1.5302735443243365,False,False,1.057855088391294,False
2012-08-28 05:15:00,MT_196,16625.0,-0.9413873894736556,False,False,1.0286223134215806,False
2012-08-28 13:30:00,MT_196,36166.6666666667,1.5731133143831535,False,False,1.0471256428016695,False
2012-08-28 13:45:00,MT_196,36500.0,1.5954582956365222,False,False,1.0488332129616271,False
2012-08-28 15:00:00,MT_196,36041.6666666667,1.4971987209755817,False,False,0.9831304887376181,False
2012-08-28 15:45:00,MT_196,36291.6666666667,1.4881262328400016,False,False,0.9701583766552273,False
2012-08-28 17:30:00,MT_196,34041.6666666667,1.1855775368436214,False,False,0.9841166445444574,False
2012-08-28 19:45:00,MT_196,28833.3333333333,0.5637457048958207,False,False,1.0381544008431944,False
2012-08-29 05:45:00,MT_196,18291.6666666667,-0.743970481546247,False,False,1.037656964080684,False
2012-08-29 06:00:00,MT_196,17916.6666666667,-0.7900515089572436,False,False,1.001093796973466,False
2012-08-29 06:30:00,MT_196,21041.6666666667,-0.40834853789881725,False,False,1.1390438494343764,False
2012-08-29 15:45:00,MT_196,31583.3333333333,1.0745259884160878,False,False,0.9761659402076447,False
2012-08-29 23:00:00,MT_196,22750.0,-0.022318403926385424,False,False,1.013632079247781,False
2012-08-30 00:15:00,MT_196,15625.0,-1.054497416914252,False,False,1.03195982770105,False
2012-08-30 07:00:00,MT_196,19708.3333333333,-0.48573764222180943,False,False,1.0495162924608266,False
2012-08-30 07:15:00,MT_196,17833.3333333333,-0.7687939922139878,False,False,1.022950045605205,False
2012-08-30 13:15:00,MT_196,33541.6666666667,1.584915986401671,False,False,1.048429231270689,False
2012-08-30 15:15:00,MT_196,33875.0,1.5187043683986599,False,False,0.9740858027653904,False
2012-08-30 15:30:00,MT_196,34666.6666666667,1.618625730649333,False,False,0.9800764123602493,False
2012-08-30 18:45:00,MT_196,27250.0,0.4408832742621437,False,False,1.0246420594839558,False
2012-08-31 00:45:00,MT_196,15000.0,-1.1651253651116118,False,False,1.0207500128381797,False
2012-08-31 01:00:00,MT_196,14541.6666666667,-1.2271672650198613,False,False,1.0213626631987542,False
2012-08-31 01:45:00,MT_196,15041.6666666667,-1.1847740561830906,False,False,1.1461177455640383,False
2012-08-31 06:45:00,MT_196,18166.6666666667,-0.8029423005496219,False,False,0.9750960208845633,False
2012-08-31 07:30:00,MT_196,17375.0,-0.8988959169975725,False,False,1.0243041939365367,False
2012-08-31 08:45:00,MT_196,23833.3333333333,-0.05621152636953907,False,False,1.059027957100941,False
2012-08-31 12:00:00,MT_196,25375.0,0.14448041457926664,False,False,1.0719380384995458,False
2012-08-31 14:30:00,MT_196,35458.3333333333,1.4783258518056288,False,False,1.0115699743323388,False
2012-08-31 17:15:00,MT_196,34125.0,1.2722680726308144,False,False,0.9771707702978926,False
2012-08-31 18:00:00,MT_196,34000.0,1.265129320061298,False,False,0.9985201794705056,False
2012-08-31 20:00:00,MT_196,27583.3333333333,0.43058014578530424,False,False,1.0041667678807078,False
2012-08-31 22:00:00,MT_196,26125.0,0.24074331015613828,False,False,0.9902971254009653,False
2012-08-31 23:30:00,MT_196,22458.3333333333,-0.2339352347117766,False,False,1.107325992404736,False
2012-08-31 23:45:00,MT_196,20416.6666666667,-0.4973269186474626,False,False,1.0595509044113924,False
2012-09-01 09:15:00,MT_196,26500.0,0.27672656676255586,False,False,1.0056901239596727,False
2012-09-01 10:00:00,MT_196,26541.6666666667,0.27561443464154955,False,False,1.014259224576655,False
2012-09-01 13:15:00,MT_196,28833.3333333333,0.5434903576907718,False,False,1.0386593897842415,False
2012-09-01 15:45:00,MT_196,35166.6666666667,1.408115981752041,False,False,0.9932248830161176,False
2012-09-01 18:15:00,MT_196,36041.6666666667,1.5146109820283256,False,False,1.06122342043716,False
2012-09-01 20:00:00,MT_196,29166.6666666667,0.5589435735051266,False,False,0.9749058425654421,False
2012-09-01 23:00:00,MT_196,23083.3333333333,-0.21956077397443347,False,False,1.061238381749896,False
2012-09-02 00:15:00,MT_196,17083.3333333333,-0.9807901294845744,False,False,1.0361120341482692,False
2012-09-02 01:30:00,MT_196,11458.3333333333,-1.6861914374891798,False,False,0.9901598755763572,False
2012-09-02 07:30:00,MT_196,17750.0,-0.7872734573309875,False,False,0.988583008327806,False
2012-09-02 07:45:00,MT_196,18083.3333333333,-0.7468652360173407,False,False,0.9975343543779311,False
2012-09-02 12:00:00,MT_196,30916.6666666667,0.7753612587341324,False,False,1.0185134943133076,False
2012-09-02 12:15:00,MT_196,32166.6666666667,0.9163902469618508,False,False,1.0413716160112128,False
2012-09-02 14:15:00,MT_196,28125.0,0.4073848108194839,False,False,1.059815361465624,False
2012-09-02 15:30:00,MT_196,28333.3333333333,0.4877882958156518,False,False,0.9970148883010637,False
2012-09-02 18:30:00,MT_196,28416.6666666667,0.6892225426782536,False,False,0.9971122992392544,False
2012-09-02 19:15:00,MT_196,27958.3333333333,0.6779289728943837,False,False,1.0102111101688054,False
2012-09-02 21:30:00,MT_196,23083.3333333333,0.026149547360699067,False,False,1.0253619704690846,False
2012-09-03 02:45:00,MT_196,13625.0,-1.2423055116600736,False,False,1.1802326077367333,False
2012-09-03 08:00:00,MT_196,19291.6666666667,-0.5235099323191215,False,False,1.013461226742617,False
2012-09-03 11:00:00,MT_196,24416.6666666667,0.24310980441886035,False,False,1.0463437503310329,False
2012-09-04 00:45:00,MT_196,14541.6666666667,-1.2979930869596394,False,False,1.0073024788503493,False
2012-09-04 03:45:00,MT_196,13625.0,-1.3986535492331216,False,False,1.063821989428887,False
2012-09-04 14:15:00,MT_196,36666.6666666667,1.5595003305628008,False,False,1.023454874251395,False
2012-09-04 15:00:00,MT_196,36916.6666666667,1.575030889280894,False,False,0.9944351141343225,False
2012-09-04 19:15:00,MT_196,24791.6666666667,0.05764444052321509,False,False,1.2340351997289056,False
2012-09-04 21:15:00,MT_196,26083.3333333333,0.22523339628103176,False,False,0.9968212151717262,False
2012-09-04 21:45:00,MT_196,26458.3333333333,0.2754113240015636,False,False,0.9852165492882309,False
2012-09-05 00:30:00,MT_196,11833.3333333333,-1.5158854030502917,False,False,1.009781021602304,False
2012-09-05 06:45:00,MT_196,18250.0,-0.7331806802261107,False,False,0.9707964597534907,False
2012-09-05 12:30:00,MT_196,27916.6666666667,0.44421829903633003,False,False,1.008469015574475,False
2012-09-05 14:15:00,MT_196,36541.6666666667,1.5221737158776396,False,False,1.039148916363813,False
2012-09-05 15:00:00,MT_196,36458.3333333333,1.5134412066147962,False,False,1.019570109554222,False
2012-09-05 16:30:00,MT_196,35916.6666666667,1.4524103973504277,False,False,0.977456549337693,False
2012-09-05 23:15:00,MT_196,22125.0,-0.2942493680815787,False,False,1.0293556016680168,False
2012-09-06 08:00:00,MT_196,17791.6666666667,-0.9263117169795546,False,False,1.2105938470887498,False
2012-09-06 08:30:00,MT_196,21208.3333333333,-0.48070333079915867,False,False,1.1142710048944937,False
2012-09-06 11:30:00,MT_196,27083.3333333333,0.266552937516373,False,False,1.0094873709753542,False
2012-09-06 21:15:00,MT_196,25875.0,-0.008012581025326938,False,False,1.0362380832335027,False
2012-09-07 01:15:00,MT_196,13750.0,-1.365225142443341,False,False,1.0120402052449706,False
2012-09-07 02:45:00,MT_196,12708.3333333333,-1.4635183554806683,False,False,1.0413827048150144,False
2012-09-07 07:15:00,MT_196,18916.6666666667,-0.7551780550069237,False,False,1.0067755780517966,False
2012-09-07 10:45:00,MT_196,28500.0,0.2743720525419001,False,False,1.0179161398915575,False
2012-09-07 18:45:00,MT_196,29041.6666666667,0.36804812441125445,False,False,1.0560529273088148,False
2012-09-07 21:00:00,MT_196,29833.3333333333,0.4618479898811636,False,False,1.0552766333987307,False
2012-09-08 01:15:00,MT_196,14458.3333333333,-1.3252436565239452,False,False,1.085501000955242,False
2012-09-08 08:00:00,MT_196,18083.3333333333,-1.0044194543394198,False,False,1.290454415949062,False
2012-09-08 12:15:00,MT_196,37375.0,1.2753609063318914,False,False,1.1221499234248151,False
2012-09-08 15:15:00,MT_196,36500.0,1.1272946508968458,False,False,0.9985441814440453,False
2012-09-08 19:45:00,MT_196,27583.3333333333,0.08490915258944222,False,False,1.1911350080135548,False
2012-09-08 22:00:00,MT_196,27000.0,0.028718531744749934,False,False,1.0519902786347548,False
2012-09-08 22:15:00,MT_196,25125.0,-0.18999588913797735,False,False,1.0423914949725193,False
2012-09-09 00:00:00,MT_196,19083.3333333333,-0.882084807806819,False,False,1.150228566807573,False
2012-09-09 05:30:00,MT_196,18625.0,-0.8565014760402564,False,False,1.11446540719466,False
2012-09-09 10:45:00,MT_196,26416.6666666667,0.0482170307441295,False,False,1.184001505853675,False
2012-09-09 15:00:00,MT_196,26333.3333333333,0.21153907483628034,False,False,1.016923574017438,False
2012-09-09 23:30:00,MT_196,15000.0,-1.2707112334821107,False,False,1.0165936686686488,False
2012-09-10 00:00:00,MT_196,15708.3333333333,-1.1078414741739027,False,False,1.0211991611744615,False
2012-09-10 01:45:00,MT_196,14083.3333333333,-1.3842896225849441,False,False,1.0809760235671606,False
2012-09-10 06:00:00,MT_196,18166.6666666667,-0.6960536069275458,False,False,1.0160035025475478,False
2012-09-10 06:15:00,MT_196,18541.6666666667,-0.6286174635725505,False,False,1.0199500275869122,False
2012-09-10 09:15:00,MT_196,23125.0,0.16618356080449476,False,False,1.0041207333848579,False
2012-09-10 14:15:00,MT_196,34416.6666666667,2.2074689208938416,False,False,1.095922508507705,False
2012-09-10 14:45:00,MT_196,33166.6666666667,1.898312441558586,False,False,0.9859439732861465,False
2012-09-10 18:30:00,MT_196,26125.0,0.4452041223097909,False,False,1.0549052188660764,False
2012-09-10 20:45:00,MT_196,27333.3333333333,0.6250761145951086,False,False,1.011526694983857,False
2012-09-11 02:00:00,MT_196,14583.3333333333,-1.3237561539703668,False,False,1.0970162783011168,False
2012-09-11 04:30:00,MT_196,13750.0,-1.4404093705886492,False,False,1.0124748137125625,False
2012-09-11 06:30:00,MT_196,19083.3333333333,-0.6497282013698231,False,False,1.0065689988255855,False
2012-09-11 11:45:00,MT_196,27000.0,0.4970716865889693,False,False,1.004323445445154,False
2012-09-11 20:45:00,MT_196,27333.3333333333,0.3641883006164083,False,False,1.0013034196448625,False
2012-09-11 23:15:00,MT_196,22750.0,-0.23079453017313986,False,False,1.076720881686277,False
2012-09-12 02:00:00,MT_196,15083.3333333333,-1.2352709959677026,False,False,1.2843011684787184,False
2012-09-12 06:15:00,MT_196,19166.6666666667,-0.7263592407673081,False,False,1.0342189819819971,False
2012-09-12 07:00:00,MT_196,17916.6666666667,-0.889490514048542,False,False,0.9973707516305865,False
2012-09-12 08:15:00,MT_196,20208.3333333333,-0.5948202579450182,False,False,1.0794579393790507,False
2012-09-12 14:00:00,MT_196,36291.6666666667,1.458673799997728,False,False,1.0371129670771497,False
2012-09-12 17:00:00,MT_196,37208.3333333333,1.5223034471998904,False,False,1.0186639024321542,False
2012-09-12 19:00:00,MT_196,29125.0,0.493807372051495,False,False,1.084167247737792,False
2012-09-12 19:15:00,MT_196,26916.6666666667,0.21617671212240486,False,False,1.088353175469442,False
2012-09-13 11:15:00,MT_196,25375.0,0.1055536835827916,False,False,1.042975150311031,False
2012-09-13 12:00:00,MT_196,26583.3333333333,0.2587075156445428,False,False,1.0254220572367558,False
2012-09-13 13:45:00,MT_196,36875.0,1.4767511083347806,False,False,1.014594185628455,False
2012-09-13 17:45:00,MT_196,37916.6666666667,1.609391474394796,False,False,1.0662036426243282,False
2012-09-13 19:30:00,MT_196,30083.3333333333,0.6523573948150461,False,False,1.004583981033445,False
2012-09-14 11:15:00,MT_196,24625.0,0.07221549884291306,False,False,1.1070451612833225,False
2012-09-14 11:30:00,MT_196,23833.3333333333,-0.013758941401915178,False,False,1.1673492244200696,False
2012-09-14 11:45:00,MT_196,25916.6666666667,0.21689796907168973,False,False,1.0220662307627464,False
2012-09-14 16:00:00,MT_196,37791.6666666667,1.5369281246332371,False,False,1.0349773079965523,False
2012-09-15 02:15:00,MT_196,13458.3333333333,-1.20898202695845,False,False,1.2059026835787454,False
2012-09-15 03:15:00,MT_196,13375.0,-1.2566657940572403,False,False,1.222436249558662,False
2012-09-15 09:45:00,MT_196,26083.3333333333,0.21069446216069218,False,False,1.0143798636939558,False
2012-09-15 12:15:00,MT_196,36583.3333333333,1.3483762162794508,False,False,1.1113118001692328,False
2012-09-15 16:00:00,MT_196,39666.6666666667,1.5679612184801712,False,False,1.024387404733847,False
2012-09-15 17:30:00,MT_196,38083.3333333333,1.3750763856322452,False,False,1.0472933582366861,False
2012-09-15 20:15:00,MT_196,29125.0,0.3282265595375403,False,False,1.0175155984963153,False
2012-09-16 00:30:00,MT_196,13958.3333333333,-1.342192199531747,False,False,1.0335551066403617,False
2012-09-16 03:45:00,MT_196,10875.0,-1.5284238638389918,False,False,0.9966711544578225,False
2012-09-16 13:15:00,MT_196,34916.6666666667,0.9779904728489934,False,False,1.0751667461336971,False
2012-09-16 21:30:00,MT_196,23625.0,0.07532548271500149,False,False,1.0253412657756003,False
2012-09-16 22:15:00,MT_196,24458.3333333333,0.19207842491279828,False,False,1.0430827746702913,False
2012-09-17 02:30:00,MT_196,11166.6666666667,-1.3942881744127473,False,False,1.0273464798963328,False
2012-09-17 06:45:00,MT_196,16458.3333333333,-0.7741898752742759,False,False,0.9622417003059003,False
2012-09-17 07:30:00,MT_196,16541.6666666667,-0.7536518975194976,False,False,0.9986724967999336,False
2012-09-17 10:15:00,MT_196,25583.3333333333,0.3887754873250813,False,False,0.9985089598597885,False
2012-09-17 14:45:00,MT_196,34291.6666666667,1.7565322220250499,False,False,0.9812010525069955,False
2012-09-17 15:45:00,MT_196,33000.0,1.487373019927631,False,False,0.9830485657686135,False
2012-09-17 19:45:00,MT_196,25833.3333333333,0.38961953539244304,False,False,1.0247234914644627,False
2012-09-17 23:30:00,MT_196,20375.0,-0.305547640007834,False,False,1.048247325628496,False
2012-09-18 02:30:00,MT_196,13625.0,-1.2829344213046598,False,False,1.1029539999137679,False
2012-09-18 05:15:00,MT_196,16416.6666666667,-0.9593940488995747,False,False,1.022070321111116,False
2012-09-18 08:45:00,MT_196,22416.6666666667,-0.1720204018131642,False,False,1.0790295763322904,False
2012-09-18 10:00:00,MT_196,25541.6666666667,0.260023959788209,False,False,1.0154330986336064,False
2012-09-18 11:30:00,MT_196,29333.3333333333,0.7771265592915494,False,False,1.0163310323337267,False
2012-09-18 15:15:00,MT_196,36416.6666666667,1.5842653148203225,False,False,0.9803013018174749,False
2012-09-18 18:15:00,MT_196,34625.0,1.322534095514498,False,False,1.0155334395196862,False
2012-09-18 22:15:00,MT_196,27166.6666666667,0.34211497540793095,False,False,1.0166122556262283,False
2012-09-18 23:00:00,MT_196,22041.6666666667,-0.3108220209384616,False,False,1.088536928081447,False
2012-09-19 01:45:00,MT_196,11208.3333333333,-1.593989769781942,False,False,0.9695936888099324,False
2012-09-19 02:15:00,MT_196,11791.6666666667,-1.5078033602079373,False,False,0.9855307458502865,False
2012-09-19 03:00:00,MT_196,16416.6666666667,-0.9256540135743573,False,False,1.4990206408438367,False
2012-09-19 03:15:00,MT_196,14875.0,-1.119123798591643,False,False,1.2393019737442943,False
2012-09-19 03:45:00,MT_196,15416.6666666667,-1.0624449710094603,False,False,1.2742339964544658,False
2012-09-19 08:15:00,MT_196,18416.6666666667,-0.7134352359957868,False,False,1.055591904910694,False
2012-09-19 10:45:00,MT_196,25000.0,0.10247711192386061,False,False,1.0214853948855913,False
2012-09-19 12:00:00,MT_196,27458.3333333333,0.4176090341211041,False,False,1.0005271478559263,False
2012-09-19 15:45:00,MT_196,34541.6666666667,1.3267197511758335,False,False,0.9792430791993677,False
2012-09-19 21:45:00,MT_196,25583.3333333333,0.15709688647914635,False,False,1.0063946754527409,False
2012-09-19 22:15:00,MT_196,25125.0,0.10543698317595958,False,False,1.0145917489406342,False
2012-09-20 03:00:00,MT_196,15833.3333333333,-0.9620002355546141,False,False,1.7499907696821917,False
2012-09-20 04:00:00,MT_196,15791.6666666667,-0.9751641437688539,False,False,1.3304789892839313,False
2012-09-20 07:00:00,MT_196,19458.3333333333,-0.5634377105318514,False,False,1.0423982542525105,False
2012-09-20 09:30:00,MT_196,23083.3333333333,-0.14083558921725117,False,False,1.056144318277677,False
2012-09-20 13:45:00,MT_196,34875.0,1.2200939677218499,False,False,1.0038317993083734,False
2012-09-20 14:30:00,MT_196,37250.0,1.4892279522449512,False,False,0.9961651064510882,False
2012-09-21 03:15:00,MT_196,14041.6666666667,-1.2855484850657553,False,False,1.1576481516357167,False
2012-09-21 04:15:00,MT_196,13708.3333333333,-1.2899309817430837,False,False,1.0572261137525214,False
2012-09-21 08:30:00,MT_196,21791.6666666667,-0.3007809954971282,False,False,1.0369064398006091,False
2012-09-21 13:30:00,MT_196,35208.3333333333,1.306071262661373,False,False,1.0257258560620375,False
2012-09-21 17:15:00,MT_196,35083.3333333333,1.3755735240121472,False,False,0.9726520364587504,False
2012-09-21 18:30:00,MT_196,28208.3333333333,0.540416374163531,False,False,1.012785991433772,False
2012-09-21 23:30:00,MT_196,19583.3333333333,-0.545643563089176,False,False,1.0375787634368923,False
2012-09-21 23:45:00,MT_196,19916.6666666667,-0.5016283265343033,False,False,1.0437265932590367,False
2012-09-22 03:30:00,MT_196,12083.3333333333,-1.5187564063680286,False,False,1.018129445295846,False
2012-09-22 05:00:00,MT_196,12083.3333333333,-1.4619897712757428,False,False,1.0208399454769714,False
2012-09-22 14:30:00,MT_196,36791.6666666667,1.4335030187381699,False,False,1.0317828022921935,False
2012-09-22 14:45:00,MT_196,39083.3333333333,1.6856929609664961,False,False,1.0719666686273357,False
2012-09-22 19:00:00,MT_196,35208.3333333333,1.125383544905815,False,False,1.0909560456331469,False
2012-09-22 19:15:00,MT_196,32875.0,0.8594225070462714,False,False,1.109169176334219,False
2012-09-23 01:00:00,MT_196,14291.6666666667,-1.2079492676485128,False,False,1.0523495421292568,False
2012-09-23 01:30:00,MT_196,13500.0,-1.2959651920871587,False,False,1.127174842277431,False
2012-09-23 05:00:00,MT_196,13000.0,-1.3832784181959414,False,False,1.0198622677197213,False
2012-09-23 07:00:00,MT_196,19583.3333333333,-0.6673162481476879,False,False,1.0139815249825208,False
2012-09-23 08:45:00,MT_196,20625.0,-0.5536225042286329,False,False,1.1023656311061079,False
2012-09-23 09:15:00,MT_196,26833.3333333333,0.14560755993535945,False,False,1.0927066774908596,False
2012-09-23 10:30:00,MT_196,26083.3333333333,0.06107223123562684,False,False,1.1442156032003914,False
2012-09-23 12:00:00,MT_196,25166.6666666667,-0.01582919530471792,False,False,1.3728691365125572,False
2012-09-23 15:15:00,MT_196,23958.3333333333,0.002010202428446766,False,False,1.2365967304058323,False
2012-09-23 15:30:00,MT_196,25541.6666666667,0.22618542059810698,False,False,1.0104142917752248,False
2012-09-23 20:00:00,MT_196,25166.6666666667,0.5923053325836217,False,False,1.0225385846448696,False
2012-09-24 00:30:00,MT_196,15041.6666666667,-1.1001480494564426,False,False,0.980714706308219,False
2012-09-24 09:00:00,MT_196,24458.3333333333,0.5841289893337251,False,False,1.006326846494731,False
2012-09-24 10:45:00,MT_196,23875.0,0.5072413727806591,False,False,1.0038863969853653,False
2012-09-24 14:15:00,MT_196,27291.6666666667,1.2651429274213002,False,False,1.0459156136244274,False
2012-09-25 02:15:00,MT_196,14041.6666666667,-1.384144488209783,False,False,1.088304948541334,False
2012-09-25 03:45:00,MT_196,13333.3333333333,-1.4910046364552176,False,False,1.0247806122600125,False
2012-09-25 04:00:00,MT_196,12708.3333333333,-1.6115332916706493,False,False,0.9888786527571651,False
2012-09-25 04:15:00,MT_196,13291.6666666667,-1.4977429080223414,False,False,1.0114953481627171,False
2012-09-25 04:30:00,MT_196,14125.0,-1.3388246003807178,False,False,1.0201601933146656,False
2012-09-25 08:30:00,MT_196,21750.0,0.10702892185128962,False,False,1.04919834363074,False
2012-09-25 15:45:00,MT_196,24708.3333333333,0.7643387133869466,False,False,0.9795628219220025,False
2012-09-25 17:15:00,MT_196,25125.0,0.896424317302083,False,False,0.9844035716583317,False
2012-09-25 19:45:00,MT_196,24458.3333333333,0.7826895158855549,False,False,1.0085444239938488,False
2012-09-25 23:00:00,MT_196,21666.6666666667,0.2236123583541923,False,False,0.9997599264789835,False
2012-09-26 00:15:00,MT_196,15833.3333333333,-1.019342849958646,False,False,1.0201312938933118,False
2012-09-26 02:30:00,MT_196,13333.3333333333,-1.5538789223143739,False,False,1.0393666284803664,False
2012-09-26 03:00:00,MT_196,13833.3333333333,-1.4428147657199752,False,False,1.0712928936476804,False
2012-09-26 04:00:00,MT_196,13041.6666666667,-1.6101274643681065,False,False,1.0518027421726268,False
2012-09-26 09:30:00,MT_196,22458.3333333333,0.41642675760306963,False,False,0.957044870685246,False
2012-09-26 09:45:00,MT_196,22875.0,0.5090002182872878,False,False,0.9623232282467453,False
2012-09-26 13:15:00,MT_196,24833.3333333333,1.021351750766317,False,False,1.0446170742491168,False
2012-09-26 14:00:00,MT_196,22208.3333333333,0.47276003272068406,False,False,1.0166235473844274,False
2012-09-26 15:30:00,MT_196,22541.6666666667,0.5989381853321764,False,False,0.9977460692845737,False
2012-09-27 00:15:00,MT_196,12791.6666666667,-1.5875437754644819,False,False,1.0633769629320835,False
2012-09-27 05:30:00,MT_196,18541.6666666667,-0.3108180032878832,False,False,1.1676233010496904,False
2012-09-27 06:30:00,MT_196,17458.3333333333,-0.6257352120283712,False,False,0.9580977053520036,False
2012-09-27 14:15:00,MT_196,24333.3333333333,0.9925017955232478,False,False,0.9999991049420359,False
2012-09-28 00:15:00,MT_196,13166.6666666667,-1.7496520873514414,False,False,1.285158683112088,False
2012-09-28 02:30:00,MT_196,10583.3333333333,-2.346027571824992,False,False,1.5895088091522858,False
2012-09-28 13:30:00,MT_196,26250.0,1.1637684685208582,False,False,1.035566724538199,False
2012-09-28 21:45:00,MT_196,23666.6666666667,0.3933590798737271,False,False,0.9850058246738229,False
2012-09-29 03:30:00,MT_196,11125.0,-1.747295603710769,False,False,0.9811976626620853,False
2012-09-29 07:15:00,MT_196,19541.6666666667,-0.4242791981886804,False,False,1.0000309151095048,False
2012-09-29 08:00:00,MT_196,16416.6666666667,-0.9803806840590771,False,False,1.2226737098243912,False
2012-09-29 12:15:00,MT_196,33208.3333333333,1.643588025042773,False,False,1.1675944648951964,False
2012-09-29 15:15:00,MT_196,35500.0,1.8946143020886912,False,False,1.1680120378117738,False
2012-09-29 17:45:00,MT_196,32250.0,1.2187022565214323,False,False,1.031126507536985,False
2012-09-29 20:00:00,MT_196,29083.3333333333,0.684486514471083,False,False,0.9767174378715296,False
2012-09-29 22:00:00,MT_196,26500.0,0.2991490802258758,False,False,1.0242347207845184,False
2012-09-29 22:45:00,MT_196,24333.3333333333,6.0768385490835045e-05,False,False,1.018798511938152,False
2012-09-29 23:15:00,MT_196,23625.0,-0.10009054001024399,False,False,1.0538405204047332,False
2012-09-29 23:30:00,MT_196,22125.0,-0.3129152961891375,False,False,1.1430674814103343,False
2012-09-30 12:30:00,MT_196,28375.0,0.6381472543144877,False,False,1.0636424023837556,False
2012-09-30 21:00:00,MT_196,23416.6666666667,0.06385202762331987,False,False,1.0830799377102,False
2012-09-30 21:30:00,MT_196,25291.6666666667,0.3956489858434698,False,False,1.0175912712829978,False
2012-09-30 23:30:00,MT_196,14625.0,-1.416161515175864,False,False,1.0711196441218336,False
2012-09-30 23:45:00,MT_196,13625.0,-1.5602922854319643,False,False,1.1404294148570422,False
2012-10-01 05:45:00,MT_196,17833.3333333333,-0.683381574356244,False,False,1.0274783444550541,False
2012-10-01 10:15:00,MT_196,23375.0,0.22918514899885875,False,False,0.991031953593794,False
2012-10-01 20:00:00,MT_196,23750.0,0.35444685786501057,False,False,1.0125516115612396,False
2012-10-02 09:15:00,MT_196,23083.3333333333,0.28211358480345655,False,False,1.005457068245887,False
2012-10-02 11:00:00,MT_196,23083.3333333333,0.2754335266910794,False,False,1.03052100361381,False
2012-10-02 14:30:00,MT_196,26625.0,0.8954723368124192,False,False,1.0073890122812967,False
2012-10-02 15:30:00,MT_196,27375.0,1.0588635243470943,False,False,1.0086650092794838,False
2012-10-02 22:30:00,MT_196,23875.0,0.5602105437814027,False,False,1.0061300711225447,False
2012-10-03 01:30:00,MT_196,12666.6666666667,-1.597255088801298,False,False,0.9861915130615062,False
2012-10-03 02:30:00,MT_196,13958.3333333333,-1.3905553360328151,False,False,1.0724234498000733,False
2012-10-03 09:00:00,MT_196,22916.6666666667,0.36083734300190723,False,False,0.9600573910222037,False
2012-10-03 09:45:00,MT_196,23083.3333333333,0.39059036537943503,False,False,0.9612946536913214,False
2012-10-03 15:30:00,MT_196,27166.6666666667,1.1847230943175637,False,False,1.0124486425955739,False
2012-10-03 18:00:00,MT_196,27416.6666666667,1.2243518328455911,False,False,1.055096600973617,False
2012-10-03 19:15:00,MT_196,23833.3333333333,0.5219159527737396,False,False,0.9932462011389702,False
2012-10-03 22:00:00,MT_196,24625.0,0.6586045031587854,False,False,1.0231894474126224,False
2012-10-04 05:30:00,MT_196,17333.3333333333,-0.8160826934585927,False,False,1.0434590206120722,False
2012-10-04 06:15:00,MT_196,19666.6666666667,-0.35604636428006425,False,False,1.0924258681845171,False
2012-10-04 07:00:00,MT_196,17666.6666666667,-0.7763337176831603,False,False,0.9836957020074059,False
2012-10-04 07:30:00,MT_196,17916.6666666667,-0.7364563189043325,False,False,1.0447039045998896,False
2012-10-04 18:45:00,MT_196,26083.3333333333,0.5952250912679398,False,False,1.0079113996997955,False
2012-10-04 19:45:00,MT_196,26750.0,0.6828103637551797,False,False,0.9816948493880594,False
2012-10-04 21:45:00,MT_196,23416.6666666667,0.10238367855608606,False,False,1.0267149462318421,False
2012-10-04 23:30:00,MT_196,20416.6666666667,-0.3966972592230366,False,False,1.0641478674207148,False
2012-10-05 00:15:00,MT_196,16708.3333333333,-1.0092367970624134,False,False,1.0474771645794476,False
2012-10-05 02:15:00,MT_196,14083.3333333333,-1.4204206500556567,False,False,1.0929396653991894,False
2012-10-05 02:30:00,MT_196,14666.6666666667,-1.3262361638399165,False,False,1.1711066217533446,False
2012-10-05 11:45:00,MT_196,25666.6666666667,0.4355053363905481,False,False,0.9950973913255737,False
2012-10-05 16:30:00,MT_196,34875.0,1.5383523176025995,False,False,0.9789977882936051,False
2012-10-05 17:45:00,MT_196,34083.3333333333,1.405901858658903,False,False,0.9842887093350033,False
2012-10-05 18:00:00,MT_196,33041.6666666667,1.2622096497045332,False,False,0.997782344000156,False
2012-10-05 19:15:00,MT_196,24291.6666666667,0.05620874471091236,False,False,1.2466821098995864,False
2012-10-06 02:15:00,MT_196,13791.6666666667,-1.3249398712512535,False,False,1.1757036784001293,False
2012-10-06 04:45:00,MT_196,13333.3333333333,-1.3507975060191573,False,False,1.0159830202492677,False
2012-10-06 09:00:00,MT_196,25166.6666666667,0.21832915476820755,False,False,1.0012371525888475,False
2012-10-06 09:30:00,MT_196,25291.6666666667,0.23017995079304954,False,False,1.002932110613677,False
2012-10-06 12:15:00,MT_196,28208.3333333333,0.6127272639900656,False,False,1.018165236844028,False
2012-10-06 15:15:00,MT_196,28666.6666666667,0.8419865168876826,False,False,1.0104202728259257,False
2012-10-06 16:00:00,MT_196,30291.6666666667,1.141655209804352,False,False,1.0513074646171472,False
2012-10-06 18:45:00,MT_196,29041.6666666667,1.1684476875482868,False,False,1.0547957242833608,False
2012-10-06 20:00:00,MT_196,26791.6666666667,0.7634124106780117,False,False,0.9712536449313977,False
2012-10-06 20:15:00,MT_196,25958.3333333333,0.6211947277228339,False,False,0.9885478011869351,False
2012-10-06 22:30:00,MT_196,23041.6666666667,0.11724358847626505,False,False,1.0099487474087487,False
2012-10-07 00:30:00,MT_196,14500.0,-1.3693910885468064,False,False,1.0522090518306528,False
2012-10-07 02:00:00,MT_196,12375.0,-1.7564448923908023,False,False,1.1356231777924504,False
2012-10-07 05:00:00,MT_196,11458.3333333333,-1.7969030694699537,False,False,1.0643433713138692,False
2012-10-07 05:45:00,MT_196,18833.3333333333,-0.5755247248521281,False,False,1.0837918309335368,False
2012-10-07 08:00:00,MT_196,16875.0,-0.9053261336124107,False,False,1.0620956825842223,False
2012-10-07 08:45:00,MT_196,19541.6666666667,-0.46694918381133665,False,False,1.0457207646744058,False
2012-10-07 20:15:00,MT_196,25041.6666666667,0.35216213026455545,False,False,1.0174857492572436,False
2012-10-07 21:15:00,MT_196,24000.0,0.20679835582437475,False,False,1.0178352844107046,False
2012-10-08 00:00:00,MT_196,16416.6666666667,-0.8903919063378944,False,False,1.0767543010161036,False
2012-10-08 05:45:00,MT_196,17875.0,-0.8568692404196778,False,False,1.0286138726650373,False
2012-10-08 10:30:00,MT_196,23500.0,0.11767712261578148,False,False,1.0222815124717366,False
2012-10-08 11:30:00,MT_196,24000.0,0.2359863579167585,False,False,1.0655562973344062,False
2012-10-08 15:30:00,MT_196,29833.3333333333,1.356997578315892,False,False,1.0171359363027315,False
2012-10-08 18:00:00,MT_196,27958.3333333333,0.9770883267868549,False,False,0.9859381734305277,False
2012-10-08 21:15:00,MT_196,24708.3333333333,0.41753415220352,False,False,0.9943144724798608,False
2012-10-09 04:00:00,MT_196,13916.6666666667,-1.6374752585815844,False,False,1.0701693288491574,False
2012-10-09 06:15:00,MT_196,18791.6666666667,-0.7260080855392458,False,False,1.0225880923717532,False
2012-10-09 10:15:00,MT_196,24625.0,0.3433125230979305,False,False,1.0018952559228484,False
2012-10-09 11:45:00,MT_196,24458.3333333333,0.29759336752222454,False,False,1.035430171248726,False
2012-10-09 13:00:00,MT_196,27458.3333333333,0.876606324420457,False,False,1.011291539735531,False
2012-10-09 18:00:00,MT_196,28666.6666666667,1.3525606656265134,False,False,1.0456722504290308,False
2012-10-09 19:00:00,MT_196,25208.3333333333,0.6059575409812834,False,False,1.0346554269775172,False
2012-10-09 22:00:00,MT_196,24416.6666666667,0.4003712845160025,False,False,0.9887145812388496,False
2012-10-10 05:15:00,MT_196,17375.0,-1.039942392043908,False,False,1.0706235360611416,False
2012-10-10 06:15:00,MT_196,18625.0,-0.7805862816198843,False,False,1.00239763481506,False
2012-10-10 07:30:00,MT_196,18333.3333333333,-0.8277020944895813,False,False,1.01332806483852,False
2012-10-10 11:30:00,MT_196,26458.3333333333,0.800676610440331,False,False,1.0027456261911243,False
2012-10-10 15:00:00,MT_196,31666.6666666667,1.6366584837253813,False,False,1.0463190551594252,False
2012-10-10 16:00:00,MT_196,30250.0,1.3214537474828616,False,False,1.0036008270189491,False
2012-10-10 17:30:00,MT_196,30333.3333333333,1.2449228669686538,False,False,1.0139004245120642,False
2012-10-10 22:15:00,MT_196,23166.6666666667,-0.009085181617108156,False,False,1.0103275377204024,False
2012-10-10 22:45:00,MT_196,22541.6666666667,-0.11262452134689895,False,False,1.0177302167583486,False
2012-10-11 00:30:00,MT_196,15083.3333333333,-1.378413225969242,False,False,1.0505650590434783,False
2012-10-11 07:30:00,MT_196,18500.0,-0.799905762251135,False,False,1.087357733868932,False
2012-10-11 08:30:00,MT_196,21833.3333333333,-0.23170744459101708,False,False,1.0368418994824542,False
2012-10-11 09:15:00,MT_196,22958.3333333333,-0.03659317433163655,False,False,1.0167790759713824,False
2012-10-11 11:15:00,MT_196,23750.0,0.11038896573892054,False,False,1.047257625866682,False
2012-10-11 15:15:00,MT_196,25791.6666666667,0.671121418339324,False,False,1.0122496206950327,False
2012-10-11 20:45:00,MT_196,22708.3333333333,0.34687437324914394,False,False,1.0019479604454269,False
2012-10-11 22:00:00,MT_196,21583.3333333333,0.10612881755652864,False,False,1.0197339703607304,False
2012-10-12 01:30:00,MT_196,11291.6666666667,-2.2734790145544936,False,False,1.5951738658610535,False
2012-10-12 04:30:00,MT_196,14250.0,-1.5000718348904925,False,False,1.1089652347107717,False
2012-10-12 08:00:00,MT_196,17291.6666666667,-0.7674525764222117,False,False,1.0633596119339421,False
2012-10-12 08:15:00,MT_196,17958.3333333333,-0.6124990811596166,False,False,1.0545391384118337,False
2012-10-12 08:30:00,MT_196,18041.6666666667,-0.5889485604028002,False,False,1.059932867896143,False
2012-10-12 09:45:00,MT_196,21375.0,0.18842403000055252,False,False,0.9998702662279344,False
2012-10-12 10:15:00,MT_196,21625.0,0.2605735958682543,False,False,0.986983616633287,False
2012-10-12 13:30:00,MT_196,25625.0,1.203987632765711,False,False,1.0680190652597015,False
2012-10-12 14:15:00,MT_196,27416.6666666667,1.5753629165679788,False,False,1.1158367345773879,False
2012-10-12 15:00:00,MT_196,27083.3333333333,1.4381251520304088,False,False,1.139020420881419,False
2012-10-12 23:30:00,MT_196,19583.3333333333,-0.28590715689688306,False,False,1.0304381275451289,False
2012-10-13 00:00:00,MT_196,16875.0,-0.8269490309674722,False,False,1.0206444784388407,False
2012-10-13 01:15:00,MT_196,14291.6666666667,-1.3965386986625739,False,False,1.0771664529393312,False
2012-10-13 03:45:00,MT_196,13125.0,-1.6180326677480201,False,False,1.1158629065705494,False
2012-10-13 05:15:00,MT_196,15333.3333333333,-1.1331895903851128,False,False,1.05126030593146,False
2012-10-13 05:45:00,MT_196,16500.0,-0.8839566524454072,False,False,1.003048537095199,False
2012-10-13 06:15:00,MT_196,16208.3333333333,-0.9275509361049995,False,False,0.9936053768067131,False
2012-10-13 12:00:00,MT_196,22416.6666666667,0.33869205658551255,False,False,1.1354538390014015,False
2012-10-13 12:45:00,MT_196,23250.0,0.5035233900549431,False,False,1.024588490732595,False
2012-10-13 13:15:00,MT_196,23791.6666666667,0.6185848290650658,False,False,0.9811853266436225,False
2012-10-13 18:00:00,MT_196,22666.6666666667,0.6849226062450897,False,False,0.9900981004411727,False
2012-10-14 00:15:00,MT_196,13916.6666666667,-1.4098679422357008,False,False,1.0249305232311254,False
2012-10-14 02:30:00,MT_196,10833.3333333333,-1.890274094263282,False,False,1.028398850600182,False
2012-10-14 03:45:00,MT_196,10458.3333333333,-1.841447912048376,False,False,0.9765864467404062,False
2012-10-14 05:00:00,MT_196,10041.6666666667,-1.82537127054371,False,False,1.0385380854644322,False
2012-10-14 10:30:00,MT_196,21791.6666666667,0.5678259875492601,False,False,0.9674385505029802,False
2012-10-14 10:45:00,MT_196,22375.0,0.6839733275682703,False,False,0.9627608845450805,False
2012-10-14 13:00:00,MT_196,23541.6666666667,0.8994856664826528,False,False,1.005270273141752,False
2012-10-14 15:30:00,MT_196,22708.3333333333,0.7484469552860123,False,False,0.9954434909798772,False
2012-10-14 16:30:00,MT_196,21375.0,0.4858980475448161,False,False,0.9962897179586113,False
2012-10-14 18:15:00,MT_196,24083.3333333333,1.0853528114303925,False,False,1.0399700275639718,False
2012-10-14 18:45:00,MT_196,23083.3333333333,0.8827819584602452,False,False,1.0129004611538306,False
2012-10-14 19:45:00,MT_196,23291.6666666667,0.9598286058386957,False,False,1.134556834994066,False
2012-10-14 22:15:00,MT_196,21041.6666666667,0.4864853568190143,False,False,1.0892785204760398,False
2012-10-15 00:45:00,MT_196,14250.0,-0.9374597278765157,False,False,0.9873116245345289,False
2012-10-15 06:00:00,MT_196,18083.3333333333,-0.383961964225815,False,False,1.102585329265309,False
2012-10-15 07:45:00,MT_196,17875.0,-0.4427158953222184,False,False,0.9791760006177062,False
2012-10-15 12:30:00,MT_196,22291.6666666667,0.8797176677942568,False,False,0.9951246251981822,False
2012-10-15 19:30:00,MT_196,23000.0,0.9282120181864919,False,False,0.9934895725414316,False
2012-10-15 20:00:00,MT_196,21666.6666666667,0.5682973644018903,False,False,0.9631759913111687,False
2012-10-15 22:30:00,MT_196,21208.3333333333,0.47426149236748844,False,False,1.001110648421488,False
2012-10-16 02:00:00,MT_196,11958.3333333333,-2.049824376626453,False,False,1.2768194707501876,False
2012-10-16 02:45:00,MT_196,11708.3333333333,-2.029764295480829,False,False,1.2731482890916315,False
2012-10-16 04:45:00,MT_196,12500.0,-1.642264107289319,False,False,1.017019866565183,False
2012-10-16 06:45:00,MT_196,15375.0,-0.8841851767259454,False,False,0.9841676869549549,False
2012-10-17 00:30:00,MT_196,13708.3333333333,-1.2395129793434665,False,False,0.9982164659230918,False
2012-10-17 03:15:00,MT_196,11208.3333333333,-1.9359937963315703,False,False,1.0711026731463582,False
2012-10-17 03:30:00,MT_196,10750.0,-2.043942989147588,False,False,1.1349873386465188,False
2012-10-17 08:45:00,MT_196,19750.0,0.2672628600956448,False,False,1.007283204021742,False
2012-10-17 13:30:00,MT_196,22583.3333333333,1.0464715062292382,False,False,0.9977107551036326,False
2012-10-17 13:45:00,MT_196,22083.3333333333,0.8982487903726849,False,False,0.9677579953873761,False
2012-10-17 19:30:00,MT_196,22125.0,0.8290803076682718,False,False,0.9784084444375079,False
2012-10-17 23:15:00,MT_196,18750.0,-0.07605482471913462,False,False,0.972674617896098,False
2012-10-18 01:45:00,MT_196,12625.0,-1.6859392019135093,False,False,1.0461086568123925,False
2012-10-18 05:15:00,MT_196,16041.6666666667,-0.812202283376743,False,False,1.0318272935228603,False
2012-10-18 07:30:00,MT_196,15500.0,-0.9453564720980963,False,False,1.0532559757448194,False
2012-10-18 08:00:00,MT_196,16541.6666666667,-0.6582094272286821,False,False,1.0391797041300443,False
2012-10-18 08:15:00,MT_196,17000.0,-0.5320360751658394,False,False,1.1010800155590041,False
2012-10-18 14:30:00,MT_196,21750.0,0.785817778816065,False,False,0.973683147251934,False
2012-10-18 21:45:00,MT_196,18791.6666666667,0.10307833739076233,False,False,1.0014608320722893,False
2012-10-19 01:15:00,MT_196,12708.3333333333,-1.678215348753463,False,False,1.0551289655972178,False
2012-10-19 01:30:00,MT_196,12041.6666666667,-1.8783956283472936,False,False,1.1184673611116995,False
2012-10-19 02:30:00,MT_196,12416.6666666667,-1.739362778758822,False,False,1.0026538434066474,False
2012-10-19 05:45:00,MT_196,15791.6666666667,-0.6784895810441489,False,False,0.9687121978579427,False
2012-10-19 07:15:00,MT_196,14958.3333333333,-0.8882910469859483,False,False,1.0350982220293339,False
2012-10-19 10:30:00,MT_196,20875.0,0.7506148778962868,False,False,0.9805676016792017,False
2012-10-19 13:00:00,MT_196,20791.6666666667,0.6956449041981203,False,False,0.9961908959059111,False
2012-10-19 17:15:00,MT_196,24500.0,1.643825528985796,False,False,1.2568985911779647,False
2012-10-19 17:45:00,MT_196,21625.0,0.8582831890907895,False,False,1.00436568461357,False
2012-10-19 20:30:00,MT_196,22291.6666666667,0.9654091294675377,False,False,1.0273435240572126,False
2012-10-19 21:00:00,MT_196,22125.0,0.9075135734363489,False,False,1.0110633682896448,False
2012-10-19 23:30:00,MT_196,18708.3333333333,0.007633421634287765,False,False,1.0075795230381852,False
2012-10-20 02:45:00,MT_196,12250.0,-1.624939828165089,False,False,1.026200480890427,False
2012-10-20 05:00:00,MT_196,11791.6666666667,-1.761250184830427,False,False,1.0574305291511368,False
2012-10-20 08:15:00,MT_196,17750.0,-0.2523871048533616,False,False,1.0089087180951406,False
2012-10-20 11:30:00,MT_196,22208.3333333333,0.8564064622101372,False,False,0.979803568483554,False
2012-10-20 11:45:00,MT_196,21958.3333333333,0.7909420544363472,False,False,0.9832492657374804,False
2012-10-20 12:45:00,MT_196,23125.0,1.064067987524367,False,False,0.9981234607926973,False
2012-10-20 13:45:00,MT_196,22375.0,0.8458220271006559,False,False,0.9754762218387273,False
2012-10-20 21:15:00,MT_196,20416.6666666667,0.28543885700750354,False,False,0.9801446977782224,False
2012-10-20 22:15:00,MT_196,19541.6666666667,0.09214608324923228,False,False,0.96501821790447,False
2012-10-20 23:15:00,MT_196,18500.0,-0.14216085690571414,False,False,0.9982572887873485,False
2012-10-21 05:30:00,MT_196,16333.3333333333,-0.4826812993418606,False,False,1.0762599763836123,False
2012-10-21 06:15:00,MT_196,13833.3333333333,-0.9875787304225612,False,False,1.0094676456452,False
2012-10-21 12:45:00,MT_196,22500.0,0.787202713848144,False,False,0.9894009643614063,False
2012-10-21 16:45:00,MT_196,22375.0,0.804112020485065,False,False,0.9824163666850095,False
2012-10-22 08:30:00,MT_196,19791.6666666667,0.2558297700284974,False,False,1.01958624719364,False
2012-10-22 12:15:00,MT_196,20708.3333333333,0.4986175533628069,False,False,1.0088540236916157,False
2012-10-22 13:30:00,MT_196,21958.3333333333,0.8563921958918056,False,False,0.9629330098079022,False
2012-10-22 15:30:00,MT_196,25666.6666666667,1.8223645546067242,False,False,1.1962907540697445,False
2012-10-22 16:45:00,MT_196,25000.0,1.5298585585207236,False,False,1.0742306734254339,False
2012-10-22 19:15:00,MT_196,22583.3333333333,0.8416253115304618,False,False,0.9803346993794357,False
2012-10-22 23:15:00,MT_196,20000.0,0.15411325144087704,False,False,0.9833947175645118,False
2012-10-22 23:30:00,MT_196,18333.3333333333,-0.27188184078733413,False,False,1.027477184569495,False
2012-10-23 01:45:00,MT_196,12083.3333333333,-1.9343114073283267,False,False,1.1956055320913435,False
2012-10-23 07:15:00,MT_196,16875.0,-0.6510965221205907,False,False,0.9673260075237005,False
2012-10-23 08:45:00,MT_196,21083.3333333333,0.4093120006972322,False,False,1.009896075785576,False
2012-10-23 13:30:00,MT_196,28000.0,1.8685105272491587,False,False,1.2928358130326254,False
2012-10-23 14:15:00,MT_196,30166.6666666667,2.180421345821637,False,False,1.3808915760705256,False
2012-10-23 19:15:00,MT_196,23291.6666666667,0.4799017596914507,False,False,0.9937460476855603,False
2012-10-23 21:45:00,MT_196,22208.3333333333,0.24897263582536655,False,False,1.0042167377151343,False
2012-10-23 23:45:00,MT_196,18125.0,-0.5136848529517575,False,False,1.066549758239951,False
2012-10-24 00:00:00,MT_196,16333.3333333333,-0.8457603289055459,False,False,1.0452521960843408,False
2012-10-24 00:30:00,MT_196,12916.6666666667,-1.4764554547062967,False,False,1.027977633243029,False
2012-10-24 03:15:00,MT_196,14291.6666666667,-1.2535026130939313,False,False,1.139558175260425,False
2012-10-24 07:00:00,MT_196,17958.3333333333,-0.6463605580845907,False,False,0.9616727813875701,False
2012-10-24 17:30:00,MT_196,24000.0,1.0128175703486575,False,False,0.9977828379890614,False
2012-10-24 20:15:00,MT_196,21541.6666666667,0.4437668326501154,False,False,0.9736335779030838,False
2012-10-24 22:00:00,MT_196,20583.3333333333,0.20345123590482847,False,False,0.9766724175338983,False
2012-10-25 10:45:00,MT_196,22375.0,0.7563359690016437,False,False,1.0111767981149586,False
2012-10-25 13:00:00,MT_196,22708.3333333333,0.8429008128440637,False,False,0.993490311002446,False
2012-10-25 15:45:00,MT_196,22500.0,0.8026524461550507,False,False,0.9687203634092486,False
2012-10-25 16:00:00,MT_196,23541.6666666667,1.064160791502252,False,False,0.9773286341859811,False
2012-10-25 17:15:00,MT_196,24000.0,1.1930020103041852,False,False,1.0159617138509753,False
2012-10-26 00:15:00,MT_196,10541.6666666667,-2.134500526709899,False,False,1.5586530519158732,False
2012-10-26 01:15:00,MT_196,10166.6666666667,-2.159671530962491,False,False,1.3640864719561654,False
2012-10-26 12:15:00,MT_196,22500.0,0.7180680434400634,False,False,0.9913910347354291,False
2012-10-26 15:15:00,MT_196,23666.6666666667,1.002161628217615,False,False,0.976952927003058,False
2012-10-26 16:15:00,MT_196,23958.3333333333,1.0664890629497807,False,False,0.9904307477037639,False
2012-10-26 20:30:00,MT_196,23250.0,0.8631053873587745,False,False,1.0134523462939515,False
2012-10-27 02:45:00,MT_196,13041.6666666667,-1.8132937464712269,False,False,1.1611157050133443,False
2012-10-27 04:15:00,MT_196,12708.3333333333,-1.7822150587098167,False,False,1.106847388765133,False
2012-10-27 06:30:00,MT_196,16958.3333333333,-0.639519011103956,False,False,0.9541776353002817,False
2012-10-27 09:15:00,MT_196,21833.3333333333,0.5431824036677529,False,False,0.9832485713300321,False
2012-10-27 11:15:00,MT_196,21750.0,0.5489684830342217,False,False,1.0039697641979466,False
2012-10-27 11:45:00,MT_196,23791.6666666667,1.0373089592259341,False,False,0.9935874406888208,False
2012-10-27 17:00:00,MT_196,24958.3333333333,1.2132796503646923,False,False,1.004443777730928,False
2012-10-27 19:30:00,MT_196,24708.3333333333,1.1082453312463505,False,False,1.0564759699918804,False
2012-10-27 21:30:00,MT_196,23208.3333333333,0.7454104740084316,False,False,1.0945171665221451,False
2012-10-28 03:15:00,MT_196,9958.33333333333,-2.1967596734570027,False,False,1.281308856864836,False
2012-10-28 04:45:00,MT_196,12000.0,-1.648032130501102,False,False,1.008207450056408,False
2012-10-28 09:15:00,MT_196,21875.0,0.4303723397048413,False,False,0.9872097671800107,False
2012-10-28 10:30:00,MT_196,22958.3333333333,0.628658126014575,False,False,0.9628424512525631,False
2012-10-28 10:45:00,MT_196,23291.6666666667,0.6893331149182542,False,False,0.9678458395279496,False
2012-10-28 15:45:00,MT_196,21458.3333333333,0.4251592097286101,False,False,0.9858694380397328,False
2012-10-28 16:15:00,MT_196,21833.3333333333,0.5150123216953468,False,False,0.9781826795910559,False
2012-10-28 17:15:00,MT_196,23375.0,0.8802530016713276,False,False,0.991837712800211,False
2012-10-28 21:30:00,MT_196,20208.3333333333,0.25495428680688825,False,False,0.9809277626783739,False
2012-10-28 23:30:00,MT_196,12458.3333333333,-1.3706125112034533,False,False,1.0600981201062183,False
2012-10-28 23:45:00,MT_196,12666.6666666667,-1.2968960503510043,False,False,1.0200401571973012,False
2012-10-29 00:15:00,MT_196,12083.3333333333,-1.376949473959373,False,False,1.0082694321789571,False
2012-10-29 06:30:00,MT_196,13958.3333333333,-1.0470702567384875,False,False,1.0370204283696174,False
2012-10-29 11:15:00,MT_196,17708.3333333333,-0.13516791455468993,False,False,1.2051912599016958,False
2012-10-29 17:45:00,MT_196,23958.3333333333,1.3507997591351923,False,False,1.0112517557398522,False
2012-10-29 20:45:00,MT_196,22333.3333333333,0.9854895082465431,False,False,1.0409951131124913,False
2012-10-30 01:15:00,MT_196,9916.66666666667,-2.090127881848019,False,False,1.138163625206054,False
2012-10-30 04:00:00,MT_196,10416.6666666667,-1.7880730021214546,False,False,0.9742850062535088,False
2012-10-30 04:30:00,MT_196,15083.3333333333,-0.7240607381244921,False,False,1.1332075427944188,False
2012-10-30 07:00:00,MT_196,21250.0,0.634843924537869,False,False,1.2701581081364028,False
2012-10-30 09:15:00,MT_196,28000.0,2.014533622718135,False,False,1.8837408197889747,False
2012-10-30 11:45:00,MT_196,22333.3333333333,0.6665768563199832,False,False,0.9742639482130975,False
2012-10-30 14:30:00,MT_196,23000.0,0.7602111151514228,False,False,0.969571476979184,False
2012-10-30 14:45:00,MT_196,22625.0,0.6813803783666865,False,False,0.9768986435615574,False
2012-10-30 22:30:00,MT_196,20500.0,0.21296951417600543,False,False,0.9801511686885019,False
2012-10-30 23:15:00,MT_196,20416.6666666667,0.19657939888703066,False,False,0.990271569133671,False
2012-10-31 01:45:00,MT_196,11208.3333333333,-1.7692030230916205,False,False,0.979711328669222,False
2012-10-31 07:45:00,MT_196,16083.3333333333,-0.7931594414507901,False,False,1.0122049197094727,False
2012-10-31 13:30:00,MT_196,22125.0,0.7307082136775893,False,False,0.9685732753111754,False
2012-10-31 22:30:00,MT_196,19541.6666666667,0.21766632554680654,False,False,0.9864914507867449,False
2012-10-31 23:00:00,MT_196,17958.3333333333,-0.1890434986550838,False,False,0.9777083287297718,False
2012-11-01 03:00:00,MT_196,12125.0,-1.5912276892495165,False,False,1.0008533179355947,False
2012-11-01 03:45:00,MT_196,11291.6666666667,-1.817660209933787,False,False,1.0244953691154102,False
2012-11-01 05:30:00,MT_196,13250.0,-1.2928549601669705,False,False,1.0026395030278532,False
2012-11-01 11:15:00,MT_196,21833.3333333333,0.826354748636097,False,False,0.9977358405572513,False
2012-11-01 11:30:00,MT_196,21833.3333333333,0.8229103832549951,False,False,0.9813197174135618,False
2012-11-01 12:30:00,MT_196,23541.6666666667,1.2177991830393944,False,False,1.1454103171224126,False
2012-11-02 01:15:00,MT_196,12375.0,-1.5047343126951322,False,False,0.9835766707454145,False
2012-11-02 05:15:00,MT_196,13416.6666666667,-1.3462882464493369,False,False,1.041127304179272,False
2012-11-02 05:45:00,MT_196,15583.3333333333,-0.8371385985824754,False,False,0.9925897862418127,False
2012-11-02 10:30:00,MT_196,20750.0,0.35569303159834414,False,False,0.9783803011821046,False
2012-11-02 13:00:00,MT_196,22875.0,0.8854246632475598,False,False,0.9881573527193405,False
2012-11-02 14:30:00,MT_196,22875.0,0.9009413964215742,False,False,0.9571200032313704,False
2012-11-02 18:30:00,MT_196,22875.0,0.8850473357843136,False,False,0.9960675304371792,False
2012-11-03 13:15:00,MT_196,22833.3333333333,0.7478146859247801,False,False,0.9716552324693203,False
2012-11-03 14:15:00,MT_196,22541.6666666667,0.6591254152012601,False,False,0.9939996518939298,False
2012-11-03 14:30:00,MT_196,22000.0,0.5248333846344434,False,False,1.0289434746497965,False
2012-11-04 01:00:00,MT_196,12458.3333333333,-1.8006964660209943,False,False,1.107115364360946,False
2012-11-04 01:15:00,MT_196,13500.0,-1.5487667933234628,False,False,1.0658986212256323,False
2012-11-04 03:30:00,MT_196,12125.0,-1.8438109526792261,False,False,1.0936366475360606,False
2012-11-04 14:15:00,MT_196,20958.3333333333,0.3085933306808954,False,False,0.9988472972116199,False
2012-11-04 18:00:00,MT_196,23333.3333333333,0.9461027027872072,False,False,1.00234411563013,False
2012-11-04 19:45:00,MT_196,23208.3333333333,0.9536775377446248,False,False,1.1223145856801555,False
2012-11-04 20:45:00,MT_196,21083.3333333333,0.4336259539996524,False,False,0.9632011976556882,False
2012-11-04 23:15:00,MT_196,13333.3333333333,-1.4107265048551174,False,False,1.1064933750150976,False
2012-11-05 02:00:00,MT_196,12041.6666666667,-1.5323810494525942,False,False,1.0044628781918208,False
2012-11-05 05:30:00,MT_196,13208.3333333333,-1.206726462970662,False,False,1.0512039644915698,False
2012-11-05 09:30:00,MT_196,20583.3333333333,0.42005410321160125,False,False,0.9852032922583583,False
2012-11-05 12:00:00,MT_196,22041.6666666667,0.8092400368151933,False,False,0.9955704864616041,False
2012-11-05 16:00:00,MT_196,22625.0,0.9821376680516904,False,False,0.9871643732729335,False
2012-11-05 17:15:00,MT_196,23333.3333333333,1.1231156790914676,False,False,0.9897443884764554,False
2012-11-05 18:15:00,MT_196,23375.0,1.1104004547302169,False,False,0.9786041231109766,False
2012-11-05 19:00:00,MT_196,22833.3333333333,0.9945534417055659,False,False,0.9911441166975253,False
2012-11-05 20:45:00,MT_196,21916.6666666667,0.7904806716718645,False,False,0.9978384180914832,False
2012-11-05 23:15:00,MT_196,17875.0,-0.17187899610339255,False,False,1.0051279865064997,False
2012-11-06 03:15:00,MT_196,11833.3333333333,-1.674149312739618,False,False,0.9851356967937014,False
2012-11-06 03:45:00,MT_196,11541.6666666667,-1.7512018586903573,False,False,0.9715618324773079,False
2012-11-06 04:45:00,MT_196,14791.6666666667,-0.9843712061544821,False,False,1.009617050203896,False
2012-11-06 09:00:00,MT_196,19625.0,0.18319985057060187,False,False,1.0196900999737186,False
2012-11-06 12:15:00,MT_196,21916.6666666667,0.7299006268659688,False,False,0.9711195504528498,False
2012-11-06 13:30:00,MT_196,23250.0,1.02109671017569,False,False,1.0051148524365991,False
2012-11-06 17:15:00,MT_196,23041.6666666667,0.956360494472036,False,False,0.9644030525095937,False
2012-11-06 19:00:00,MT_196,22916.6666666667,0.9494975111697312,False,False,1.012131921472435,False
2012-11-06 20:00:00,MT_196,21166.6666666667,0.5444499137665038,False,False,0.9682474564208724,False
2012-11-06 20:15:00,MT_196,21791.6666666667,0.7031781342692214,False,False,0.999860097455183,False
2012-11-06 21:00:00,MT_196,20333.3333333333,0.35315812782860107,False,False,0.9642237064106028,False
2012-11-07 02:30:00,MT_196,12083.3333333333,-1.6920523766894142,False,False,0.9895338303205066,False
2012-11-07 02:45:00,MT_196,11208.3333333333,-1.9137773945607166,False,False,1.0488216537559356,False
2012-11-07 04:15:00,MT_196,15166.6666666667,-0.9261848319395746,False,False,1.1952312245032701,False
2012-11-07 04:45:00,MT_196,14500.0,-1.089606441199433,False,False,1.0296979333180212,False
2012-11-07 05:45:00,MT_196,14875.0,-0.9906358907462878,False,False,0.9869490869692296,False
2012-11-07 07:30:00,MT_196,17916.6666666667,-0.23228163078276265,False,False,1.0042613591492728,False
2012-11-07 12:15:00,MT_196,20166.6666666667,0.38955483736373697,False,False,0.9877694407603901,False
2012-11-07 13:15:00,MT_196,21708.3333333333,0.81152521301114,False,False,0.9614325669631903,False
2012-11-07 20:45:00,MT_196,20583.3333333333,0.596850911017322,False,False,0.9714097934131705,False
2012-11-08 04:00:00,MT_196,12083.3333333333,-1.7314775459503327,False,False,1.0220736286588286,False
2012-11-08 05:00:00,MT_196,14208.3333333333,-1.158410450932875,False,False,0.9917879543735311,False
2012-11-08 21:45:00,MT_196,19791.6666666667,0.4265110305023746,False,False,0.9706808313564387,False
2012-11-09 02:15:00,MT_196,11875.0,-1.8294421935466787,False,False,1.0119766659300753,False
2012-11-09 08:30:00,MT_196,18000.0,-0.028562996674452994,False,False,1.0668065204225436,False
2012-11-09 08:45:00,MT_196,19500.0,0.3884323014905406,False,False,1.0338915308988155,False
2012-11-09 11:00:00,MT_196,20500.0,0.6679480227946625,False,False,0.9682673366669182,False
2012-11-09 13:00:00,MT_196,21250.0,0.8938881612609321,False,False,1.0001082448646896,False
2012-11-09 13:45:00,MT_196,20375.0,0.6538653998404357,False,False,1.0131568497676668,False
2012-11-09 15:45:00,MT_196,21208.3333333333,0.8759787589038331,False,False,0.9867423023470047,False
2012-11-09 17:30:00,MT_196,22166.6666666667,1.1140306870693037,False,False,0.987389010171693,False
2012-11-09 19:30:00,MT_196,21291.6666666667,0.8251372853636443,False,False,1.0094040256766792,False
2012-11-09 21:15:00,MT_196,21541.6666666667,0.8659565192882981,False,False,1.0232365300161936,False
2012-11-10 00:00:00,MT_196,15583.3333333333,-0.7316943181979254,False,False,0.9990726785208888,False
2012-11-10 07:15:00,MT_196,17208.3333333333,-0.28377671927943154,False,False,1.002954495863514,False
2012-11-10 16:00:00,MT_196,22666.6666666667,0.9922127466203705,False,False,0.9898210712373345,False
2012-11-10 17:45:00,MT_196,22916.6666666667,1.0456638393186397,False,False,0.9766664005818484,False
2012-11-10 20:45:00,MT_196,21208.3333333333,0.599711927861029,False,False,0.9821035684573194,False
2012-11-11 00:15:00,MT_196,13666.6666666667,-1.2086487545086908,False,False,0.9942291713715236,False
2012-11-11 05:30:00,MT_196,13666.6666666667,-1.0432412675816383,False,False,1.0042378439430921,False
2012-11-11 13:30:00,MT_196,21000.0,0.5965223451861933,False,False,0.9686623642430514,False
2012-11-11 14:15:00,MT_196,21375.0,0.6938554001870978,False,False,0.9827685047599619,False
2012-11-11 14:30:00,MT_196,21208.3333333333,0.6570057303255794,False,False,0.9718322431577662,False
2012-11-11 20:15:00,MT_196,20500.0,0.5498645741638293,False,False,0.9749111475143883,False
2012-11-11 23:15:00,MT_196,11875.0,-1.3694855632659078,False,False,1.1569376479758964,False
2012-11-12 01:15:00,MT_196,11875.0,-1.2611362819334804,False,False,0.9754008411421496,False
2012-11-12 02:00:00,MT_196,11375.0,-1.3890915411449938,False,False,0.9990152422929386,False
2012-11-12 07:15:00,MT_196,16958.3333333333,-0.1976278739918301,False,False,1.0321831462683062,False
2012-11-12 15:15:00,MT_196,19625.0,0.5920518486505891,False,False,0.998101544543453,False
2012-11-12 15:30:00,MT_196,19291.6666666667,0.5131307317490013,False,False,1.0328847492075017,False
2012-11-12 18:30:00,MT_196,20625.0,0.9914620765910215,False,False,0.9970527357258415,False
2012-11-12 20:45:00,MT_196,20125.0,0.8905025374356695,False,False,1.037577910140725,False
2012-11-13 03:00:00,MT_196,11000.0,-1.9433138199800941,False,False,1.0881772495965958,False
2012-11-13 03:45:00,MT_196,11166.6666666667,-1.892743410864473,False,False,1.016562894659827,False
2012-11-13 06:45:00,MT_196,15750.0,-0.4809380617034888,False,False,0.9693726487371884,False
2012-11-13 14:30:00,MT_196,20166.6666666667,0.8303680540910022,False,False,0.9946585094946753,False
2012-11-13 19:15:00,MT_196,20125.0,0.7276942729441432,False,False,0.9918122294562403,False
2012-11-14 00:45:00,MT_196,10416.6666666667,-2.037132965576379,False,False,1.223869364693235,False
2012-11-14 04:15:00,MT_196,15583.3333333333,-0.5620810423483881,False,False,1.3275878108220482,False
2012-11-14 07:00:00,MT_196,14583.3333333333,-0.8786306494361321,False,False,1.0077723249415287,False
2012-11-14 10:00:00,MT_196,18958.3333333333,0.3662868314241099,False,False,0.9941987991213453,False
2012-11-14 14:15:00,MT_196,21166.6666666667,0.9633352437153466,False,False,0.9840364166951562,False
2012-11-14 14:45:00,MT_196,20583.3333333333,0.7960244025305511,False,False,0.9887494582288922,False
2012-11-14 16:15:00,MT_196,21125.0,0.9702443573476338,False,False,0.9734682179087445,False
2012-11-14 22:15:00,MT_196,21791.6666666667,0.868199114417005,False,False,1.1055338459409239,False
2012-11-14 23:15:00,MT_196,19541.6666666667,0.30223170487931394,False,False,0.9993787465354188,False
2012-11-15 01:45:00,MT_196,12208.3333333333,-1.568779842088391,False,False,1.0174810488227866,False
2012-11-15 06:00:00,MT_196,15916.6666666667,-0.6902210259555107,False,False,0.9901731414780126,False
2012-11-15 16:00:00,MT_196,21416.6666666667,0.7038654321366806,False,False,0.9837392085001743,False
2012-11-15 17:30:00,MT_196,22250.0,0.9708965969828076,False,False,0.9864317328527961,False
2012-11-15 18:00:00,MT_196,22291.6666666667,1.0079465387856879,False,False,0.9934112725225893,False
2012-11-15 23:00:00,MT_196,18625.0,0.104960030050653,False,False,0.9780590925321584,False
2012-11-16 02:15:00,MT_196,12166.6666666667,-1.8163413447884897,False,False,1.0374760195359325,False
2012-11-16 03:00:00,MT_196,12958.3333333333,-1.5774179069872702,False,False,1.0701894245848642,False
2012-11-16 10:15:00,MT_196,22166.6666666667,1.1390478161434012,False,False,1.1194907598178279,False
2012-11-16 19:00:00,MT_196,23083.3333333333,1.2858396944410042,False,False,1.1028373674385072,False
2012-11-16 20:30:00,MT_196,22333.3333333333,1.0153768233026894,False,False,1.0628889345354031,False
2012-11-16 23:30:00,MT_196,16541.6666666667,-0.6545109792868765,False,False,1.028468268573979,False
2012-11-17 00:15:00,MT_196,14375.0,-1.258285801610796,False,False,1.00332281878168,False
2012-11-17 00:45:00,MT_196,11708.3333333333,-1.9800253918255304,False,False,1.18764150527291,False
2012-11-17 05:15:00,MT_196,13708.3333333333,-1.1986686492256886,False,False,1.0234444068061066,False
2012-11-17 05:30:00,MT_196,14583.3333333333,-0.9733756569421245,False,False,1.0215673818384372,False
2012-11-17 12:30:00,MT_196,22083.3333333333,0.8350657806486133,False,False,0.9824206734586637,False
2012-11-17 19:15:00,MT_196,23791.6666666667,1.1905689483089086,False,False,1.1238551924969855,False
2012-11-17 21:15:00,MT_196,21958.3333333333,0.7405711617085554,False,False,1.0723641397791017,False
2012-11-18 07:15:00,MT_196,16625.0,-0.5758928144603037,False,False,0.9573338531847426,False
2012-11-18 14:45:00,MT_196,20708.3333333333,0.5066334573620158,False,False,0.9851749496965957,False
2012-11-18 16:30:00,MT_196,22000.0,0.8466695588895953,False,False,0.9791787887582761,False
2012-11-18 17:00:00,MT_196,22875.0,1.0720082498476415,False,False,1.059131159668498,False
2012-11-19 01:15:00,MT_196,11625.0,-1.6130787870719994,False,False,0.9815973758801261,False
2012-11-19 02:00:00,MT_196,12041.6666666667,-1.4942601292777118,False,False,1.0076230182403225,False
2012-11-19 04:45:00,MT_196,14041.6666666667,-1.0060487950949208,False,False,1.0834753981862946,False
2012-11-19 07:30:00,MT_196,16083.3333333333,-0.520479992254682,False,False,0.9880240260727001,False
2012-11-19 10:30:00,MT_196,20125.0,0.44452219983950897,False,False,0.9728468783056042,False
2012-11-19 14:15:00,MT_196,20875.0,0.6472272659572621,False,False,0.9852797894732167,False
2012-11-19 15:15:00,MT_196,20125.0,0.4679766811606973,False,False,1.0077693400477878,False
2012-11-19 15:30:00,MT_196,21125.0,0.7189484559382899,False,False,0.9825048070976474,False
2012-11-19 23:00:00,MT_196,17541.6666666667,-0.14801349181828474,False,False,0.9969918020973684,False
2012-11-20 07:15:00,MT_196,19916.6666666667,0.3954928509247571,False,False,1.206144431203061,False
2012-11-20 14:00:00,MT_196,21541.6666666667,0.7648294722403697,False,False,0.9735348823998754,False
2012-11-20 17:00:00,MT_196,20458.3333333333,0.4555852735143782,False,False,1.0804281931506439,False
2012-11-20 19:00:00,MT_196,21750.0,0.842646065388205,False,False,1.0048939610099066,False
2012-11-21 00:45:00,MT_196,11791.6666666667,-1.921885394037959,False,False,1.1769787794212279,False
2012-11-21 12:45:00,MT_196,19875.0,0.45947231542376366,False,False,1.0091613601917995,False
2012-11-21 15:45:00,MT_196,19375.0,0.3977983458835266,False,False,1.093569227994153,False
2012-11-21 19:00:00,MT_196,21250.0,0.9660743332716605,False,False,0.9879798507189006,False
2012-11-21 19:45:00,MT_196,21083.3333333333,0.9250065389823487,False,False,1.0241468368304822,False
2012-11-21 20:30:00,MT_196,20375.0,0.7226770895466699,False,False,0.9865056531645282,False
2012-11-21 21:00:00,MT_196,20250.0,0.6939182790276561,False,False,0.9976190126385658,False
2012-11-21 21:45:00,MT_196,21041.6666666667,0.9433774243983452,False,False,1.1176408922140906,False
2012-11-22 00:00:00,MT_196,14833.3333333333,-0.8948808650093503,False,False,1.0336867599963706,False
2012-11-22 02:00:00,MT_196,11791.6666666667,-1.780595035911266,False,False,1.0117948112070125,False
2012-11-22 04:15:00,MT_196,14875.0,-0.8835634032989822,False,False,1.2378459843985952,False
2012-11-22 05:15:00,MT_196,14666.6666666667,-0.9462590633479122,False,False,1.0086530185693174,False
2012-11-22 06:15:00,MT_196,15000.0,-0.853565788541162,False,False,0.991304253573164,False
2012-11-22 08:30:00,MT_196,18958.3333333333,0.350744554884101,False,False,1.019836820326478,False
2012-11-22 11:15:00,MT_196,19875.0,0.6421539088302318,False,False,0.9802824731154521,False
2012-11-22 13:45:00,MT_196,20458.3333333333,0.7649200129521954,False,False,1.0051687479739737,False
2012-11-22 16:00:00,MT_196,21333.3333333333,0.9653330435263715,False,False,0.9689740217620104,False
2012-11-22 19:00:00,MT_196,22208.3333333333,1.1829774411289002,False,False,1.0616164247718272,False
2012-11-23 02:30:00,MT_196,11500.0,-1.8139607195324867,False,False,0.9715182764157021,False
2012-11-23 04:30:00,MT_196,15875.0,-0.5866296826040963,False,False,1.2222703861049584,False
2012-11-23 08:30:00,MT_196,19083.3333333333,0.2856314402629317,False,False,1.0487796438032424,False
2012-11-23 09:45:00,MT_196,19666.6666666667,0.4428937618430347,False,False,0.9848739906908855,False
2012-11-23 11:00:00,MT_196,20000.0,0.5060201452242766,False,False,0.9750577095712826,False
2012-11-23 13:15:00,MT_196,20916.6666666667,0.7202580078559293,False,False,1.0001735539794663,False
2012-11-23 13:45:00,MT_196,21333.3333333333,0.8376562831596551,False,False,0.9941047650294528,False
2012-11-23 22:30:00,MT_196,19291.6666666667,0.1973826379560693,False,False,0.9815192835618256,False
2012-11-23 23:15:00,MT_196,17250.0,-0.3322896317499132,False,False,1.0121072950759957,False
2012-11-24 00:00:00,MT_196,16041.6666666667,-0.6547061398906499,False,False,1.008817457571076,False
2012-11-24 10:15:00,MT_196,21125.0,0.5950317396299434,False,False,0.9872484286588669,False
2012-11-24 17:30:00,MT_196,23375.0,1.0330454832109606,False,False,0.9757984764476394,False
2012-11-25 01:45:00,MT_196,11541.6666666667,-1.6871944261679894,False,False,0.9998469157221365,False
2012-11-25 06:30:00,MT_196,17625.0,-0.27120508013498607,False,False,1.046559201194528,False
2012-11-25 08:00:00,MT_196,17125.0,-0.3866113621648565,False,False,0.9998639741782258,False
2012-11-25 21:00:00,MT_196,20666.6666666667,0.5878778439777885,False,False,0.98220789784938,False
2012-11-25 22:00:00,MT_196,19375.0,0.2604835487382315,False,False,1.0040622414721823,False
2012-11-26 01:45:00,MT_196,7875.0,-2.2115949006172655,False,False,1.6606883113400497,False
2012-11-26 03:45:00,MT_196,9583.33333333333,-1.67952874468793,False,False,0.9667506074487515,False
2012-11-26 04:00:00,MT_196,9583.33333333333,-1.6641264404727465,False,False,0.9811472641149913,False
2012-11-26 05:30:00,MT_196,14333.3333333333,-0.6811326006139288,False,False,1.0232398602271873,False
2012-11-26 06:30:00,MT_196,15083.3333333333,-0.5324029425979313,False,False,0.9861530930513618,False
2012-11-26 14:45:00,MT_196,18833.3333333333,0.4542856376647965,False,False,1.0416936022457284,False
2012-11-26 16:30:00,MT_196,18625.0,0.47191250105216914,False,False,1.1283671560091786,False
2012-11-26 21:30:00,MT_196,19291.6666666667,0.7267040721260712,False,False,1.0009913106198518,False
2012-11-27 00:00:00,MT_196,11583.3333333333,-1.2113113266477935,False,False,0.9950264188573302,False
2012-11-27 02:30:00,MT_196,12041.6666666667,-1.2729312030703046,False,False,1.0776970319576908,False
2012-11-27 05:15:00,MT_196,13958.3333333333,-0.8256135475075544,False,False,1.0048176890978593,False
2012-11-27 08:00:00,MT_196,15500.0,-0.34749449566589835,False,False,1.0454534262250226,False
2012-11-27 14:00:00,MT_196,20083.3333333333,0.9584078321796714,False,False,0.9975826443741803,False
2012-11-27 22:30:00,MT_196,17625.0,0.32073016700268775,False,False,0.9956888535570276,False
2012-11-28 01:15:00,MT_196,11375.0,-1.7388995286924414,False,False,0.9957682699037778,False
2012-11-28 08:30:00,MT_196,15791.6666666667,-0.3493602860556852,False,False,1.0842877853846662,False
2012-11-28 17:00:00,MT_196,19458.3333333333,0.8295138028609698,False,False,1.0146267931609767,False
2012-11-29 00:30:00,MT_196,11291.6666666667,-1.8494263833166495,False,False,1.0807845309489856,False
2012-11-29 01:15:00,MT_196,11375.0,-1.805112580381217,False,False,0.9855083499543612,False
2012-11-29 04:45:00,MT_196,13541.6666666667,-1.0543292173108942,False,False,1.0155174875300836,False
2012-11-29 08:15:00,MT_196,15083.3333333333,-0.5376733410941251,False,False,1.158475303615068,False
2012-11-29 09:00:00,MT_196,18541.6666666667,0.5099646008236839,False,False,1.0162121841299976,False
2012-11-29 11:45:00,MT_196,18875.0,0.6177898532837974,False,False,0.9837985316955056,False
2012-11-29 14:45:00,MT_196,18625.0,0.522556984529409,False,False,1.115763426262505,False
2012-11-29 18:30:00,MT_196,20500.0,1.1244444969147283,False,False,1.027325664873615,False
2012-11-29 20:45:00,MT_196,19458.3333333333,0.7979911524273196,False,False,1.0291815208094799,False
2012-11-30 08:30:00,MT_196,17458.3333333333,0.2045704921237798,False,False,1.1057234108671032,False
2012-11-30 09:45:00,MT_196,19208.3333333333,0.718707600028865,False,False,1.0097933565772403,False
2012-11-30 11:15:00,MT_196,20416.6666666667,1.061650669089495,False,False,1.1118008479771109,False
2012-11-30 12:00:00,MT_196,20625.0,1.110273632504091,False,False,1.1132744259211111,False
2012-11-30 13:15:00,MT_196,19125.0,0.6416549380531373,False,False,1.0532165706021142,False
2012-11-30 16:15:00,MT_196,18333.3333333333,0.39383613561194125,False,False,1.4717368787975296,False
2012-11-30 19:15:00,MT_196,22000.0,1.3544293792667903,False,False,1.1683970273646942,False
2012-11-30 21:15:00,MT_196,19166.6666666667,0.5553674920970633,False,False,0.9948866829760004,False
2012-11-30 22:00:00,MT_196,18041.6666666667,0.23634973389969835,False,False,0.9830015246817295,False
2012-12-01 03:00:00,MT_196,11583.3333333333,-1.6040622137126768,False,False,0.985674984007689,False
2012-12-01 08:00:00,MT_196,16250.0,-0.31392606150801217,False,False,1.0398527747382398,False
2012-12-01 09:15:00,MT_196,19000.0,0.4735440133930046,False,False,1.026332733987039,False
2012-12-01 10:45:00,MT_196,20916.6666666667,0.9942924849053885,False,False,0.9966462109661919,False
2012-12-01 11:00:00,MT_196,20416.6666666667,0.8414188080198474,False,False,0.9852629190741845,False
2012-12-01 16:45:00,MT_196,21041.6666666667,0.850973508550742,False,False,1.033729347364264,False
2012-12-01 17:15:00,MT_196,20583.3333333333,0.7375520762028435,False,False,1.0575584383456642,False
2012-12-01 19:30:00,MT_196,21125.0,0.8981192577623337,False,False,1.0334263044100855,False
2012-12-02 05:00:00,MT_196,11875.0,-1.2689820169438273,False,False,1.0135421282913897,False
2012-12-02 05:15:00,MT_196,12083.3333333333,-1.211663966282468,False,False,1.0134017637523236,False
2012-12-02 06:00:00,MT_196,13083.3333333333,-0.9793061571558963,False,False,1.0097061379571999,False
2012-12-02 12:15:00,MT_196,20875.0,0.8618684885926354,False,False,1.0029721233958842,False
2012-12-02 14:45:00,MT_196,20666.6666666667,0.8392016151924132,False,False,1.0604390462662139,False
2012-12-02 22:30:00,MT_196,15875.0,-0.2716286934547348,False,False,1.0697099787727768,False
2012-12-03 03:15:00,MT_196,10416.6666666667,-1.5288712594258127,False,False,0.9831396518283666,False
2012-12-03 11:00:00,MT_196,18083.3333333333,0.28521366262867526,False,False,1.0011326177335975,False
2012-12-03 13:30:00,MT_196,20166.6666666667,0.8539285696816292,False,False,0.9805151378346291,False
2012-12-03 13:45:00,MT_196,19125.0,0.5918169251485582,False,False,1.0235918075250499,False
2012-12-03 14:00:00,MT_196,19375.0,0.6579594223935827,False,False,0.9930910048319437,False
2012-12-03 17:15:00,MT_196,22208.3333333333,1.4598230009854423,False,False,1.0860163802725336,False
2012-12-03 18:45:00,MT_196,22708.3333333333,1.5969205944583456,False,False,1.1943041972500013,False
2012-12-04 00:00:00,MT_196,14333.3333333333,-0.7145887964406041,False,False,1.0389343428490385,False
2012-12-04 03:15:00,MT_196,11375.0,-1.6028946942074023,False,False,0.9843125590623446,False
2012-12-04 10:00:00,MT_196,18666.6666666667,0.3594366185658313,False,False,0.9746555531148382,False
2012-12-04 10:15:00,MT_196,19208.3333333333,0.5135573199300357,False,False,0.9717699527411503,False
2012-12-04 17:45:00,MT_196,21375.0,1.0467549734485944,False,False,0.9870837552638208,False
2012-12-04 19:00:00,MT_196,21291.6666666667,1.0464673801183892,False,False,1.047666004178247,False
2012-12-04 19:15:00,MT_196,21125.0,0.9992386900941306,False,False,1.0652777753724805,False
2012-12-04 22:00:00,MT_196,20458.3333333333,0.8278255015826628,False,False,1.2047753751297694,False
2012-12-04 23:45:00,MT_196,13125.0,-1.2576392024940926,False,False,0.9838213855070098,False
2012-12-05 01:15:00,MT_196,8625.0,-2.279577004140351,False,False,1.6187585085512166,False
2012-12-05 12:30:00,MT_196,19458.3333333333,0.6071918499830455,False,False,0.9943700029749453,False
2012-12-05 16:45:00,MT_196,18583.3333333333,0.43252877788199345,False,False,1.1517813132033832,False
2012-12-05 20:30:00,MT_196,20500.0,0.9296425349466785,False,False,1.0574496668998337,False
2012-12-06 01:00:00,MT_196,10458.3333333333,-1.7384688098461962,False,False,0.9934705859451739,False
2012-12-06 03:45:00,MT_196,11208.3333333333,-1.66666949463169,False,False,0.9644097804553289,False
2012-12-06 05:00:00,MT_196,14625.0,-0.7191554047858096,False,False,1.0766721043919125,False
2012-12-06 08:00:00,MT_196,16333.3333333333,-0.2655929883282951,False,False,1.1100348421370958,False
2012-12-06 12:00:00,MT_196,19666.6666666667,0.6508294179473915,False,False,0.9831060904052598,False
2012-12-06 16:00:00,MT_196,21291.6666666667,1.0272472638744794,False,False,0.9689740217620104,False
2012-12-06 17:15:00,MT_196,22750.0,1.3788433022210138,False,False,1.0746568124471196,False
2012-12-06 20:30:00,MT_196,19375.0,0.4048372935930408,False,False,0.9990710865415793,False
2012-12-06 22:15:00,MT_196,19041.6666666667,0.3121014033672483,False,False,0.9648059446807166,False
2012-12-07 01:45:00,MT_196,8750.0,-2.2515912626763037,False,False,1.5226383187106165,False
2012-12-07 11:15:00,MT_196,20125.0,0.5972459279830691,False,False,0.9767093653532027,False
2012-12-07 11:45:00,MT_196,20208.3333333333,0.6202335540057877,False,False,0.974104762863701,False
2012-12-07 13:00:00,MT_196,21083.3333333333,0.8341272166318988,False,False,0.9909679336084212,False
2012-12-07 17:30:00,MT_196,22875.0,1.238354830118641,False,False,1.02565657394891,False
2012-12-07 18:45:00,MT_196,22000.0,1.0547354070290225,False,False,1.0237113697892537,False
2012-12-07 21:00:00,MT_196,20583.3333333333,0.6887541556625438,False,False,0.9773118178813017,False
2012-12-08 00:15:00,MT_196,13958.3333333333,-0.9158494557556874,False,False,0.993056033065209,False
2012-12-08 04:00:00,MT_196,8958.33333333333,-2.2385411238412423,False,False,1.410722723490754,False
2012-12-08 05:30:00,MT_196,13666.6666666667,-0.9539749381888143,False,False,1.0163124939844215,False
2012-12-08 09:15:00,MT_196,19166.6666666667,0.35847204876399674,False,False,1.0302412141142556,False
2012-12-08 10:15:00,MT_196,21583.3333333333,0.9224674111629911,False,False,0.9774453664807993,False
2012-12-08 11:15:00,MT_196,20541.6666666667,0.6576349328315731,False,False,1.0008723052932564,False
2012-12-08 12:00:00,MT_196,21541.6666666667,0.8876288432639604,False,False,0.9921362991646051,False
2012-12-08 14:45:00,MT_196,21875.0,0.8845226791726208,False,False,1.0003276340368106,False
2012-12-08 17:15:00,MT_196,23083.3333333333,1.1334414349924014,False,False,0.9894207542026672,False
2012-12-08 20:45:00,MT_196,20583.3333333333,0.5274914785067618,False,False,0.9876695591655681,False
2012-12-08 23:15:00,MT_196,18333.3333333333,0.03615002663663424,False,False,0.9890497319340339,False
2012-12-09 00:30:00,MT_196,10875.0,-1.587543963892908,False,False,1.0284835341137524,False
2012-12-09 01:45:00,MT_196,8708.33333333333,-2.03635515447574,False,False,1.1663882092403035,False
2012-12-09 08:45:00,MT_196,17833.3333333333,-0.0122223888542232,False,False,1.0629291667754657,False
2012-12-09 17:00:00,MT_196,21083.3333333333,0.7476146841757305,False,False,0.9817963309999844,False
2012-12-10 01:30:00,MT_196,11000.0,-1.27540041013413,False,False,0.976547317110189,False
2012-12-10 02:45:00,MT_196,10708.3333333333,-1.4047176937232075,False,False,1.0254686306256708,False
2012-12-10 14:45:00,MT_196,20583.3333333333,0.9904691378362587,False,False,0.9657738844489839,False
2012-12-10 15:00:00,MT_196,19541.6666666667,0.7201925142533321,False,False,0.9938329452695586,False
2012-12-10 20:30:00,MT_196,20083.3333333333,0.8871822705698067,False,False,1.0129025996371726,False
2012-12-11 00:15:00,MT_196,13458.3333333333,-0.9476419211247589,False,False,0.9861934313783463,False
2012-12-11 01:30:00,MT_196,11958.3333333333,-1.3950099871851607,False,False,1.0095529430574466,False
2012-12-11 02:30:00,MT_196,10625.0,-1.8138813139367063,False,False,0.9685822066815138,False
2012-12-11 10:45:00,MT_196,18208.3333333333,0.22067848698782883,False,False,1.021795064839028,False
2012-12-11 13:30:00,MT_196,19250.0,0.5010612883589861,False,False,1.0253370370375516,False
2012-12-11 19:00:00,MT_196,21208.3333333333,1.1798137678803888,False,False,1.1000675446178596,False
2012-12-11 22:00:00,MT_196,19791.6666666667,0.7682250341094938,False,False,1.1885254159884218,False
2012-12-11 23:30:00,MT_196,14625.0,-0.8474018704866374,False,False,1.0461346567220644,False
2012-12-12 00:00:00,MT_196,14500.0,-0.8718145154118347,False,False,1.016663566034693,False
2012-12-12 03:45:00,MT_196,12416.6666666667,-1.5880049229359476,False,False,1.0271824211185772,False
2012-12-12 13:45:00,MT_196,20708.3333333333,0.8927434642382182,False,False,0.9710348129565933,False
2012-12-12 14:00:00,MT_196,20500.0,0.8197871323309844,False,False,0.9800162417459136,False
2012-12-12 14:15:00,MT_196,20958.3333333333,0.9532179254411386,False,False,0.9829921894673932,False
2012-12-12 20:00:00,MT_196,19750.0,0.3718513840486059,False,False,1.0008990229293244,False
2012-12-12 23:00:00,MT_196,17000.0,-0.3498421376914626,False,False,1.0058211442713316,False
2012-12-13 00:00:00,MT_196,13750.0,-1.2270517962314402,False,False,1.006167103628408,False
2012-12-13 00:15:00,MT_196,13541.6666666667,-1.27742923496167,False,False,0.9936618021138033,False
2012-12-13 02:00:00,MT_196,10916.6666666667,-1.959616994573603,False,False,1.069515388996418,False
2012-12-13 02:45:00,MT_196,11166.6666666667,-1.8421790770341375,False,False,1.0114329708007055,False
2012-12-13 03:00:00,MT_196,10791.6666666667,-1.9215277403113853,False,False,1.0519322240007163,False
2012-12-13 04:00:00,MT_196,10875.0,-1.831103688383246,False,False,0.9993668444077773,False
2012-12-13 06:00:00,MT_196,13916.6666666667,-0.9978613265324798,False,False,1.0107887982992747,False
2012-12-13 07:00:00,MT_196,14541.6666666667,-0.8293151682961557,False,False,1.0107754663735533,False
2012-12-13 07:45:00,MT_196,16125.0,-0.43280770133766244,False,False,1.0241092080556589,False
2012-12-13 10:15:00,MT_196,21583.3333333333,0.8539269038140446,False,False,1.0112058672326982,False
2012-12-13 12:45:00,MT_196,20583.3333333333,0.5886602644528688,False,False,0.9940500672092903,False
2012-12-13 21:30:00,MT_196,19416.6666666667,0.20589447316876072,False,False,0.9945861547789779,False
2012-12-14 01:30:00,MT_196,12708.3333333333,-1.2758412656112856,False,False,0.9816640064453688,False
2012-12-14 13:45:00,MT_196,22333.3333333333,0.7735342195210508,False,False,0.9827365483307342,False
2012-12-14 15:45:00,MT_196,22750.0,0.8914950247390505,False,False,0.9636628040698794,False
2012-12-14 17:45:00,MT_196,22291.6666666667,0.8096306838255616,False,False,1.0013257316848594,False
2012-12-14 18:30:00,MT_196,22541.6666666667,0.8976619079076855,False,False,0.9998927722492293,False
2012-12-14 19:30:00,MT_196,20916.6666666667,0.5246889685633975,False,False,1.0299752480332895,False
2012-12-15 00:00:00,MT_196,14500.0,-0.9663593565298494,False,False,0.9893882665749575,False
2012-12-15 06:15:00,MT_196,14916.6666666667,-0.7938855241040023,False,False,0.9999128915807676,False
2012-12-15 10:45:00,MT_196,21125.0,0.5932086634929766,False,False,0.9913016749808777,False
2012-12-15 15:45:00,MT_196,24333.3333333333,1.2664902506991524,False,False,1.0032291072044957,False
2012-12-15 17:45:00,MT_196,24125.0,1.2106404850111305,False,False,1.0082326425863903,False
2012-12-16 02:00:00,MT_196,10875.0,-1.6282214704265718,False,False,0.9808310248015406,False
2012-12-16 06:45:00,MT_196,16166.6666666667,-0.4613059514817819,False,False,0.9749709822928293,False
2012-12-16 11:00:00,MT_196,23041.6666666667,0.9926464433264952,False,False,1.0180107123390312,False
2012-12-16 11:30:00,MT_196,21958.3333333333,0.7577178703598195,False,False,0.9817824012688714,False
2012-12-16 13:00:00,MT_196,21708.3333333333,0.7010509462324281,False,False,0.9900393423948448,False
2012-12-16 20:15:00,MT_196,19541.6666666667,0.4217526600154763,False,False,1.0056869978103566,False
2012-12-16 21:00:00,MT_196,19750.0,0.4590436585833646,False,False,0.9894389045715718,False
2012-12-16 21:15:00,MT_196,19458.3333333333,0.3911168783017099,False,False,0.9952374767689871,False
2012-12-16 23:45:00,MT_196,11583.3333333333,-1.3446402493798626,False,False,1.0470874112194346,False
2012-12-17 10:30:00,MT_196,19083.3333333333,0.39792076795450293,False,False,0.9727044262681911,False
2012-12-17 13:00:00,MT_196,20041.6666666667,0.738060110612725,False,False,0.9747635660504037,False
2012-12-17 21:00:00,MT_196,21000.0,0.8115654511623621,False,False,0.9930208569295976,False
2012-12-18 04:00:00,MT_196,12166.6666666667,-1.491779333775214,False,False,0.9923987169722742,False
2012-12-18 05:15:00,MT_196,13541.6666666667,-1.2159875980330876,False,False,1.0093446706224793,False
2012-12-18 05:30:00,MT_196,15083.3333333333,-0.8240170412924448,False,False,0.9976667430422436,False
2012-12-18 12:45:00,MT_196,24500.0,1.4450927120296697,False,False,1.148287798842896,False
2012-12-18 14:30:00,MT_196,23416.6666666667,1.0667758510145722,False,False,0.9864662802504459,False
2012-12-18 18:15:00,MT_196,25750.0,1.5064387224894742,False,False,1.119411571561638,False
2012-12-18 21:30:00,MT_196,22041.6666666667,0.6045530740517744,False,False,1.0377781523713467,False
2012-12-19 00:30:00,MT_196,16791.6666666667,-0.6620821070777698,False,False,1.0703884511351358,False
2012-12-19 05:30:00,MT_196,13666.6666666667,-1.3659065658257827,False,False,1.0355755751100166,False
2012-12-19 06:00:00,MT_196,14416.6666666667,-1.1784028397412811,False,False,1.007959632092329,False
2012-12-19 06:45:00,MT_196,16208.3333333333,-0.7486121032036932,False,False,0.9568451889345163,False
2012-12-19 10:00:00,MT_196,21708.3333333333,0.5428958947020367,False,False,0.9733011474995253,False
2012-12-19 11:45:00,MT_196,22666.6666666667,0.7835869360872101,False,False,1.0074201749934502,False
2012-12-19 15:15:00,MT_196,22291.6666666667,0.7710075306733435,False,False,0.9888388975192354,False
2012-12-20 03:30:00,MT_196,11750.0,-1.7960315019127098,False,False,1.040390880859662,False
2012-12-20 05:45:00,MT_196,15916.6666666667,-0.7834956328199721,False,False,0.9939715241830169,False
2012-12-20 08:30:00,MT_196,23458.3333333333,1.174099029569442,False,False,1.096218578553213,False
2012-12-20 11:45:00,MT_196,24000.0,1.216469589254988,False,False,1.2258084662604587,False
2012-12-20 18:30:00,MT_196,24541.6666666667,1.0689385483081517,False,False,1.0192494736049333,False
2012-12-20 22:00:00,MT_196,22708.3333333333,0.5766953217536146,False,False,1.048946775416748,False
2012-12-21 00:45:00,MT_196,16916.6666666667,-0.7218681701244687,False,False,1.0569920345957053,False
2012-12-21 07:45:00,MT_196,19750.0,-0.1475872142308752,False,False,1.025676935153734,False
2012-12-21 09:00:00,MT_196,25250.0,1.1565838492656133,False,False,1.1365266831745036,False
2012-12-21 14:30:00,MT_196,24916.6666666667,0.9932010461838923,False,False,0.9896506302689285,False
2012-12-21 14:45:00,MT_196,25958.3333333333,1.2244935856135772,False,False,1.0629243762764098,False
2012-12-21 15:15:00,MT_196,27500.0,1.5567550928593863,False,False,1.1575312828882949,False
2012-12-21 17:30:00,MT_196,26125.0,1.1965009070047896,False,False,1.071408503626167,False
2012-12-21 17:45:00,MT_196,26416.6666666667,1.262072822648154,False,False,1.0774865306511634,False
2012-12-21 19:00:00,MT_196,26750.0,1.300158503433439,False,False,1.0600233846039193,False
2012-12-21 19:45:00,MT_196,23875.0,0.6539310759383722,False,False,0.9859706621794154,False
2012-12-21 22:00:00,MT_196,23583.3333333333,0.5610298191554773,False,False,0.9994905082612364,False
2012-12-21 22:30:00,MT_196,23791.6666666667,0.5969878619642726,False,False,1.0428278723095867,False
2012-12-21 22:45:00,MT_196,22833.3333333333,0.38547206474932083,False,False,1.072478410871093,False
2012-12-22 18:30:00,MT_196,25791.6666666667,1.036444915943339,False,False,0.9847853064155819,False
2012-12-23 01:45:00,MT_196,14125.0,-1.4509798260683313,False,False,1.2353276375378726,False
2012-12-23 06:00:00,MT_196,14375.0,-1.3454824606306053,False,False,1.0531398520907638,False
2012-12-23 08:00:00,MT_196,15041.6666666667,-1.1498402055073969,False,False,1.3768033633109236,False
2012-12-23 09:30:00,MT_196,22916.6666666667,0.479806193916396,False,False,0.9786482457266132,False
2012-12-23 18:15:00,MT_196,24000.0,0.7851976894510887,False,False,0.9946148015669211,False
2012-12-23 19:45:00,MT_196,22541.6666666667,0.49152433905493026,False,False,0.9747369501798328,False
2012-12-23 20:30:00,MT_196,22500.0,0.49251483331555007,False,False,0.9791394781615362,False
2012-12-24 06:00:00,MT_196,15125.0,-0.9446171383394986,False,False,0.9692080905439793,False
2012-12-24 13:15:00,MT_196,24041.6666666667,0.9163351620818713,False,False,0.9973659306046772,False
2012-12-24 16:00:00,MT_196,22333.3333333333,0.5729605870736996,False,False,0.9917312810463658,False
2012-12-24 20:15:00,MT_196,13250.0,-1.3663201374257314,False,False,3.10641174137829,False
2012-12-24 20:45:00,MT_196,12625.0,-1.448213609644496,False,False,3.0889189437229554,False
2012-12-25 02:30:00,MT_196,8958.33333333333,-1.5613835292907714,False,False,1.0101195097830746,False
2012-12-25 05:15:00,MT_196,11375.0,-1.038710882715585,False,False,1.0561577895407674,False
2012-12-25 08:00:00,MT_196,10333.3333333333,-1.0330947852101902,False,False,2.0633216148658597,False
2012-12-25 10:30:00,MT_196,9041.66666666667,-1.075972765771,False,False,2.641747629497743,False
2012-12-25 16:15:00,MT_196,11583.3333333333,-0.20530806011263458,False,False,2.3411602724132665,False
2012-12-25 18:30:00,MT_196,12416.6666666667,0.3725742716823018,False,False,2.382559690003147,False
2012-12-26 02:15:00,MT_196,9083.33333333333,-0.7773244566743158,False,False,2.0398768064558643,False
2012-12-26 05:30:00,MT_196,16083.3333333333,3.1218805575279047,True,False,3.2588181501677362,True
2012-12-26 10:15:00,MT_196,22541.6666666667,2.553123705483807,False,False,2.111848140586637,False
2012-12-26 20:00:00,MT_196,20916.6666666667,0.7576308664274923,False,False,0.9792442700361731,False
2012-12-26 20:30:00,MT_196,19500.0,0.4981792449633322,False,False,0.9829832081583382,False
2012-12-27 02:45:00,MT_196,11208.3333333333,-1.4292182255881427,False,False,1.0149962179955525,False
2012-12-27 03:15:00,MT_196,11416.6666666667,-1.4145926347551165,False,False,1.0251084452868318,False
2012-12-27 04:00:00,MT_196,11208.3333333333,-1.5214253935334596,False,False,0.9948644670142415,False
2012-12-27 09:00:00,MT_196,24541.6666666667,1.3909645866012474,False,False,1.190204117614083,False
2012-12-27 11:30:00,MT_196,20750.0,0.5282164357224177,False,False,0.9686817060874718,False
2012-12-27 13:30:00,MT_196,22416.6666666667,0.8904573626273667,False,False,0.9910517329218499,False
2012-12-28 01:15:00,MT_196,12083.3333333333,-1.4731587270088848,False,False,0.9897924656050786,False
2012-12-28 06:00:00,MT_196,15416.6666666667,-0.6261877868356843,False,False,0.9662469641052858,False
2012-12-28 08:15:00,MT_196,18625.0,0.04956839295674753,False,False,1.0435342963913605,False
2012-12-28 10:30:00,MT_196,20375.0,0.41386208693389953,False,False,0.9700867312640347,False
2012-12-28 11:45:00,MT_196,20916.6666666667,0.5285407408975263,False,False,0.9788431066901473,False
2012-12-28 12:00:00,MT_196,21041.6666666667,0.5571859169788685,False,False,0.9846436374935863,False
2012-12-28 14:45:00,MT_196,21583.3333333333,0.6738236597027772,False,False,0.992272988523732,False
2012-12-28 16:00:00,MT_196,22708.3333333333,0.8946035911856052,False,False,0.9632631901275557,False
2012-12-28 21:30:00,MT_196,19541.6666666667,0.18069824093544998,False,False,0.9968952552738917,False
2012-12-28 23:30:00,MT_196,16250.0,-0.509605189024498,False,False,1.0302237108719852,False
2012-12-29 01:15:00,MT_196,10916.6666666667,-1.5775624476491166,False,False,0.969466092576834,False
2012-12-29 02:30:00,MT_196,8833.33333333333,-1.973178317750316,False,False,1.0212700110433748,False
2012-12-29 04:15:00,MT_196,10875.0,-1.5331692032249271,False,False,0.9745792272820095,False
2012-12-29 07:45:00,MT_196,15916.6666666667,-0.49995447680793365,False,False,1.0104888750022223,False
2012-12-29 11:45:00,MT_196,23625.0,0.9510975785319075,False,False,0.979737846926877,False
2012-12-29 12:15:00,MT_196,23875.0,0.973551090204883,False,False,0.98275808149672,False
2012-12-29 21:00:00,MT_196,20875.0,0.29009584112431697,False,False,0.9902471038161236,False
2012-12-30 02:00:00,MT_196,9000.0,-1.7879703988860138,False,False,0.9849940804480836,False
2012-12-30 12:45:00,MT_196,23625.0,0.8344030757340836,False,False,0.9978101365740293,False
2012-12-30 19:30:00,MT_196,20875.0,0.5551813050368619,False,False,0.9902337117557382,False
2012-12-30 23:30:00,MT_196,15375.0,-0.521249655372584,False,False,1.026207543965003,False
2012-12-31 04:15:00,MT_196,13000.0,-0.9812027825574351,False,False,1.2127526489549219,False
2012-12-31 13:00:00,MT_196,25458.3333333333,1.771822769346657,False,False,1.2859165379849231,False
2012-12-31 13:15:00,MT_196,22041.6666666667,0.9788333163969998,False,False,0.9825103952948436,False
2012-12-31 13:45:00,MT_196,23500.0,1.2969500798775015,False,False,1.0743996324392795,False
2012-12-31 22:00:00,MT_196,11625.0,-1.1448481294568655,False,False,2.1286717106138306,False
2013-01-01 00:45:00,MT_196,9208.33333333333,-1.4119199894400685,False,False,1.0937228174675495,False
2013-01-01 07:15:00,MT_196,10166.6666666667,-1.1936771781809943,False,False,1.9255382090287618,False
2013-01-01 10:00:00,MT_196,8750.0,-1.1797882291991046,False,False,2.7053500096864567,False
2013-01-01 10:30:00,MT_196,9250.0,-1.0475873991057694,False,False,2.658893962522898,False
2013-01-01 12:15:00,MT_196,8750.0,-0.9893091097923985,False,False,2.673554211854343,False
2013-01-01 14:15:00,MT_196,9500.0,-0.7194919588207258,False,False,2.5298023032709556,False
2013-01-01 14:45:00,MT_196,9291.66666666667,-0.7325827370265682,False,False,2.4480478317162406,False
2013-01-01 22:45:00,MT_196,7916.66666666667,-1.3089839179156098,False,False,2.1577896448857827,False
2013-01-02 01:45:00,MT_196,8375.0,-0.8712872500840636,False,False,1.9822228864877056,False
2013-01-02 02:00:00,MT_196,7708.33333333333,-1.2598177478373431,False,False,1.624184294028668,False
2013-01-02 04:15:00,MT_196,9791.66666666667,0.05434237082063229,False,False,2.5111213361846096,False
2013-01-02 05:45:00,MT_196,11666.6666666667,1.6754120933174652,False,False,3.0973082816010393,False
2013-01-02 08:15:00,MT_196,15041.6666666667,3.4061717035529644,True,False,2.9602918036571504,False
2013-01-02 11:00:00,MT_196,18000.0,1.8297774562713345,False,False,2.1910903960328993,False
2013-01-02 11:15:00,MT_196,18875.0,2.0011151212204124,False,False,2.196896724642222,False
2013-01-02 11:45:00,MT_196,18708.3333333333,1.835947943175802,False,False,2.171838667053102,False
2013-01-02 18:45:00,MT_196,22416.6666666667,1.2735408908276349,False,False,1.075048155721825,False
2013-01-02 21:30:00,MT_196,19000.0,0.5125195289119405,False,False,0.9880779181938865,False
2013-01-03 00:30:00,MT_196,11333.3333333333,-1.0709691047525207,False,False,1.0840541605895824,False
2013-01-03 00:45:00,MT_196,10916.6666666667,-1.1653201665995176,False,False,1.0688731335498025,False
2013-01-03 01:30:00,MT_196,7541.66666666667,-1.8560717331525494,False,False,1.28875816296757,False
2013-01-03 02:30:00,MT_196,7958.33333333333,-1.7775692537201708,False,False,1.1239869996089469,False
2013-01-03 08:45:00,MT_196,23500.0,1.264865450780485,False,False,1.127480791277063,False
2013-01-03 09:00:00,MT_196,22250.0,1.00865781791206,False,False,1.0567667829648781,False
2013-01-03 09:30:00,MT_196,21833.3333333333,0.9315907430190205,False,False,1.0377999131305649,False
2013-01-03 14:30:00,MT_196,21083.3333333333,0.8212621940137178,False,False,0.9809622321022705,False
2013-01-03 16:30:00,MT_196,22083.3333333333,1.054618981152542,False,False,0.9894022172153351,False
2013-01-03 19:45:00,MT_196,20083.3333333333,0.6030507756314036,False,False,0.9956984053241472,False
2013-01-03 23:30:00,MT_196,16833.3333333333,-0.0829568172081499,False,False,1.0510596720466918,False
2013-01-04 00:15:00,MT_196,12208.3333333333,-1.0274282040705383,False,False,1.0354363944845335,False
2013-01-04 03:15:00,MT_196,9416.66666666667,-1.6752737556298367,False,False,0.9877456517796803,False
2013-01-04 06:45:00,MT_196,15041.6666666667,-0.5281238608464159,False,False,0.976582320999201,False
2013-01-04 08:00:00,MT_196,14875.0,-0.5586070263562787,False,False,1.0657497283001907,False
2013-01-04 15:45:00,MT_196,22791.6666666667,1.073574160345668,False,False,0.9718594758664707,False
2013-01-04 16:45:00,MT_196,21916.6666666667,0.8804019711638035,False,False,0.9774090232166769,False
2013-01-04 23:15:00,MT_196,16916.6666666667,-0.15856862642484723,False,False,1.0126955342820676,False
2013-01-05 01:15:00,MT_196,9875.0,-1.629051459836507,False,False,0.968133719054554,False
2013-01-05 02:00:00,MT_196,8791.66666666667,-1.8251189250556012,False,False,0.9910829097799959,False
2013-01-05 03:00:00,MT_196,7708.33333333333,-2.037689758342709,False,False,1.2057200479013856,False
2013-01-05 08:30:00,MT_196,22125.0,0.9180695557790713,False,False,1.0554200665053,False
2013-01-05 08:45:00,MT_196,24041.6666666667,1.3061145334409345,False,False,1.1611309363589548,False
2013-01-05 17:45:00,MT_196,21916.6666666667,0.7648420335837035,False,False,1.0001125722065647,False
2013-01-05 23:30:00,MT_196,15416.6666666667,-0.4725989720433838,False,False,1.0444663066694773,False
2013-01-06 00:45:00,MT_196,11416.6666666667,-1.2374372532836078,False,False,1.0097048270085227,False
2013-01-06 04:00:00,MT_196,8208.33333333333,-1.834494582681537,False,False,1.0398941954231373,False
2013-01-06 04:30:00,MT_196,13083.3333333333,-0.9005605192184047,False,False,1.114400075332832,False
2013-01-06 09:15:00,MT_196,23791.6666666667,1.1774217301328787,False,False,1.2054926950332965,False
2013-01-06 13:45:00,MT_196,19791.6666666667,0.42386718817192753,False,False,0.9894922117534232,False
2013-01-06 14:30:00,MT_196,18833.3333333333,0.2524252375855497,False,False,1.061617830515566,False
2013-01-06 17:45:00,MT_196,20250.0,0.5975310498668451,False,False,1.0640374624909974,False
2013-01-06 18:00:00,MT_196,20833.3333333333,0.7207671343391593,False,False,0.999576114333873,False
2013-01-06 19:00:00,MT_196,20666.6666666667,0.731379246596646,False,False,1.003750808190309,False
2013-01-07 06:30:00,MT_196,13166.6666666667,-0.728104093275146,False,False,1.030102911168907,False
2013-01-07 11:00:00,MT_196,18000.0,0.2960878399755799,False,False,1.0018393995302584,False
2013-01-07 12:00:00,MT_196,18000.0,0.33912940106371825,False,False,1.065894367864609,False
2013-01-07 14:00:00,MT_196,21250.0,1.0815933504321973,False,False,0.9960590707082491,False
2013-01-07 14:30:00,MT_196,22541.6666666667,1.3478879315683852,False,False,1.1189337818749625,False
2013-01-07 15:15:00,MT_196,21166.6666666667,1.023056093221557,False,False,0.9699395321413751,False
2013-01-07 16:30:00,MT_196,22333.3333333333,1.2629369375596775,False,False,1.0461450318106904,False
2013-01-08 01:00:00,MT_196,10291.6666666667,-1.362428848349339,False,False,1.0439641922929812,False
2013-01-08 02:00:00,MT_196,8000.0,-1.8545725263916009,False,False,1.030074604684863,False
2013-01-08 05:30:00,MT_196,12625.0,-0.9046579719128238,False,False,0.9982671081814849,False
2013-01-08 06:30:00,MT_196,13666.6666666667,-0.6870111540064197,False,False,1.0032771822684075,False
2013-01-08 13:30:00,MT_196,20875.0,0.7815445861512281,False,False,0.9940883712708642,False
2013-01-08 13:45:00,MT_196,22625.0,1.147878075858678,False,False,1.0288533685830985,False
2013-01-08 14:15:00,MT_196,20625.0,0.7131434481773621,False,False,0.9954276126858346,False
2013-01-08 15:30:00,MT_196,22000.0,0.993455252759611,False,False,0.9868286415334978,False
2013-01-08 21:45:00,MT_196,18500.0,0.20708276434830075,False,False,0.9725564329556359,False
2013-01-09 02:45:00,MT_196,7958.33333333333,-1.8740317065200565,False,False,1.1161280945269838,False
2013-01-09 04:30:00,MT_196,12166.6666666667,-1.0241487977380581,False,False,1.0772735359803773,False
2013-01-09 08:30:00,MT_196,20750.0,0.6533624346893661,False,False,1.0114777685369845,False
2013-01-09 17:15:00,MT_196,21125.0,0.8091115502167229,False,False,0.9986736006035577,False
2013-01-09 20:30:00,MT_196,18250.0,0.2728698337156952,False,False,1.0353804749375466,False
2013-01-10 06:30:00,MT_196,14708.3333333333,-0.5491495850887885,False,False,0.9705182945001637,False
2013-01-10 11:15:00,MT_196,19916.6666666667,0.6236654660715671,False,False,0.9800590308285314,False
2013-01-10 13:30:00,MT_196,20916.6666666667,0.8438509727149617,False,False,0.9962880972623771,False
2013-01-10 15:15:00,MT_196,22208.3333333333,1.1398829075864465,False,False,0.9920884683697861,False
2013-01-10 16:15:00,MT_196,20833.3333333333,0.8374638100368966,False,False,0.9950538270012073,False
2013-01-10 20:00:00,MT_196,18666.6666666667,0.3529877200983827,False,False,1.0369171534831836,False
2013-01-10 21:00:00,MT_196,19541.6666666667,0.5529445393917255,False,False,0.9926177135087512,False
2013-01-10 21:30:00,MT_196,19583.3333333333,0.5630574546105344,False,False,0.989232225168962,False
2013-01-11 00:45:00,MT_196,11583.3333333333,-1.2715691927986297,False,False,0.9789991812712336,False
2013-01-11 02:15:00,MT_196,9833.33333333333,-1.6970239916327265,False,False,0.9795565558931236,False
2013-01-11 16:15:00,MT_196,21500.0,0.9421473691719143,False,False,0.9826001031715691,False
2013-01-11 21:30:00,MT_196,20041.6666666667,0.5443585118717948,False,False,0.987390159492659,False
2013-01-12 01:30:00,MT_196,9333.33333333333,-1.87729219381838,False,False,0.9941718487949514,False
2013-01-12 03:30:00,MT_196,9416.66666666667,-1.8509257574044125,False,False,0.9888622147962682,False
2013-01-12 04:15:00,MT_196,10833.3333333333,-1.532627847574052,False,False,0.9742562143580039,False
2013-01-12 05:00:00,MT_196,10125.0,-1.6747762629470035,False,False,1.0345980534484065,False
2013-01-12 10:30:00,MT_196,21916.6666666667,0.9652683465922661,False,False,0.9854101808806698,False
2013-01-12 13:30:00,MT_196,21083.3333333333,0.6963794348778499,False,False,0.9846061019560797,False
2013-01-12 14:00:00,MT_196,20958.3333333333,0.6621094983976844,False,False,1.015916103198279,False
2013-01-12 20:45:00,MT_196,19083.3333333333,0.2369131762634344,False,False,0.9997268016344859,False
2013-01-13 04:00:00,MT_196,9958.33333333333,-1.633090566838218,False,False,0.9714150198263765,False
2013-01-13 05:30:00,MT_196,12833.3333333333,-1.0678646539740757,False,False,1.017119554984616,False
2013-01-13 06:15:00,MT_196,14708.3333333333,-0.6689067553622011,False,False,0.983414241576598,False
2013-01-13 07:00:00,MT_196,14250.0,-0.7630427226738963,False,False,1.0054399940979428,False
2013-01-13 14:00:00,MT_196,19583.3333333333,0.32938869623713274,False,False,1.02087868524044,False
2013-01-13 15:30:00,MT_196,21083.3333333333,0.6651422387827028,False,False,1.0001514659287405,False
2013-01-13 21:15:00,MT_196,18625.0,0.265966336571248,False,False,0.9972581332871785,False
2013-01-13 23:45:00,MT_196,12583.3333333333,-1.0067953953886624,False,False,0.9860835879124632,False
2013-01-14 01:15:00,MT_196,11083.3333333333,-1.2934771717382758,False,False,0.9662043225301604,False
2013-01-14 02:45:00,MT_196,9791.66666666667,-1.611912143632989,False,False,0.9755658071321747,False
2013-01-14 06:30:00,MT_196,14458.3333333333,-0.6384758747359477,False,False,0.9729949904189624,False
2013-01-14 07:45:00,MT_196,14625.0,-0.6139604070589016,False,False,1.0446316920673977,False
2013-01-14 08:15:00,MT_196,17625.0,0.05460480886414478,False,False,1.0354110922989743,False
2013-01-14 18:45:00,MT_196,23500.0,1.4648238976354793,False,False,1.0679274890186505,False
2013-01-14 23:45:00,MT_196,14708.3333333333,-0.6432109980718813,False,False,1.1121525853686014,False
2013-01-15 10:15:00,MT_196,22291.6666666667,1.0997928316615644,False,False,1.1418087393294738,False
2013-01-15 11:15:00,MT_196,20875.0,0.7820162034023216,False,False,0.9823975744322427,False
2013-01-15 16:15:00,MT_196,22458.3333333333,1.0209087008130675,False,False,0.9689118461030068,False
2013-01-16 04:00:00,MT_196,9333.33333333333,-1.6283673401069767,False,False,0.9701358977863392,False
2013-01-16 05:45:00,MT_196,13041.6666666667,-0.9101156014063703,False,False,1.029502850517419,False
2013-01-16 10:45:00,MT_196,18875.0,0.25316233958659,False,False,1.01737754571996,False
2013-01-16 11:15:00,MT_196,18416.6666666667,0.16771130646611804,False,False,1.0364405386270725,False
2013-01-16 13:15:00,MT_196,21708.3333333333,0.8402458662296863,False,False,0.9606467541003779,False
2013-01-16 14:15:00,MT_196,21958.3333333333,0.8674280691116995,False,False,0.9751593716325972,False
2013-01-16 15:30:00,MT_196,21791.6666666667,0.8478293956570306,False,False,0.9867124315010383,False
2013-01-16 22:15:00,MT_196,18625.0,0.280330016258173,False,False,0.9981718461000162,False
2013-01-16 23:15:00,MT_196,17125.0,-0.0344921179336097,False,False,0.9863315201144655,False
2013-01-17 05:00:00,MT_196,11333.3333333333,-1.292747056874707,False,False,0.9910975189425362,False
2013-01-17 09:00:00,MT_196,22291.6666666667,1.0282899343973022,False,False,1.0634504222400345,False
2013-01-17 09:15:00,MT_196,22000.0,0.9610907086946305,False,False,1.042789486944079,False
2013-01-17 22:30:00,MT_196,17666.6666666667,0.033827937426574084,False,False,0.980926917134341,False
2013-01-17 23:15:00,MT_196,16583.3333333333,-0.19321664895623705,False,False,1.0561745855443232,False
2013-01-18 03:45:00,MT_196,7916.66666666667,-2.0073541564595665,False,False,1.1317235384392297,False
2013-01-18 05:15:00,MT_196,12208.3333333333,-1.1048484175675326,False,False,1.0349848371251376,False
2013-01-18 06:15:00,MT_196,15750.0,-0.3771085430152725,False,False,0.9786744825750667,False
2013-01-18 12:30:00,MT_196,19666.6666666667,0.4748917742358101,False,False,1.0197124531048434,False
2013-01-18 15:15:00,MT_196,22416.6666666667,1.0307653150664038,False,False,0.9754196614843583,False
2013-01-18 16:15:00,MT_196,22625.0,1.0735645587410303,False,False,0.9695878385329166,False
2013-01-18 18:45:00,MT_196,23583.3333333333,1.280583220507314,False,False,1.0636143603354227,False
2013-01-18 19:45:00,MT_196,20416.6666666667,0.5995825172484307,False,False,1.0048771172842768,False
2013-01-18 20:45:00,MT_196,20208.3333333333,0.5456330309435973,False,False,0.9712796360228069,False
2013-01-19 07:45:00,MT_196,12291.6666666667,-0.9539045907962893,False,False,1.5522518150610716,False
2013-01-19 09:45:00,MT_196,22375.0,0.949990686712004,False,False,0.9818032924442609,False
2013-01-19 11:45:00,MT_196,22875.0,0.978716697735898,False,False,0.9791781607890998,False
2013-01-19 12:45:00,MT_196,23333.3333333333,1.0226037474323149,False,False,0.9903180500591554,False
2013-01-19 13:15:00,MT_196,23375.0,1.0220064669366034,False,False,0.9936605433245266,False
2013-01-19 15:00:00,MT_196,23458.3333333333,0.9721771392314571,False,False,0.9781240180326047,False
2013-01-19 15:30:00,MT_196,23375.0,0.9484307927878608,False,False,0.9820039153718066,False
2013-01-19 19:00:00,MT_196,25375.0,1.2131864221983581,False,False,1.05592347773091,False
2013-01-20 04:00:00,MT_196,9083.33333333333,-1.503747384216109,False,False,1.0224186704788316,False
2013-01-20 04:30:00,MT_196,14375.0,-0.6724140492697083,False,False,1.2972576549376715,False
2013-01-20 05:30:00,MT_196,12208.3333333333,-1.077422526724059,False,False,1.0302173870578215,False
2013-01-20 11:45:00,MT_196,26791.6666666667,1.4568688696669188,False,False,1.2806215918626338,False
2013-01-20 12:15:00,MT_196,23791.6666666667,0.9039343593976374,False,False,0.98655642127708,False
2013-01-20 16:30:00,MT_196,22541.6666666667,0.8138279051732212,False,False,0.9877842293423622,False
2013-01-20 23:45:00,MT_196,12750.0,-0.957074553257717,False,False,0.975750242659343,False
2013-01-21 01:45:00,MT_196,9458.33333333333,-1.5847580743425684,False,False,0.9763825864886434,False
2013-01-21 03:30:00,MT_196,9666.66666666667,-1.5445646508137645,False,False,0.9648966429892947,False
2013-01-21 08:00:00,MT_196,15500.0,-0.39950893987780356,False,False,1.0164017116613817,False
2013-01-21 09:00:00,MT_196,22458.3333333333,1.0162049403514983,False,False,1.1462242816093717,False
2013-01-21 09:45:00,MT_196,24000.0,1.3340927769444721,False,False,1.2554533753258936,False
2013-01-21 10:00:00,MT_196,22458.3333333333,1.0090547292115377,False,False,1.172988539440904,False
2013-01-21 11:30:00,MT_196,20125.0,0.5793816982469281,False,False,0.9970153295268235,False
2013-01-21 15:15:00,MT_196,21750.0,0.9371377879042038,False,False,0.9648137516586721,False
2013-01-21 16:45:00,MT_196,21958.3333333333,0.9635567940397377,False,False,1.0085648477045683,False
2013-01-21 21:45:00,MT_196,20333.3333333333,0.5411252469830765,False,False,0.9881949418272886,False
2013-01-22 00:30:00,MT_196,13833.3333333333,-0.8271853026690235,False,False,0.9945415903602673,False
2013-01-22 01:00:00,MT_196,12541.6666666667,-1.1118298746863637,False,False,0.970941534377509,False
2013-01-22 02:30:00,MT_196,10583.3333333333,-1.6073436147043476,False,False,0.977999419838517,False
2013-01-22 04:45:00,MT_196,11625.0,-1.4297576304889343,False,False,1.0042634266890536,False
2013-01-22 07:30:00,MT_196,15666.6666666667,-0.5407898050404155,False,False,0.9931112154984435,False
2013-01-22 08:30:00,MT_196,22833.3333333333,1.032623891067456,False,False,1.1228446804816343,False
2013-01-22 11:30:00,MT_196,20541.6666666667,0.49277038435339343,False,False,0.9787472390209002,False
2013-01-22 15:15:00,MT_196,22833.3333333333,0.9361131503882684,False,False,0.9720897037442411,False
2013-01-22 18:30:00,MT_196,25583.3333333333,1.4842942647334179,False,False,1.1218669997801607,False
2013-01-22 21:45:00,MT_196,18916.6666666667,0.08710375372506277,False,False,0.9868976528957049,False
2013-01-22 22:00:00,MT_196,19083.3333333333,0.12496348191468758,False,False,0.9838201974799209,False
2013-01-23 00:00:00,MT_196,11750.0,-1.3971911350399604,False,False,1.069635660364182,False
2013-01-23 00:45:00,MT_196,11208.3333333333,-1.4757293040900903,False,False,1.0055371726638707,False
2013-01-23 03:30:00,MT_196,10000.0,-1.6325501988194397,False,False,0.9720927648006795,False
2013-01-23 06:00:00,MT_196,13708.3333333333,-0.8959902049420897,False,False,1.0041691972089315,False
2013-01-23 06:15:00,MT_196,14041.6666666667,-0.8260342873116726,False,False,0.991122883287752,False
2013-01-23 08:45:00,MT_196,22666.6666666667,0.8878166838271733,False,False,1.045986126046369,False
2013-01-23 10:00:00,MT_196,22666.6666666667,0.9041908538924629,False,False,1.048557196773616,False
2013-01-23 11:15:00,MT_196,18041.6666666667,0.006706382048067127,False,False,1.1002489965133124,False
2013-01-23 16:15:00,MT_196,21750.0,0.8030824280228511,False,False,0.9736996170006159,False
2013-01-23 16:30:00,MT_196,24875.0,1.4461404295533118,False,False,1.119235702062116,False
2013-01-23 19:30:00,MT_196,18583.3333333333,0.15692171838477875,False,False,1.151674991897779,False
2013-01-23 21:00:00,MT_196,18916.6666666667,0.24287731603823937,False,False,1.00907490661449,False
2013-01-24 01:00:00,MT_196,12458.3333333333,-1.081480134642929,False,False,1.036767583131251,False
2013-01-24 02:30:00,MT_196,9333.33333333333,-1.7505306856439913,False,False,1.014394771193423,False
2013-01-24 03:00:00,MT_196,8916.66666666667,-1.8411424720687577,False,False,1.037833736334947,False
2013-01-24 03:30:00,MT_196,9000.0,-1.8145434820845108,False,False,1.011678738679662,False
2013-01-24 06:00:00,MT_196,14750.0,-0.6152971480340514,False,False,1.011946115410919,False
2013-01-24 07:45:00,MT_196,15041.6666666667,-0.5721156553198384,False,False,1.019576173189806,False
2013-01-24 11:15:00,MT_196,18791.6666666667,0.2061113862508142,False,False,1.0142264443261009,False
2013-01-24 18:15:00,MT_196,25708.3333333333,1.7905392676522807,False,False,1.3971920726286433,False
2013-01-24 19:30:00,MT_196,22500.0,1.0448091776186808,False,False,1.0395273064086712,False
2013-01-24 22:30:00,MT_196,18041.6666666667,0.025484396041712765,False,False,0.9737300905048313,False
2013-01-25 02:30:00,MT_196,7791.66666666667,-2.0364359776265766,False,False,1.2874118909687107,False
2013-01-25 03:15:00,MT_196,11500.0,-1.281932587344751,False,False,1.0879991168195093,False
2013-01-25 05:45:00,MT_196,13916.6666666667,-0.8515438272090823,False,False,1.0046543505915206,False
2013-01-25 06:15:00,MT_196,14541.6666666667,-0.7217442874307317,False,False,0.9772310509602032,False
2013-01-25 11:30:00,MT_196,22416.6666666667,0.8889115637724088,False,False,1.0137601179111904,False
2013-01-25 14:30:00,MT_196,22250.0,0.791933317129939,False,False,0.9666039140602595,False
2013-01-25 15:00:00,MT_196,23750.0,1.0707848817841872,False,False,0.9822546590834272,False
2013-01-25 18:15:00,MT_196,24041.6666666667,1.074669096194133,False,False,1.0186595157794254,False
2013-01-25 22:45:00,MT_196,18250.0,-0.06172642020321377,False,False,0.998449199192339,False
2013-01-26 02:15:00,MT_196,10666.6666666667,-1.6539824809608294,False,False,0.9825631349222482,False
2013-01-26 13:30:00,MT_196,22083.3333333333,0.6429161031688857,False,False,0.9780536117242895,False
2013-01-26 14:45:00,MT_196,23833.3333333333,0.9885539654195398,False,False,0.9802386255976427,False
2013-01-26 15:45:00,MT_196,23541.6666666667,0.9200488389009397,False,False,0.9827905413286926,False
2013-01-26 19:00:00,MT_196,24250.0,1.0730317057925471,False,False,1.0209958878212921,False
2013-01-26 21:00:00,MT_196,22375.0,0.6870888705736901,False,False,1.0353041354102601,False
2013-01-26 23:30:00,MT_196,17000.0,-0.39539211060288476,False,False,1.0383890471529413,False
2013-01-27 03:15:00,MT_196,9625.0,-1.8238955244898825,False,False,0.9770537052108663,False
2013-01-27 05:00:00,MT_196,12125.0,-1.314439388884576,False,False,1.0123735990611764,False
2013-01-27 05:30:00,MT_196,13375.0,-1.0782351475098237,False,False,1.0078482491236909,False
2013-01-27 09:00:00,MT_196,21916.6666666667,0.592271588838017,False,False,1.0247281094246172,False
2013-01-27 10:45:00,MT_196,22500.0,0.701131151457224,False,False,0.9612942892051517,False
2013-01-27 19:15:00,MT_196,21333.3333333333,0.4769613048186706,False,False,0.979537645520176,False
2013-01-27 20:30:00,MT_196,21416.6666666667,0.5103327024982712,False,False,0.9620245000339853,False
2013-01-28 06:30:00,MT_196,15833.3333333333,-0.4611423916876373,False,False,1.0024220968588393,False
2013-01-28 07:30:00,MT_196,14208.3333333333,-0.7631562037241206,False,False,1.065776657449548,False
2013-01-28 11:15:00,MT_196,20083.3333333333,0.3205539104321029,False,False,0.9632127708423367,False
2013-01-28 15:30:00,MT_196,21791.6666666667,0.7343532686513272,False,False,0.9666451827771088,False
2013-01-28 18:30:00,MT_196,24500.0,1.2884679682375453,False,False,0.9937226575783009,False
2013-01-29 01:45:00,MT_196,9208.33333333333,-1.779674285935,False,False,0.9937158186606354,False
2013-01-29 04:15:00,MT_196,10041.6666666667,-1.592568241169823,False,False,0.9566752681553689,False
2013-01-29 05:00:00,MT_196,10916.6666666667,-1.4142886506450807,False,False,1.0493301124117944,False
2013-01-29 06:30:00,MT_196,14958.3333333333,-0.615731078406882,False,False,0.9790441845120706,False
2013-01-29 11:30:00,MT_196,20958.3333333333,0.5810412413382883,False,False,0.9800310906552143,False
2013-01-29 11:45:00,MT_196,20458.3333333333,0.48151130836775496,False,False,0.9819680457394664,False
2013-01-29 14:00:00,MT_196,21416.6666666667,0.6669088095059541,False,False,0.994861401655017,False
2013-01-29 21:30:00,MT_196,20000.0,0.3408305686301656,False,False,0.9747657328184527,False
2013-01-30 00:15:00,MT_196,13541.6666666667,-0.9332988338124495,False,False,0.9994973741560924,False
2013-01-30 01:45:00,MT_196,10875.0,-1.4761798160353414,False,False,0.9755970048306655,False
2013-01-30 02:15:00,MT_196,10583.3333333333,-1.5610524757996964,False,False,0.9702266766385007,False
2013-01-30 03:45:00,MT_196,8833.33333333333,-1.9450621251428373,False,False,1.0139520297577331,False
2013-01-30 04:15:00,MT_196,10875.0,-1.5410559864677729,False,False,0.9718562722805475,False
2013-01-30 05:15:00,MT_196,12000.0,-1.3217082085119443,False,False,1.0172101253341466,False
2013-01-30 07:15:00,MT_196,15250.0,-0.6604076324088697,False,False,0.9871401151053013,False
2013-01-30 13:30:00,MT_196,21458.3333333333,0.6299375345558882,False,False,0.9703274775001374,False
2013-01-30 22:30:00,MT_196,18750.0,0.11658315004644347,False,False,0.9796116681779469,False
2013-01-31 03:00:00,MT_196,9708.33333333333,-1.799432974602797,False,False,0.9955581301664426,False
2013-01-31 05:15:00,MT_196,12500.0,-1.2438995486755606,False,False,0.9893252167261362,False
2013-01-31 07:30:00,MT_196,15125.0,-0.6651835877057272,False,False,1.005220571707252,False
2013-01-31 10:45:00,MT_196,18250.0,0.056972623140779964,False,False,1.0399224916166463,False
2013-01-31 15:00:00,MT_196,21875.0,0.9171160511742127,False,False,0.9770561948571537,False
2013-01-31 18:15:00,MT_196,23625.0,1.3125873912419248,False,False,1.070280582389366,False
2013-02-01 00:00:00,MT_196,13208.3333333333,-1.0583927660609467,False,False,1.0551499301773961,False
2013-02-01 00:45:00,MT_196,12333.3333333333,-1.2576401152230305,False,False,0.984652984714912,False
2013-02-01 01:00:00,MT_196,11458.3333333333,-1.4502664993942855,False,False,0.9886044000489351,False
2013-02-01 04:00:00,MT_196,9875.0,-1.759743514970566,False,False,0.9771503692567721,False
2013-02-01 05:45:00,MT_196,14000.0,-0.8474128562720937,False,False,1.0030559685081202,False
2013-02-01 10:30:00,MT_196,20000.0,0.4690536247828481,False,False,0.9754268855927996,False
2013-02-01 13:00:00,MT_196,22375.0,0.9900163187893698,False,False,1.002291663131215,False
2013-02-01 14:15:00,MT_196,21500.0,0.798452545810527,False,False,0.9830707678293246,False
2013-02-01 21:30:00,MT_196,20916.6666666667,0.660086552738618,False,False,0.9951705595638868,False
2013-02-01 22:00:00,MT_196,19000.0,0.2386173707753338,False,False,0.9871077628901517,False
2013-02-02 09:45:00,MT_196,23000.0,1.0308719369656694,False,False,1.0216206489543609,False
2013-02-02 13:30:00,MT_196,22208.3333333333,0.7160762264138244,False,False,0.9736893619114753,False
2013-02-02 18:45:00,MT_196,24416.6666666667,1.0678287652661846,False,False,0.9988173978521963,False
2013-02-02 19:00:00,MT_196,24500.0,1.0801580450910904,False,False,1.0222171921423644,False
2013-02-02 20:15:00,MT_196,21083.3333333333,0.43634931526418036,False,False,0.9724824886424743,False
2013-02-02 21:45:00,MT_196,19666.6666666667,0.17131580345005795,False,False,0.9845509451536854,False
2013-02-03 01:15:00,MT_196,10541.6666666667,-1.5040967910838543,False,False,0.9865759505113786,False
2013-02-03 04:00:00,MT_196,9541.66666666667,-1.6815116700765815,False,False,0.9603198902208088,False
2013-02-03 16:15:00,MT_196,20916.6666666667,0.5258516329683572,False,False,0.9962396853048942,False
2013-02-03 16:30:00,MT_196,20625.0,0.4785817911222691,False,False,1.0071011281479796,False
2013-02-04 07:00:00,MT_196,14500.0,-0.5352790302146264,False,False,0.9988784266977492,False
2013-02-04 08:45:00,MT_196,23041.6666666667,1.1299264108808802,False,False,1.1607276614767277,False
2013-02-04 09:15:00,MT_196,21583.3333333333,0.8384705427315969,False,False,1.095941393769978,False
2013-02-04 12:45:00,MT_196,20375.0,0.7495457119623294,False,False,0.9717891600000457,False
2013-02-04 13:00:00,MT_196,22666.6666666667,1.247305275683778,False,False,1.0528008928173092,False
2013-02-05 03:00:00,MT_196,10833.3333333333,-1.5044072874822714,False,False,0.9993379333335884,False
2013-02-05 03:30:00,MT_196,11375.0,-1.4236258191230142,False,False,0.9985062605410633,False
2013-02-05 07:30:00,MT_196,16875.0,-0.25703940124386415,False,False,1.0155749226762638,False
2013-02-05 08:15:00,MT_196,16250.0,-0.4288203405571128,False,False,1.0423556434922123,False
2013-02-05 09:30:00,MT_196,23791.6666666667,1.4288644641090178,False,False,1.2894542867696317,False
2013-02-05 09:45:00,MT_196,24125.0,1.4976612745858358,False,False,1.3197924257152687,False
2013-02-05 11:15:00,MT_196,21125.0,0.712011803186489,False,False,0.9806080628373954,False
2013-02-05 17:15:00,MT_196,22583.3333333333,0.9630005471980585,False,False,0.9682889843900816,False
2013-02-05 20:00:00,MT_196,20708.3333333333,0.511210260117837,False,False,0.9693656299099666,False
2013-02-05 22:30:00,MT_196,17916.6666666667,-0.11903512041847747,False,False,0.9905697454380663,False
2013-02-06 06:45:00,MT_196,15125.0,-0.6805312821474241,False,False,0.9694135922396847,False
2013-02-06 11:00:00,MT_196,18958.3333333333,0.1966772578293348,False,False,1.0115408032293431,False
2013-02-06 13:45:00,MT_196,20625.0,0.6190129759097568,False,False,0.9839217797422543,False
2013-02-06 17:45:00,MT_196,22625.0,1.134523686388025,False,False,1.0180586669551677,False
2013-02-06 18:00:00,MT_196,22500.0,1.103411647232809,False,False,1.0045256130808902,False
2013-02-06 18:15:00,MT_196,22958.3333333333,1.2055722620395746,False,False,1.0374932915847719,False
2013-02-06 21:30:00,MT_196,20125.0,0.5599640417234226,False,False,0.9863440383227468,False
2013-02-07 05:15:00,MT_196,12250.0,-1.3146559300925922,False,False,0.9977735934337789,False
2013-02-07 05:45:00,MT_196,13625.0,-0.9872913419787006,False,False,1.0033467297708956,False
2013-02-07 06:30:00,MT_196,15083.3333333333,-0.6254499537934184,False,False,0.9492433944641344,False
2013-02-07 12:30:00,MT_196,20666.6666666667,0.6711827048436236,False,False,0.9896607292996318,False
2013-02-07 15:45:00,MT_196,21125.0,0.7551020423233911,False,False,0.9758017086566158,False
2013-02-07 17:00:00,MT_196,21250.0,0.8037017343493754,False,False,0.9855264131085875,False
2013-02-07 20:00:00,MT_196,19125.0,0.3258112486709001,False,False,1.0301848778626717,False
2013-02-07 22:00:00,MT_196,19208.3333333333,0.3792436294379776,False,False,0.9699069442847407,False
2013-02-07 23:15:00,MT_196,16416.6666666667,-0.2773530481321911,False,False,1.0763501363297272,False
2013-02-08 03:30:00,MT_196,9208.33333333333,-1.8014204936385714,False,False,1.0084334714688326,False
2013-02-08 04:00:00,MT_196,8958.33333333333,-1.8212867862483422,False,False,1.0254577948650605,False
2013-02-08 05:15:00,MT_196,12208.3333333333,-1.0953255863048157,False,False,1.0360232977993755,False
2013-02-08 07:45:00,MT_196,13791.6666666667,-0.7560880983998385,False,False,1.1179414784583916,False
2013-02-08 09:15:00,MT_196,22083.3333333333,1.0241559846168702,False,False,1.1100624341189766,False
2013-02-08 10:15:00,MT_196,21625.0,0.9405751019316831,False,False,1.0720204399551025,False
2013-02-08 14:45:00,MT_196,22083.3333333333,0.9908226749837984,False,False,0.97586905633204,False
2013-02-08 16:00:00,MT_196,22916.6666666667,1.159265594620579,False,False,0.9713293768960668,False
2013-02-09 02:30:00,MT_196,8333.33333333333,-1.9357443607143845,False,False,1.037924540894929,False
2013-02-09 03:45:00,MT_196,8458.33333333333,-1.8997273057246864,False,False,1.0594886422708159,False
2013-02-09 07:30:00,MT_196,14125.0,-0.7403611750456814,False,False,1.140303665887199,False
2013-02-09 08:45:00,MT_196,24250.0,1.3205965326704654,False,False,1.1675366932364524,False
2013-02-09 10:15:00,MT_196,22625.0,0.9683108491296872,False,False,0.9828982681041172,False
2013-02-09 12:15:00,MT_196,24000.0,1.1904460413919855,False,False,1.046863347548366,False
2013-02-09 12:30:00,MT_196,23083.3333333333,0.9992205265478462,False,False,0.9788533744879698,False
2013-02-09 17:30:00,MT_196,21875.0,0.7101948699444461,False,False,1.0085001637973454,False
2013-02-09 22:15:00,MT_196,19791.6666666667,0.3252571777104784,False,False,0.9884579035101554,False
2013-02-09 22:45:00,MT_196,19541.6666666667,0.2755035377999099,False,False,0.971364254089644,False
2013-02-09 23:00:00,MT_196,18416.6666666667,0.05720895592465706,False,False,0.9896488638258865,False
2013-02-09 23:15:00,MT_196,17166.6666666667,-0.18350558600358594,False,False,1.017158300473688,False
2013-02-10 07:45:00,MT_196,15666.6666666667,-0.4880223149660764,False,False,0.9940629233048504,False
2013-02-10 16:45:00,MT_196,19583.3333333333,0.30906198161508136,False,False,1.0962676725173752,False
2013-02-11 05:00:00,MT_196,10833.3333333333,-1.2841583738831568,False,False,1.0782230957180865,False
2013-02-11 14:45:00,MT_196,20958.3333333333,0.8185715388217226,False,False,0.9597339325537908,False
2013-02-11 17:00:00,MT_196,24666.6666666667,1.460152098031887,False,False,1.0453462043654886,False
2013-02-11 21:15:00,MT_196,20041.6666666667,0.46023453322737323,False,False,0.9721768074373419,False
2013-02-11 23:30:00,MT_196,16000.0,-0.3412970949620645,False,False,1.06876122881893,False
2013-02-12 01:00:00,MT_196,11041.6666666667,-1.3082185727843918,False,False,0.9990954586214676,False
2013-02-12 01:15:00,MT_196,10458.3333333333,-1.4194422758392264,False,False,1.0228393205306319,False
2013-02-12 04:45:00,MT_196,11500.0,-1.2561133707655108,False,False,1.0199363876530612,False
2013-02-12 05:45:00,MT_196,13375.0,-0.8899679623835187,False,False,0.9938693780028007,False
2013-02-12 10:30:00,MT_196,19583.3333333333,0.34195276280703785,False,False,0.9808724220078109,False
2013-02-12 11:45:00,MT_196,19875.0,0.4001428420471608,False,False,0.9935560211851086,False
2013-02-12 12:15:00,MT_196,20416.6666666667,0.5079490910587808,False,False,0.9853083761518202,False
2013-02-12 15:30:00,MT_196,24125.0,1.3001484983776792,False,False,1.025157444300723,False
2013-02-12 15:45:00,MT_196,22875.0,1.0404042127561843,False,False,0.9834744920781333,False
2013-02-12 21:00:00,MT_196,18708.3333333333,0.23245470436915217,False,False,1.0072952783887767,False
2013-02-12 23:30:00,MT_196,15833.3333333333,-0.3363109838505268,False,False,1.0721699259955122,False
2013-02-13 08:45:00,MT_196,21000.0,0.7360016804225984,False,False,0.9973179007051172,False
2013-02-13 10:45:00,MT_196,18500.0,0.1840179161917409,False,False,1.0319272123296421,False
2013-02-13 14:30:00,MT_196,20625.0,0.7105851912191641,False,False,0.9916294901707291,False
2013-02-13 16:15:00,MT_196,21541.6666666667,0.982223519829165,False,False,0.9752718902423688,False
2013-02-13 17:30:00,MT_196,21958.3333333333,1.1235151104338799,False,False,1.0131601431507522,False
2013-02-13 18:00:00,MT_196,20458.3333333333,0.7458487296643678,False,False,1.0017136729143772,False
2013-02-13 23:30:00,MT_196,16500.0,-0.24453116795393345,False,False,1.0171312877751786,False
2013-02-14 03:30:00,MT_196,11291.6666666667,-1.5909379055087935,False,False,0.9821079082760258,False
2013-02-14 05:45:00,MT_196,12875.0,-1.2051526208401773,False,False,1.0117968396252486,False
2013-02-14 11:30:00,MT_196,19166.6666666667,0.4058580406215006,False,False,0.9910827606485904,False
2013-02-14 12:15:00,MT_196,21125.0,0.9033753945562906,False,False,0.9971849258475178,False
2013-02-14 19:15:00,MT_196,20041.6666666667,0.6542766204439402,False,False,0.9967896831203863,False
2013-02-15 02:30:00,MT_196,10125.0,-1.8228706334088363,False,False,0.9758104035559874,False
2013-02-15 06:30:00,MT_196,14833.3333333333,-0.595123626589277,False,False,0.9669886188803101,False
2013-02-15 06:45:00,MT_196,16291.6666666667,-0.24160781690377486,False,False,1.03073555597338,False
2013-02-15 22:15:00,MT_196,17791.6666666667,0.06641933493093127,False,False,0.9813880446886637,False
2013-02-16 01:15:00,MT_196,10541.6666666667,-1.6463985812790924,False,False,0.9663445102810432,False
2013-02-16 05:00:00,MT_196,10125.0,-1.5710628502672965,False,False,1.0127283127384477,False
2013-02-16 05:15:00,MT_196,11875.0,-1.1848074301350744,False,False,1.0253571038437257,False
2013-02-16 05:30:00,MT_196,12041.6666666667,-1.147897153428703,False,False,1.0560882023547296,False
2013-02-16 06:45:00,MT_196,14791.6666666667,-0.5464120215965653,False,False,1.0078303619357099,False
2013-02-16 11:15:00,MT_196,22083.3333333333,0.9461720070079418,False,False,0.9802505787909123,False
2013-02-16 13:15:00,MT_196,22500.0,0.9622757126234914,False,False,0.9703287048530291,False
2013-02-16 18:15:00,MT_196,22000.0,0.8142997135899744,False,False,0.978908327128836,False
2013-02-16 21:15:00,MT_196,19625.0,0.3053882238205114,False,False,0.9867373960975422,False
2013-02-16 22:30:00,MT_196,19083.3333333333,0.19608886830540048,False,False,0.9741390751048202,False
2013-02-17 11:00:00,MT_196,21375.0,0.672804929771528,False,False,0.9844491450358197,False
2013-02-17 13:45:00,MT_196,19916.6666666667,0.3980672064150812,False,False,0.9879160084694636,False
2013-02-17 15:00:00,MT_196,19041.6666666667,0.23924233112410023,False,False,1.0998146135083449,False
2013-02-17 17:00:00,MT_196,20666.6666666667,0.6538518967967426,False,False,0.9884177071426553,False
2013-02-17 18:00:00,MT_196,22375.0,1.0610308015626297,False,False,1.0421665067613313,False
2013-02-17 19:15:00,MT_196,19916.6666666667,0.5254573691427636,False,False,1.000144126869269,False
2013-02-17 20:30:00,MT_196,18916.6666666667,0.3147220113702939,False,False,1.0164671502333782,False
2013-02-18 03:15:00,MT_196,10833.3333333333,-1.6383787133818146,False,False,0.9843506916002558,False
2013-02-18 04:00:00,MT_196,11166.6666666667,-1.6009711637722304,False,False,0.9711085181094311,False
2013-02-18 11:45:00,MT_196,18416.6666666667,0.2708605670457904,False,False,1.0274412270085556,False
2013-02-18 15:30:00,MT_196,19666.6666666667,0.6903086274469858,False,False,0.9898640460482893,False
2013-02-18 18:00:00,MT_196,19375.0,0.6713490647853598,False,False,1.0552741474993816,False
2013-02-18 18:30:00,MT_196,21125.0,1.2028491988686032,False,False,1.0286359434831436,False
2013-02-18 19:00:00,MT_196,21625.0,1.3332377092672665,False,False,1.0722242670429003,False
2013-02-18 20:15:00,MT_196,18291.6666666667,0.3838235539905254,False,False,1.0130209601870241,False
2013-02-18 20:30:00,MT_196,17416.6666666667,0.12765086332637182,False,False,1.1571998203711291,False
2013-02-19 00:15:00,MT_196,12750.0,-1.2595916232357423,False,False,0.9780309038893666,False
2013-02-19 00:30:00,MT_196,11375.0,-1.6619622484235794,False,False,1.0882149663824636,False
2013-02-19 06:45:00,MT_196,15500.0,-0.3044184240103163,False,False,1.0143851713477792,False
2013-02-19 11:00:00,MT_196,19125.0,0.6282091507034215,False,False,0.975972233442773,False
2013-02-19 11:45:00,MT_196,19458.3333333333,0.7047575086069666,False,False,0.9802862334609507,False
2013-02-19 14:45:00,MT_196,20083.3333333333,0.8461983034283723,False,False,0.9946141529272363,False
2013-02-19 18:00:00,MT_196,19541.6666666667,0.645965590825325,False,False,1.0290507398666284,False
2013-02-19 19:00:00,MT_196,20500.0,0.8870379756284652,False,False,1.029068175640653,False
2013-02-19 20:30:00,MT_196,18000.0,0.2736984900896826,False,False,0.9986849375081174,False
2013-02-20 03:00:00,MT_196,9916.66666666667,-1.7854302862382347,False,False,0.9886335945433223,False
2013-02-20 04:30:00,MT_196,13166.6666666667,-1.0135154368632584,False,False,1.0671630488085206,False
2013-02-20 05:15:00,MT_196,11458.3333333333,-1.4466567747572658,False,False,1.0180927989078004,False
2013-02-20 08:45:00,MT_196,20625.0,0.9592819309472197,False,False,1.0843682792550415,False
2013-02-20 14:15:00,MT_196,20000.0,0.9031864990320535,False,False,0.984403049757059,False
2013-02-20 15:30:00,MT_196,19083.3333333333,0.6720507569203037,False,False,1.0102528364448984,False
2013-02-20 22:45:00,MT_196,16416.6666666667,-0.03082543735332125,False,False,0.9987243213403665,False
2013-02-20 23:00:00,MT_196,17166.6666666667,0.17734541792495181,False,False,0.9988202160480893,False
2013-02-21 00:30:00,MT_196,11708.3333333333,-1.3542067967503595,False,False,1.0027947281534018,False
2013-02-21 01:00:00,MT_196,10791.6666666667,-1.6174209798683168,False,False,0.9693493336515837,False
2013-02-21 02:15:00,MT_196,11250.0,-1.4921059563647805,False,False,1.0243875622173668,False
2013-02-21 02:30:00,MT_196,10250.0,-1.776526724461723,False,False,0.999292946503914,False
2013-02-21 07:30:00,MT_196,15250.0,-0.4030534404195938,False,False,1.009536988583894,False
2013-02-21 10:15:00,MT_196,19916.6666666667,0.9253384317850952,False,False,1.0462888835208626,False
2013-02-21 14:45:00,MT_196,20541.6666666667,1.077172835341211,False,False,1.0131827197174086,False
2013-02-21 21:15:00,MT_196,18500.0,0.4302750306437733,False,False,0.9901095339301917,False
2013-02-21 22:15:00,MT_196,17333.3333333333,0.10809115917776779,False,False,0.9783652983278084,False
2013-02-22 11:45:00,MT_196,20416.6666666667,0.8312847879338237,False,False,1.0152080556525243,False
2013-02-22 17:45:00,MT_196,24458.3333333333,1.5216306533599575,False,False,1.1587260738667875,False
2013-02-22 19:45:00,MT_196,19625.0,0.42747348181081907,False,False,1.0598200440858712,False
2013-02-22 20:00:00,MT_196,19166.6666666667,0.3300601470871881,False,False,1.0828553130015353,False
2013-02-22 21:30:00,MT_196,17958.3333333333,0.07666642562032489,False,False,1.0091285255654932,False
2013-02-22 22:00:00,MT_196,18000.0,0.08742551832139948,False,False,0.9786505030353438,False
2013-02-22 23:15:00,MT_196,16625.0,-0.19780882028343033,False,False,1.0238181605339154,False
2013-02-23 01:15:00,MT_196,11125.0,-1.359077080386855,False,False,0.985402789411826,False
2013-02-23 05:45:00,MT_196,14750.0,-0.5865103999100264,False,False,1.0200814272777212,False
2013-02-23 06:30:00,MT_196,15875.0,-0.3546624310429208,False,False,0.9910490785129541,False
2013-02-23 14:45:00,MT_196,21291.6666666667,0.6920256381895447,False,False,1.0154651576029212,False
2013-02-23 17:15:00,MT_196,23416.6666666667,1.1122111379239983,False,False,0.9880541790426053,False
2013-02-23 19:00:00,MT_196,23958.3333333333,1.2446340496826414,False,False,1.1276523924411401,False
2013-02-23 20:00:00,MT_196,20208.3333333333,0.4704113132303858,False,False,0.9875072582376007,False
2013-02-23 20:30:00,MT_196,19500.0,0.3248117943666861,False,False,0.9902635950857114,False
2013-02-23 22:00:00,MT_196,17916.6666666667,-0.008436507192987958,False,False,0.988320643115452,False
2013-02-24 02:45:00,MT_196,8958.33333333333,-1.762380064073963,False,False,0.9874148200771055,False
2013-02-24 05:00:00,MT_196,9791.66666666667,-1.5733984050414977,False,False,1.0157796004380957,False
2013-02-24 06:15:00,MT_196,14625.0,-0.621860345654662,False,False,0.9892389328718653,False
2013-02-24 07:30:00,MT_196,13958.3333333333,-0.7387227308945957,False,False,1.0731635156774912,False
2013-02-24 14:00:00,MT_196,19000.0,0.28618564162208177,False,False,1.044680258948199,False
2013-02-25 00:30:00,MT_196,11208.3333333333,-1.1980807938143054,False,False,1.0078708580477687,False
2013-02-25 01:45:00,MT_196,8958.33333333333,-1.6719583474218809,False,False,1.0026912829564165,False
2013-02-25 07:00:00,MT_196,14666.6666666667,-0.4653987443387076,False,False,1.007906691439358,False
2013-02-25 10:45:00,MT_196,18208.3333333333,0.28435372063736386,False,False,0.9756251034641118,False
2013-02-25 16:00:00,MT_196,20791.6666666667,0.9573811878883018,False,False,0.9899444899587607,False
2013-02-25 19:00:00,MT_196,21125.0,1.026528527715999,False,False,0.9910074595842423,False
2013-02-25 22:45:00,MT_196,16500.0,0.015552122501286576,False,False,1.0111784602459268,False
2013-02-25 23:15:00,MT_196,16125.0,-0.08392555756000962,False,False,1.029806720339871,False
2013-02-26 13:45:00,MT_196,20583.3333333333,0.8735675389656945,False,False,0.9835171236944839,False
2013-02-26 21:00:00,MT_196,17125.0,0.0054406303508726175,False,False,1.1053381780366682,False
2013-02-26 23:30:00,MT_196,13666.6666666667,-0.815782740704427,False,False,1.0484744126311472,False
2013-02-26 23:45:00,MT_196,12875.0,-0.997511487413352,False,False,0.9896243367741481,False
2013-02-27 04:15:00,MT_196,9750.0,-1.4755605119783264,False,False,0.9660144071019857,False
2013-02-27 08:30:00,MT_196,21458.3333333333,1.031394158220538,False,False,1.095535146776335,False
2013-02-27 09:15:00,MT_196,24708.3333333333,1.7201710378831567,False,False,1.6048356978941043,False
2013-02-27 10:00:00,MT_196,22375.0,1.225795282911803,False,False,1.2219899211344085,False
2013-02-27 11:45:00,MT_196,19291.6666666667,0.6071546664273102,False,False,0.9778485421585967,False
2013-02-27 12:30:00,MT_196,19125.0,0.573131695057892,False,False,0.9978510741627661,False
2013-02-27 15:00:00,MT_196,22791.6666666667,1.220116288674063,False,False,1.118697549340081,False
2013-02-27 18:45:00,MT_196,23875.0,1.29852305283507,False,False,1.1079967943337854,False
2013-02-28 00:15:00,MT_196,12958.3333333333,-0.8073313601525653,False,False,1.0647106395564723,False
2013-02-28 01:45:00,MT_196,11250.0,-1.2102821779046775,False,False,1.1666030976038828,False
2013-02-28 11:45:00,MT_196,19291.6666666667,0.28121369066339,False,False,1.0023290365680932,False
2013-03-01 03:00:00,MT_196,9125.0,-1.8851693223200916,False,False,1.0335875907997691,False
2013-03-01 06:15:00,MT_196,14000.0,-0.7014238966041495,False,False,0.9870802257372601,False
2013-03-01 10:15:00,MT_196,20958.3333333333,0.8096044032917412,False,False,1.0165021192513528,False
2013-03-01 15:15:00,MT_196,21500.0,0.8996841756967802,False,False,0.9863802970991972,False
2013-03-01 18:30:00,MT_196,22291.6666666667,1.020329842194713,False,False,1.009804246734425,False
2013-03-02 01:15:00,MT_196,12125.0,-1.1530636316759826,False,False,1.0427720007348658,False
2013-03-02 05:15:00,MT_196,12041.6666666667,-1.2187798612157756,False,False,1.0221310030787893,False
2013-03-02 12:30:00,MT_196,22666.6666666667,0.877776315918558,False,False,0.9789301492349892,False
2013-03-02 13:00:00,MT_196,22416.6666666667,0.8098530197778654,False,False,0.9723222757608986,False
2013-03-02 15:15:00,MT_196,22291.6666666667,0.7496834445271019,False,False,1.0130075933505192,False
2013-03-02 18:00:00,MT_196,22250.0,0.7093555969625642,False,False,0.9906012113346749,False
2013-03-02 19:30:00,MT_196,21416.6666666667,0.548898707259722,False,False,0.9814196896813387,False
2013-03-02 23:00:00,MT_196,18708.3333333333,0.006312523561517264,False,False,0.9915625342324197,False
2013-03-02 23:45:00,MT_196,15916.6666666667,-0.5481753012052308,False,False,1.022484095100779,False
2013-03-03 08:00:00,MT_196,16416.6666666667,-0.421654034788345,False,False,1.0098121806554872,False
2013-03-03 08:30:00,MT_196,23250.0,0.9038823792733147,False,False,1.110094332176451,False
2013-03-03 13:30:00,MT_196,21750.0,0.6826155379858753,False,False,0.9717279970384596,False
2013-03-04 13:00:00,MT_196,22125.0,1.2243737766528808,False,False,1.0428372163396737,False
2013-03-04 14:00:00,MT_196,20541.6666666667,0.8674446509525713,False,False,0.9826146939731407,False
2013-03-04 18:00:00,MT_196,20291.6666666667,0.8344179236909021,False,False,1.020932425876969,False
2013-03-04 18:15:00,MT_196,21791.6666666667,1.2116963922162196,False,False,1.012392985274514,False
2013-03-04 20:30:00,MT_196,18291.6666666667,0.3601701171803194,False,False,1.0101260156497107,False
2013-03-04 22:00:00,MT_196,18708.3333333333,0.45581536736337097,False,False,0.984477297272225,False
2013-03-05 02:00:00,MT_196,10541.6666666667,-1.724883980148636,False,False,0.9590731530997058,False
2013-03-05 06:00:00,MT_196,13833.3333333333,-0.9052048043721338,False,False,0.9921753471534012,False
2013-03-05 07:45:00,MT_196,14541.6666666667,-0.7140953255031184,False,False,1.047285845403016,False
2013-03-05 20:15:00,MT_196,19916.6666666667,0.5278054750793417,False,False,0.9756810310837699,False
2013-03-05 23:45:00,MT_196,16500.0,-0.3345897775938782,False,False,1.0587562887198154,False
2013-03-06 00:30:00,MT_196,333.333333333333,-4.171529997449112,True,False,6.287070284496554,True
2013-03-06 01:00:00,MT_196,11333.3333333333,-1.426194522628676,False,False,0.9886803602500602,False
2013-03-06 01:30:00,MT_196,10750.0,-1.5626762417986935,False,False,0.957158929173579,False
2013-03-06 04:00:00,MT_196,12083.3333333333,-1.3152930881122986,False,False,1.0149944364833139,False
2013-03-06 06:15:00,MT_196,15208.3333333333,-0.6361928857538344,False,False,0.9765268077815317,False
2013-03-06 06:45:00,MT_196,17250.0,-0.16237936230165284,False,False,1.0372886835471995,False
2013-03-06 12:00:00,MT_196,20791.6666666667,0.6816272878026314,False,False,0.977720510945392,False
2013-03-06 13:00:00,MT_196,21125.0,0.7748877340814835,False,False,0.9698851171071017,False
2013-03-06 14:15:00,MT_196,20250.0,0.5731069455682773,False,False,0.9968906187268709,False
2013-03-06 19:15:00,MT_196,18750.0,0.190958168983726,False,False,1.1634821252384877,False
2013-03-06 20:45:00,MT_196,19125.0,0.2980716397458578,False,False,0.9918625362420666,False
2013-03-06 22:45:00,MT_196,18083.3333333333,0.08346768703627863,False,False,0.9841613512806451,False
2013-03-07 08:30:00,MT_196,21333.3333333333,0.9218242894516887,False,False,1.0805782137044122,False
2013-03-07 08:45:00,MT_196,20375.0,0.6763952951092106,False,False,1.0114259912772765,False
2013-03-07 11:00:00,MT_196,20000.0,0.5993711500053792,False,False,0.9698686165843806,False
2013-03-07 15:30:00,MT_196,22958.3333333333,1.4231904917656246,False,False,1.1294528486515552,False
2013-03-07 22:15:00,MT_196,19375.0,0.4482222280091556,False,False,0.9719920304576714,False
2013-03-08 01:15:00,MT_196,13000.0,-1.2380403677926672,False,False,0.9932653601497147,False
2013-03-08 02:00:00,MT_196,11708.3333333333,-1.608500265504626,False,False,0.9747356178781045,False
2013-03-08 02:30:00,MT_196,11458.3333333333,-1.7049211658869416,False,False,0.9701618047141233,False
2013-03-08 04:15:00,MT_196,11750.0,-1.6304098767743322,False,False,0.9810002929217051,False
2013-03-08 05:00:00,MT_196,13833.3333333333,-1.0697811212113395,False,False,1.0276303907766071,False
2013-03-08 05:30:00,MT_196,13125.0,-1.2744569131988708,False,False,1.0509907926217097,False
2013-03-08 11:00:00,MT_196,19208.3333333333,0.3572223369011166,False,False,0.9813326051685268,False
2013-03-08 12:00:00,MT_196,19708.3333333333,0.47679605010625525,False,False,1.0012413035245649,False
2013-03-08 15:00:00,MT_196,21291.6666666667,0.8754747838409918,False,False,0.9867122276729826,False
2013-03-08 15:15:00,MT_196,21583.3333333333,0.9492145716136587,False,False,0.9799156088220229,False
2013-03-08 15:30:00,MT_196,21875.0,1.0271496706131615,False,False,0.9696951238347793,False
2013-03-08 16:30:00,MT_196,22458.3333333333,1.1916761800040638,False,False,0.9710547022584608,False
2013-03-08 18:45:00,MT_196,21458.3333333333,0.9033338270881741,False,False,1.025014841420847,False
2013-03-09 04:30:00,MT_196,13375.0,-1.0238700739045266,False,False,1.0452818044188579,False
2013-03-09 07:15:00,MT_196,14041.6666666667,-0.8322282390087542,False,False,1.1597669144634672,False
2013-03-09 07:45:00,MT_196,17041.6666666667,-0.14290462602236528,False,False,1.0372576895646675,False
2013-03-09 08:30:00,MT_196,24250.0,1.4890678771401966,False,False,1.290926573102615,False
2013-03-09 12:00:00,MT_196,23833.3333333333,1.2547612284928795,False,False,1.0895820685237347,False
2013-03-09 15:45:00,MT_196,21333.3333333333,0.6222929867883873,False,False,1.0555620009740345,False
2013-03-09 16:15:00,MT_196,23208.3333333333,1.006606193735563,False,False,0.9953333421348957,False
2013-03-09 19:15:00,MT_196,21875.0,0.745795099112752,False,False,0.9919897655276655,False
2013-03-10 02:45:00,MT_196,8083.33333333333,-1.9910178093187552,False,False,1.1111795239210438,False
2013-03-10 06:30:00,MT_196,12833.3333333333,-0.9690174458188708,False,False,1.0899301397259895,False
2013-03-10 12:00:00,MT_196,22375.0,0.9483872783610233,False,False,0.9914823112634945,False
2013-03-10 13:15:00,MT_196,20250.0,0.5498265527574036,False,False,0.9791230473915927,False
2013-03-10 14:00:00,MT_196,18375.0,0.20243642877934354,False,False,1.0898143303636283,False
2013-03-11 04:30:00,MT_196,12958.3333333333,-0.8101196243259988,False,False,1.2380342848557417,False
2013-03-11 05:45:00,MT_196,12833.3333333333,-0.813257017670217,False,False,1.048578050275937,False
2013-03-11 14:00:00,MT_196,21041.6666666667,1.0668664020548169,False,False,0.9902804083589538,False
2013-03-11 17:00:00,MT_196,22333.3333333333,1.3145372930611618,False,False,1.0325414180992525,False
2013-03-12 09:30:00,MT_196,22333.3333333333,1.2097241342000917,False,False,1.1618092439295138,False
2013-03-12 10:00:00,MT_196,22125.0,1.1483326833647023,False,False,1.1479999152866578,False
2013-03-12 12:00:00,MT_196,21166.6666666667,0.858168753817345,False,False,0.9975127236210227,False
2013-03-12 12:30:00,MT_196,21791.6666666667,0.9734315460940847,False,False,1.0183298322837462,False
2013-03-12 21:45:00,MT_196,19291.6666666667,0.211247681282634,False,False,0.9724825419019082,False
2013-03-13 05:30:00,MT_196,12666.6666666667,-1.1106055070037084,False,False,1.016743536048068,False
2013-03-13 06:00:00,MT_196,14750.0,-0.6962246008477744,False,False,0.9869673160285578,False
2013-03-13 10:00:00,MT_196,22000.0,0.7193074494839429,False,False,0.9844689925784298,False
2013-03-13 12:15:00,MT_196,20875.0,0.5251710794581564,False,False,0.9843090499379067,False
2013-03-14 00:45:00,MT_196,11750.0,-1.2590217360584683,False,False,1.0000717995272097,False
2013-03-14 03:30:00,MT_196,8875.0,-1.9512334973393943,False,False,1.1086170653035967,False
2013-03-14 05:30:00,MT_196,12250.0,-1.166339079828296,False,False,1.0067890718701198,False
2013-03-14 08:00:00,MT_196,15541.6666666667,-0.41421937731711056,False,False,1.1033906120638532,False
2013-03-14 12:15:00,MT_196,20958.3333333333,0.7996465832210029,False,False,0.9831003109945714,False
2013-03-14 15:45:00,MT_196,20875.0,0.7738860443023169,False,False,0.9795290874191931,False
2013-03-14 17:45:00,MT_196,21458.3333333333,0.9028918096689013,False,False,0.9876612400948261,False
2013-03-14 23:45:00,MT_196,14333.3333333333,-0.6931190145695021,False,False,1.0844791666344615,False
2013-03-15 16:15:00,MT_196,22291.6666666667,1.0942544862250998,False,False,0.9685799577895567,False
2013-03-15 17:00:00,MT_196,21375.0,0.8967789757994634,False,False,0.9837724271916607,False
2013-03-15 19:30:00,MT_196,20333.3333333333,0.642364733827065,False,False,1.0269537120978522,False
2013-03-15 22:15:00,MT_196,18458.3333333333,0.24509488471029348,False,False,0.9855578777843198,False
2013-03-16 01:30:00,MT_196,9375.0,-1.644621183483839,False,False,0.9565665178275223,False
2013-03-16 12:45:00,MT_196,21416.6666666667,0.7674241723913932,False,False,0.9812031473525317,False
2013-03-16 14:00:00,MT_196,21583.3333333333,0.7889626490844397,False,False,0.991315434969418,False
2013-03-16 20:00:00,MT_196,20208.3333333333,0.49791299529118166,False,False,0.986424932073483,False
2013-03-16 20:45:00,MT_196,19125.0,0.2726122165002349,False,False,0.9964970450755668,False
2013-03-16 21:00:00,MT_196,19208.3333333333,0.2897779334939093,False,False,0.9960704081162469,False
2013-03-17 02:00:00,MT_196,8875.0,-1.874721440186386,False,False,1.0094951059472308,False
2013-03-17 05:15:00,MT_196,11833.3333333333,-1.2258935331026501,False,False,1.023532307577794,False
2013-03-17 09:00:00,MT_196,19916.6666666667,0.44817889595844385,False,False,1.0161425280029777,False
2013-03-17 09:30:00,MT_196,22125.0,0.9165636135367516,False,False,1.1156173358991914,False
2013-03-17 10:45:00,MT_196,21750.0,0.8313324350511359,False,False,0.9920764593147569,False
2013-03-17 11:30:00,MT_196,22625.0,1.0186944983243018,False,False,1.0108228770921728,False
2013-03-17 13:15:00,MT_196,21041.6666666667,0.6813675337685259,False,False,0.9792214640825305,False
2013-03-17 16:00:00,MT_196,20458.3333333333,0.6016490607732209,False,False,0.9866212104161806,False
2013-03-17 19:00:00,MT_196,20916.6666666667,0.7594310850569929,False,False,0.9986258704836938,False
2013-03-17 23:15:00,MT_196,14833.3333333333,-0.5350448293326202,False,False,1.0497762474602803,False
2013-03-18 01:00:00,MT_196,11541.6666666667,-1.2112821681705745,False,False,0.9824186154783364,False
2013-03-18 01:45:00,MT_196,9333.33333333333,-1.694236252681005,False,False,0.9979070081338758,False
2013-03-18 03:30:00,MT_196,9125.0,-1.771912614639119,False,False,0.9767547304041039,False
2013-03-18 06:00:00,MT_196,14291.6666666667,-0.6728249476433482,False,False,0.9856432534787195,False
2013-03-18 14:00:00,MT_196,20750.0,0.9454020222430609,False,False,0.9753968231249749,False
2013-03-18 22:30:00,MT_196,18916.6666666667,0.5270789210076151,False,False,0.9915768331003946,False
2013-03-19 02:30:00,MT_196,9250.0,-1.8746266529247109,False,False,0.9856404239516554,False
2013-03-19 03:00:00,MT_196,9333.33333333333,-1.8580290548269538,False,False,1.021701161682146,False
2013-03-19 05:30:00,MT_196,12041.6666666667,-1.1566682299284066,False,False,1.0204771402137875,False
2013-03-19 07:00:00,MT_196,15208.3333333333,-0.39069882268250955,False,False,0.9913741052933489,False
2013-03-19 11:15:00,MT_196,20000.0,0.7226509894062011,False,False,0.97857988879273,False
2013-03-19 11:30:00,MT_196,19250.0,0.5436423558599071,False,False,0.9902102765434198,False
2013-03-19 13:00:00,MT_196,24750.0,1.7834831107645261,False,False,1.3757493397774816,False
2013-03-19 13:30:00,MT_196,23208.3333333333,1.3953452357540712,False,False,1.1457048534530367,False
2013-03-19 14:30:00,MT_196,22125.0,1.1044482457375022,False,False,0.9961957499334576,False
2013-03-19 15:00:00,MT_196,22625.0,1.1959058055899616,False,False,1.0077169885003177,False
2013-03-19 15:15:00,MT_196,21333.3333333333,0.8992495879317924,False,False,0.9802144598573465,False
2013-03-19 16:00:00,MT_196,23583.3333333333,1.372894248625262,False,False,1.0469190242542934,False
2013-03-19 16:30:00,MT_196,22958.3333333333,1.2012259608867453,False,False,0.9806783571675783,False
2013-03-19 17:15:00,MT_196,22750.0,1.1255620103582102,False,False,0.9760584089759257,False
2013-03-19 17:30:00,MT_196,22000.0,0.9600806608475259,False,False,0.9789282259306512,False
2013-03-19 23:00:00,MT_196,16625.0,-0.20963762295089927,False,False,1.0365052417255647,False
2013-03-20 04:30:00,MT_196,14750.0,-0.5733634325138232,False,False,1.2972408563128035,False
2013-03-20 04:45:00,MT_196,11791.6666666667,-1.1797702984632192,False,False,1.012519646878348,False
2013-03-20 05:15:00,MT_196,11375.0,-1.270564077256848,False,False,1.0227908180076764,False
2013-03-20 09:00:00,MT_196,21875.0,0.8812328908269924,False,False,1.0264659968526697,False
2013-03-20 11:30:00,MT_196,18583.3333333333,0.24355888665860234,False,False,1.0105130133151283,False
2013-03-20 17:00:00,MT_196,19750.0,0.7235302251220858,False,False,1.0165094083930952,False
2013-03-20 19:00:00,MT_196,20166.6666666667,0.8947124857348213,False,False,0.9931762250026289,False
2013-03-21 05:00:00,MT_196,11833.3333333333,-1.239576681382244,False,False,0.9822834232152309,False
2013-03-21 06:45:00,MT_196,13041.6666666667,-0.9333194839773741,False,False,1.1400007719105112,False
2013-03-21 07:45:00,MT_196,14500.0,-0.5495589283032299,False,False,1.0502838190157318,False
2013-03-21 09:30:00,MT_196,19166.6666666667,0.6736078148138226,False,False,1.0040938096657408,False
2013-03-21 12:15:00,MT_196,20166.6666666667,0.934148003855163,False,False,1.0167806632062855,False
2013-03-21 16:45:00,MT_196,21666.6666666667,1.2160848596936291,False,False,1.0122180948400963,False
2013-03-21 18:45:00,MT_196,19000.0,0.5529532848787174,False,False,1.0212566593579848,False
2013-03-22 01:00:00,MT_196,11583.3333333333,-1.2777268626219012,False,False,0.9793106519555442,False
2013-03-22 02:15:00,MT_196,9958.33333333333,-1.665380324856325,False,False,0.9686396653585768,False
2013-03-22 02:45:00,MT_196,10083.3333333333,-1.6380117307051993,False,False,0.9731416555431319,False
2013-03-22 03:00:00,MT_196,8583.33333333333,-2.013060747660916,False,False,1.1458965263871983,False
2013-03-22 04:45:00,MT_196,12083.3333333333,-1.137183672861021,False,False,1.0306897510657227,False
2013-03-22 07:30:00,MT_196,15791.6666666667,-0.2465153433919648,False,False,1.0468623056535087,False
2013-03-22 09:30:00,MT_196,21375.0,1.129359011347809,False,False,1.1797816652189155,False
2013-03-22 14:30:00,MT_196,20250.0,0.8165775247367828,False,False,1.0010714265907497,False
2013-03-22 16:30:00,MT_196,20875.0,0.9445428428412977,False,False,0.9849576790497536,False
2013-03-22 20:30:00,MT_196,20291.6666666667,0.7206451115332854,False,False,0.9863758572250813,False
2013-03-22 22:15:00,MT_196,18666.6666666667,0.35273030679738415,False,False,0.9853065757409452,False
2013-03-23 12:15:00,MT_196,21875.0,0.9677275264100899,False,False,0.9762781124892074,False
2013-03-23 12:45:00,MT_196,21125.0,0.7883155437522562,False,False,0.9798608993089207,False
2013-03-23 13:00:00,MT_196,21416.6666666667,0.8448481029003796,False,False,0.9683672734208347,False
2013-03-23 22:45:00,MT_196,18875.0,0.19845029362853192,False,False,0.9840682813202053,False
2013-03-24 08:45:00,MT_196,19625.0,0.3538379894129016,False,False,1.0206533130683348,False
2013-03-24 09:15:00,MT_196,20958.3333333333,0.6451787783528402,False,False,1.0090377770731498,False
2013-03-24 12:45:00,MT_196,21250.0,0.7416324734119589,False,False,0.9999371501798588,False
2013-03-24 13:15:00,MT_196,21250.0,0.7370660912651723,False,False,0.980576985607862,False
2013-03-24 14:30:00,MT_196,19541.6666666667,0.38858700279191594,False,False,0.9948185968339459,False
2013-03-24 16:15:00,MT_196,20125.0,0.5547721282226272,False,False,0.9903555327300027,False
2013-03-24 19:30:00,MT_196,19750.0,0.5467913572774921,False,False,0.9886387242625765,False
2013-03-24 23:45:00,MT_196,11750.0,-1.216299703758451,False,False,1.0348619270919035,False
2013-03-25 08:00:00,MT_196,13875.0,-0.6773332959534891,False,False,1.0940258509553176,False
2013-03-25 08:45:00,MT_196,22750.0,1.2885518054095737,False,False,1.254270482529433,False
2013-03-25 12:15:00,MT_196,20625.0,0.9173082625388634,False,False,1.0031871708530347,False
2013-03-25 22:15:00,MT_196,18875.0,0.5072140537113344,False,False,0.9860825361901785,False
2013-03-26 16:00:00,MT_196,21458.3333333333,0.918620324224849,False,False,0.9927971701323863,False
2013-03-26 20:15:00,MT_196,19625.0,0.45477655160484814,False,False,0.9767476005583328,False
2013-03-27 00:15:00,MT_196,13708.3333333333,-0.8241702514281779,False,False,1.0155924641993799,False
2013-03-27 03:30:00,MT_196,9583.33333333333,-1.7657339337509226,False,False,0.9868565392563577,False
2013-03-27 09:00:00,MT_196,20500.0,0.6500601471520562,False,False,0.9931751960040683,False
2013-03-27 16:15:00,MT_196,20583.3333333333,0.7681439653026223,False,False,0.9806124062737145,False
2013-03-27 20:30:00,MT_196,19333.3333333333,0.5161045139823721,False,False,0.9813341684622829,False
2013-03-28 02:30:00,MT_196,9833.33333333333,-1.8352757023754316,False,False,1.0156098063043448,False
2013-03-28 11:45:00,MT_196,21875.0,1.0593244705591351,False,False,1.0700087835555228,False
2013-03-28 18:00:00,MT_196,21041.6666666667,0.8102428011936781,False,False,0.9950209609490839,False
2013-03-28 23:15:00,MT_196,17708.3333333333,0.03242031803251305,False,False,1.0049416310544033,False
2013-03-29 04:30:00,MT_196,13208.3333333333,-0.9739834390721747,False,False,1.0664059862626667,False
2013-03-29 07:00:00,MT_196,14916.6666666667,-0.5895429845275189,False,False,0.9944559316997779,False
2013-03-29 09:15:00,MT_196,20541.6666666667,0.6988222709604301,False,False,1.0187870080248096,False
2013-03-29 17:45:00,MT_196,23791.6666666667,1.3921780720559336,False,False,1.1035260552586592,False
2013-03-29 20:45:00,MT_196,19416.6666666667,0.3675616636636748,False,False,0.9843736356031826,False
2013-03-29 23:15:00,MT_196,18583.3333333333,0.18073223964764587,False,False,0.9997484570280308,False
2013-03-29 23:45:00,MT_196,15708.3333333333,-0.44792745692471775,False,False,1.0394805078020475,False
2013-03-30 03:30:00,MT_196,9083.33333333333,-1.9244918385382888,False,False,1.0369291160967944,False
2013-03-30 08:15:00,MT_196,17333.3333333333,-0.15549600729195004,False,False,1.0282652578608544,False
2013-03-30 09:45:00,MT_196,23541.6666666667,1.2306267198031862,False,False,1.0870878321388422,False
2013-03-30 10:30:00,MT_196,24291.6666666667,1.381632376958363,False,False,1.1730106744851843,False
2013-03-30 14:15:00,MT_196,21041.6666666667,0.5418127149843213,False,False,1.0282306431599342,False
2013-03-31 06:15:00,MT_196,15916.6666666667,-0.3946100686307635,False,False,0.9995686213315657,False
2013-03-31 06:45:00,MT_196,15750.0,-0.4212803449793503,False,False,0.9797544987289483,False
2013-03-31 13:30:00,MT_196,22666.6666666667,0.8436308344541622,False,False,1.0062304165219411,False
2013-03-31 17:45:00,MT_196,18416.6666666667,0.22436029505843952,False,False,1.4091493001624624,False
2013-04-01 02:45:00,MT_196,8833.33333333333,-1.488180749145696,False,False,1.0173807144143456,False
2013-04-01 06:15:00,MT_196,16541.6666666667,0.21443586389652367,False,False,1.5450310887668783,False
2013-04-01 09:30:00,MT_196,19791.6666666667,0.8897474700693792,False,False,1.1849926548210807,False
2013-04-01 13:30:00,MT_196,20458.3333333333,1.1590895830164298,False,False,1.0412024857746902,False
2013-04-01 16:30:00,MT_196,22291.6666666667,1.4911559529489047,False,False,1.1204944228274378,False
2013-04-01 22:30:00,MT_196,19541.6666666667,0.5947777043482055,False,False,0.9988967645680126,False
2013-04-02 02:45:00,MT_196,9625.0,-1.741753868055705,False,False,0.9723337732239676,False
2013-04-02 10:00:00,MT_196,20666.6666666667,0.7650926942170566,False,False,0.996818664399965,False
2013-04-02 20:30:00,MT_196,19333.3333333333,0.47743341131303635,False,False,0.9632774179270005,False
2013-04-02 21:45:00,MT_196,19208.3333333333,0.4425427458190103,False,False,0.996606086618909,False
2013-04-03 00:15:00,MT_196,13666.6666666667,-0.8531102315329572,False,False,1.0107142656968275,False
2013-04-03 04:45:00,MT_196,10000.0,-1.8004564973053712,False,False,1.0292599231657793,False
2013-04-03 11:30:00,MT_196,18916.6666666667,0.3690287948526117,False,False,0.9867893155838218,False
2013-04-03 18:00:00,MT_196,21541.6666666667,1.0131395357006778,False,False,0.9976512735715131,False
2013-04-03 19:45:00,MT_196,19791.6666666667,0.586895225593934,False,False,0.980886458565757,False
2013-04-04 09:00:00,MT_196,20458.3333333333,0.7631284838364517,False,False,1.0183269637358832,False
2013-04-04 14:45:00,MT_196,21458.3333333333,0.993015780014491,False,False,0.9821443341753786,False
2013-04-04 17:15:00,MT_196,20875.0,0.8112995325574314,False,False,0.9997448838842432,False
2013-04-04 18:45:00,MT_196,20708.3333333333,0.7662241155377771,False,False,0.9954837710051517,False
2013-04-04 21:45:00,MT_196,19791.6666666667,0.5483281349686123,False,False,0.9894052112447296,False
2013-04-04 22:45:00,MT_196,19666.6666666667,0.5071662101016777,False,False,0.9923577387921051,False
2013-04-05 01:15:00,MT_196,11541.6666666667,-1.29546538004747,False,False,0.9780577327236184,False
2013-04-05 10:15:00,MT_196,19291.6666666667,0.38984856788900335,False,False,0.9934873308131088,False
2013-04-05 12:15:00,MT_196,19333.3333333333,0.4016388021176689,False,False,1.0380067705133065,False
2013-04-05 12:30:00,MT_196,19833.3333333333,0.5226790843457989,False,False,1.0080815038359505,False
2013-04-05 16:30:00,MT_196,22583.3333333333,1.2225129355712465,False,False,0.9713668816559622,False
2013-04-06 03:45:00,MT_196,9458.33333333333,-1.766866855627247,False,False,0.9822082089924229,False
2013-04-06 15:15:00,MT_196,23250.0,1.0599841614727807,False,False,0.9847564855474531,False
2013-04-06 15:45:00,MT_196,22625.0,0.9237865564825211,False,False,0.992737573331126,False
2013-04-06 16:30:00,MT_196,22125.0,0.8267783076627893,False,False,1.000803638121786,False
2013-04-06 18:00:00,MT_196,21541.6666666667,0.700961489624192,False,False,0.9974276274582932,False
2013-04-07 01:30:00,MT_196,9416.66666666667,-1.6894508320822446,False,False,0.9851300746925927,False
2013-04-07 02:15:00,MT_196,10083.3333333333,-1.5684307468947694,False,False,0.9779678370517262,False
2013-04-07 02:45:00,MT_196,9208.33333333333,-1.7586374274848504,False,False,0.9884646825907161,False
2013-04-07 06:15:00,MT_196,17041.6666666667,-0.2415994572624615,False,False,1.0812841451221633,False
2013-04-07 07:00:00,MT_196,15166.6666666667,-0.625175454688469,False,False,0.976605322524833,False
2013-04-07 08:15:00,MT_196,15625.0,-0.5378339252455149,False,False,1.0528032347419323,False
2013-04-07 09:45:00,MT_196,20250.0,0.4508851511385544,False,False,0.9856565997969474,False
2013-04-07 16:00:00,MT_196,22208.3333333333,0.9802463058761696,False,False,1.0550639798545345,False
2013-04-07 17:45:00,MT_196,19875.0,0.5024337218615529,False,False,1.0904378025628798,False
2013-04-07 18:15:00,MT_196,20083.3333333333,0.5589717140388865,False,False,1.0403987200736566,False
2013-04-07 19:00:00,MT_196,20958.3333333333,0.7861214075103385,False,False,1.000244891781665,False
2013-04-07 23:00:00,MT_196,14000.0,-0.7839843985106825,False,False,1.0203299919515725,False
2013-04-08 00:30:00,MT_196,10166.6666666667,-1.6069226446057423,False,False,1.0509664028597492,False
2013-04-08 03:45:00,MT_196,8958.33333333333,-1.8042524920485388,False,False,0.988690442923663,False
2013-04-08 08:15:00,MT_196,16250.0,-0.18120524453354334,False,False,1.0297588519860492,False
2013-04-08 13:45:00,MT_196,19541.6666666667,0.6706347077164695,False,False,0.9950841143559872,False
2013-04-08 14:45:00,MT_196,20291.6666666667,0.8540307815532321,False,False,0.9605220926114508,False
2013-04-08 19:00:00,MT_196,21333.3333333333,1.0849761950669181,False,False,1.0010784021513908,False
2013-04-08 19:15:00,MT_196,19000.0,0.5296658540236352,False,False,1.0244733685559761,False
2013-04-08 19:45:00,MT_196,19125.0,0.5609499348361089,False,False,0.975133946683382,False
2013-04-08 23:15:00,MT_196,17291.6666666667,0.09825986418324893,False,False,0.9904244019322984,False
2013-04-09 00:30:00,MT_196,12250.0,-1.1336154493579778,False,False,0.9821687350730626,False
2013-04-09 02:45:00,MT_196,8666.66666666667,-2.0009987004757437,False,False,1.081760508241833,False
2013-04-09 03:00:00,MT_196,9750.0,-1.7350813030802226,False,False,0.9785165136737342,False
2013-04-09 15:30:00,MT_196,21583.3333333333,1.0005488092456827,False,False,0.9934686399812908,False
2013-04-09 17:00:00,MT_196,20791.6666666667,0.7944975871463891,False,False,0.9858466934355921,False
2013-04-09 19:00:00,MT_196,21125.0,0.8405164196014249,False,False,1.0125388015436523,False
2013-04-09 21:30:00,MT_196,18625.0,0.2715438312393009,False,False,0.9816156853751338,False
2013-04-10 00:00:00,MT_196,13041.6666666667,-0.945538968142761,False,False,1.001842782712033,False
2013-04-10 00:30:00,MT_196,11916.6666666667,-1.1880944398817548,False,False,1.020870365586959,False
2013-04-10 05:45:00,MT_196,16791.6666666667,-0.12800083631776354,False,False,1.1473915108422164,False
2013-04-10 11:30:00,MT_196,19750.0,0.5783945969953905,False,False,0.9889944633552626,False
2013-04-10 16:30:00,MT_196,19791.6666666667,0.5946540658708898,False,False,1.01253616561355,False
2013-04-10 19:00:00,MT_196,21416.6666666667,0.9863549533919668,False,False,0.9869795759417221,False
2013-04-10 23:00:00,MT_196,17833.3333333333,0.14255205522502123,False,False,0.984834942265106,False
2013-04-10 23:15:00,MT_196,17500.0,0.06368498206343617,False,False,0.993107190880819,False
2013-04-11 00:30:00,MT_196,13000.0,-0.9751216853115565,False,False,1.0132974796361174,False
2013-04-11 01:30:00,MT_196,11250.0,-1.392151500249179,False,False,1.0057768330127894,False
2013-04-11 01:45:00,MT_196,12166.6666666667,-1.1991256544929327,False,False,1.1340958941307246,False
2013-04-11 04:00:00,MT_196,12458.3333333333,-1.310637151473632,False,False,1.0946805100048755,False
2013-04-11 04:45:00,MT_196,12500.0,-1.3834765146346797,False,False,0.9919576821039814,False
2013-04-11 05:45:00,MT_196,17583.3333333333,-0.033582973293464435,False,False,1.2024988353351331,False
2013-04-11 11:45:00,MT_196,19125.0,0.3869697703127683,False,False,0.9887932971936739,False
2013-04-11 14:45:00,MT_196,20750.0,0.8505766053565036,False,False,0.9930739077493002,False
2013-04-11 15:30:00,MT_196,22000.0,1.207663372883079,False,False,1.0097268061032802,False
2013-04-11 22:45:00,MT_196,19875.0,0.4984112420789205,False,False,0.9929025048159159,False
2013-04-12 06:30:00,MT_196,17666.6666666667,-0.11571691065460941,False,False,1.0888963290483116,False
2013-04-12 09:30:00,MT_196,20083.3333333333,0.5197823463461666,False,False,0.9864739682901436,False
2013-04-12 13:00:00,MT_196,21541.6666666667,0.8436028492677913,False,False,0.9901882488479797,False
2013-04-12 18:15:00,MT_196,23000.0,1.1952240898923034,False,False,1.0321449743648294,False
2013-04-13 01:30:00,MT_196,10458.3333333333,-2.056177571301651,False,False,1.062400515959024,False
2013-04-13 13:15:00,MT_196,22000.0,0.756025297849313,False,False,0.9726092617222916,False
2013-04-13 23:30:00,MT_196,17000.0,-0.34552136031958613,False,False,1.0394524450737583,False
2013-04-14 00:30:00,MT_196,14000.0,-0.928606827140114,False,False,0.9906466314697469,False
2013-04-14 03:45:00,MT_196,9458.33333333333,-1.7814764890804882,False,False,0.9724537530441972,False
2013-04-14 07:15:00,MT_196,15375.0,-0.6314427745718946,False,False,0.9807014920006133,False
2013-04-14 09:15:00,MT_196,21666.6666666667,0.5760255117620678,False,False,0.9916266902386598,False
2013-04-14 17:00:00,MT_196,23083.3333333333,0.9284196864428624,False,False,1.0049825421134289,False
2013-04-14 18:45:00,MT_196,21708.3333333333,0.69089509736974,False,False,1.00125742177152,False
2013-04-14 19:45:00,MT_196,21208.3333333333,0.5965242551463283,False,False,0.9793761204817687,False
2013-04-14 21:45:00,MT_196,20291.6666666667,0.4119427823524402,False,False,0.9898845570381659,False
2013-04-15 02:45:00,MT_196,10833.3333333333,-1.4683613042315629,False,False,1.008439570772418,False
2013-04-15 03:45:00,MT_196,10458.3333333333,-1.5844300947111354,False,False,0.9681245045309447,False
2013-04-15 08:00:00,MT_196,13750.0,-0.9358842802092017,False,False,1.2322776485287517,False
2013-04-15 08:45:00,MT_196,20500.0,0.5106954416848994,False,False,1.027552396291684,False
2013-04-15 13:30:00,MT_196,23291.6666666667,1.1746780655617557,False,False,1.0294532648375712,False
2013-04-15 15:30:00,MT_196,22375.0,0.9274425551354195,False,False,0.9714939174956216,False
2013-04-15 15:45:00,MT_196,22333.3333333333,0.9180396741125958,False,False,0.9773148084695222,False
2013-04-15 16:00:00,MT_196,22541.6666666667,0.9598036676951431,False,False,0.9840818451112501,False
2013-04-15 23:15:00,MT_196,19333.3333333333,0.21987534225517927,False,False,0.9902772645985424,False
2013-04-16 00:45:00,MT_196,12583.3333333333,-1.2344713889932195,False,False,0.9775243163742445,False
2013-04-16 03:45:00,MT_196,9291.66666666667,-1.9188368158503146,False,False,1.0234298994337994,False
2013-04-16 12:15:00,MT_196,22041.6666666667,0.7410986502963192,False,False,0.9794653039169219,False
2013-04-16 13:30:00,MT_196,25041.6666666667,1.3544636379525767,False,False,1.0836146139258447,False
2013-04-16 19:45:00,MT_196,21916.6666666667,0.5001616733621842,False,False,0.9742486355142354,False
2013-04-16 22:45:00,MT_196,19875.0,0.13309110667880644,False,False,0.976370855895334,False
2013-04-17 04:45:00,MT_196,11583.3333333333,-1.4864543708575382,False,False,0.9977211005979797,False
2013-04-17 18:45:00,MT_196,22750.0,0.671709274329444,False,False,0.9713063284584345,False
2013-04-18 07:00:00,MT_196,16458.3333333333,-0.6046046956329886,False,False,0.9514943451041175,False
2013-04-18 09:45:00,MT_196,19625.0,0.03352291510384657,False,False,1.0028519668967468,False
2013-04-18 13:45:00,MT_196,20333.3333333333,0.22435279950556644,False,False,1.1638917263227986,False
2013-04-18 14:30:00,MT_196,20166.6666666667,0.23434766223668727,False,False,1.2015709041302332,False
2013-04-19 00:15:00,MT_196,15916.6666666667,-0.609509788790815,False,False,1.0376262498925073,False
2013-04-19 00:30:00,MT_196,14750.0,-0.9334855525184473,False,False,1.034009896572601,False
2013-04-19 01:45:00,MT_196,12458.3333333333,-1.565474297670955,False,False,0.9939162216098654,False
2013-04-19 02:45:00,MT_196,12791.6666666667,-1.5018687105005415,False,False,1.0375353104025533,False
2013-04-19 03:30:00,MT_196,12500.0,-1.6123185970831728,False,False,1.0335593647707773,False
2013-04-19 03:45:00,MT_196,12208.3333333333,-1.7098054853063198,False,False,1.0225562665256114,False
2013-04-19 05:30:00,MT_196,18041.6666666667,-0.04921344907094993,False,False,1.3641160821875213,False
2013-04-19 07:30:00,MT_196,15041.6666666667,-0.9098816133631051,False,False,1.0717076998954724,False
2013-04-20 00:45:00,MT_196,11500.0,-1.829930569337261,False,False,1.0513585051358156,False
2013-04-20 04:15:00,MT_196,9750.0,-2.079308673833419,False,False,1.1494124036631987,False
2013-04-20 07:00:00,MT_196,16166.6666666667,-0.4583542741795786,False,False,0.9756879578418209,False
2013-04-20 07:45:00,MT_196,17250.0,-0.21037792744966874,False,False,1.0228964987501725,False
2013-04-20 18:30:00,MT_196,21833.3333333333,0.6846733219018563,False,False,0.9884558907707076,False
2013-04-20 19:45:00,MT_196,21791.6666666667,0.6929134947361781,False,False,0.9866954740664344,False
2013-04-20 22:45:00,MT_196,19875.0,0.28166818010042827,False,False,0.9713811873012222,False
2013-04-20 23:30:00,MT_196,18208.3333333333,-0.08808222916482619,False,False,1.0131241634552488,False
2013-04-21 04:00:00,MT_196,9291.66666666667,-2.0252325642487006,False,False,1.0674264844508783,False
2013-04-21 04:45:00,MT_196,10958.3333333333,-1.647138847656579,False,False,1.0117660010150478,False
2013-04-21 10:30:00,MT_196,20500.0,0.43941490692981017,False,False,0.9905246596273193,False
2013-04-21 13:30:00,MT_196,19916.6666666667,0.3761614385858279,False,False,0.9955560138442073,False
2013-04-21 23:45:00,MT_196,15625.0,-0.5177530717218263,False,False,1.0224291896732467,False
2013-04-22 10:45:00,MT_196,20458.3333333333,0.6841846642229304,False,False,0.9884932913954608,False
2013-04-22 12:30:00,MT_196,20000.0,0.6128731942170462,False,False,1.0151039061073879,False
2013-04-22 12:45:00,MT_196,20666.6666666667,0.7847901424736085,False,False,0.9774357416697683,False
2013-04-22 15:30:00,MT_196,19958.3333333333,0.6173886681486491,False,False,0.9957007706901925,False
2013-04-22 16:15:00,MT_196,19708.3333333333,0.5641280858455803,False,False,1.0435532167111283,False
2013-04-22 20:30:00,MT_196,20541.6666666667,0.8702841963178325,False,False,0.993595619154019,False
2013-04-23 01:30:00,MT_196,9458.33333333333,-2.0432898482902724,False,False,1.0700809626149337,False
2013-04-23 03:30:00,MT_196,9458.33333333333,-2.0163253468423274,False,False,1.0993506679553648,False
2013-04-23 06:45:00,MT_196,16500.0,-0.19772031225484904,False,False,1.055138904734513,False
2013-04-23 12:00:00,MT_196,20916.6666666667,0.8577985448102774,False,False,0.9913501469632795,False
2013-04-23 16:30:00,MT_196,23833.3333333333,1.3989203924915123,False,False,1.0652231297526582,False
2013-04-23 17:00:00,MT_196,23500.0,1.2802890224018488,False,False,1.0014968814581633,False
2013-04-24 01:30:00,MT_196,11791.6666666667,-1.4444195290286983,False,False,0.977559337511625,False
2013-04-24 02:45:00,MT_196,12791.6666666667,-1.316705391968104,False,False,1.0433338886887247,False
2013-04-24 06:15:00,MT_196,16166.6666666667,-0.6766852632356734,False,False,0.9593506582619518,False
2013-04-24 11:30:00,MT_196,23083.3333333333,1.0862040161755004,False,False,1.1351580479803245,False
2013-04-24 13:45:00,MT_196,22083.3333333333,0.8404076812726095,False,False,0.969470989860957,False
2013-04-24 16:00:00,MT_196,21958.3333333333,0.8048685354901459,False,False,0.9707870485298102,False
2013-04-24 17:45:00,MT_196,22666.6666666667,1.0390573307827244,False,False,0.9967968460900795,False
2013-04-24 21:00:00,MT_196,21333.3333333333,0.7153171047413485,False,False,0.9886736131645214,False
2013-04-25 00:30:00,MT_196,16083.3333333333,-0.6974380129918043,False,False,1.0857858124767088,False
2013-04-25 07:00:00,MT_196,15833.3333333333,-0.5817290428665559,False,False,0.9574663593056468,False
2013-04-25 10:00:00,MT_196,20125.0,0.38498367402263023,False,False,0.9676645310238541,False
2013-04-25 12:15:00,MT_196,21000.0,0.6248275350934778,False,False,0.9798729132972931,False
2013-04-25 13:30:00,MT_196,21750.0,0.8142460420803151,False,False,0.9926760378437595,False
2013-04-25 17:15:00,MT_196,22875.0,1.0707747007468431,False,False,0.9999463972893259,False
2013-04-25 19:00:00,MT_196,21958.3333333333,0.8772102817358299,False,False,0.9841142083997048,False
2013-04-25 22:00:00,MT_196,19958.3333333333,0.45153987619293495,False,False,0.9763180783668054,False
2013-04-26 01:15:00,MT_196,11250.0,-1.6692033335039347,False,False,1.0083142853617746,False
2013-04-26 02:00:00,MT_196,11208.3333333333,-1.6872836091149803,False,False,0.9748824621604458,False
2013-04-26 03:00:00,MT_196,10875.0,-1.7899917875316687,False,False,0.9783401182625151,False
2013-04-26 12:15:00,MT_196,21458.3333333333,0.825424500124411,False,False,1.010098616087453,False
2013-04-26 13:00:00,MT_196,21500.0,0.8262109652912087,False,False,0.9866244408314633,False
2013-04-26 15:30:00,MT_196,28208.3333333333,2.5215406632790023,False,False,1.5667103773891393,False
2013-04-26 15:45:00,MT_196,27166.6666666667,2.179746686359081,False,False,1.4098719981458068,False
2013-04-26 21:00:00,MT_196,22041.6666666667,0.51957495775564,False,False,0.980625598916149,False
2013-04-27 05:45:00,MT_196,17166.6666666667,-0.35042181875143275,False,False,1.0496629597979004,False
2013-04-27 12:00:00,MT_196,22500.0,0.6091570909988621,False,False,1.004742850749241,False
2013-04-27 18:00:00,MT_196,21916.6666666667,0.6809536743271221,False,False,0.9929233561425097,False
2013-04-27 19:45:00,MT_196,19958.3333333333,0.3725087030889829,False,False,0.9992880513437462,False
2013-04-28 05:00:00,MT_196,8625.0,-1.8783969152056854,False,False,1.086203842710399,False
2013-04-28 09:00:00,MT_196,15583.3333333333,-0.37354399265222576,False,False,1.172934646594093,False
2013-04-28 09:45:00,MT_196,17541.6666666667,0.04179323768843674,False,False,1.1489957783156233,False
2013-04-28 10:45:00,MT_196,21000.0,0.7494340706877531,False,False,0.9965399766754944,False
2013-04-28 14:00:00,MT_196,20625.0,0.7057455506924762,False,False,0.971416082132637,False
2013-04-28 22:15:00,MT_196,17416.6666666667,0.19957480517384793,False,False,1.0761470356561098,False
2013-04-29 02:15:00,MT_196,9208.33333333333,-1.5896830952817071,False,False,0.9893442569530011,False
2013-04-29 03:00:00,MT_196,8000.0,-1.8500144751292034,False,False,1.0391736470088055,False
2013-04-29 03:15:00,MT_196,9083.33333333333,-1.5991817610987236,False,False,0.9755191188556751,False
2013-04-29 04:30:00,MT_196,8750.0,-1.6537903315245988,False,False,1.058933025993658,False
2013-04-29 07:30:00,MT_196,14166.6666666667,-0.4459852526580586,False,False,1.0460075762309444,False
2013-04-29 15:30:00,MT_196,19291.6666666667,0.7998371803717439,False,False,0.9880760949926739,False
2013-04-30 00:30:00,MT_196,13000.0,-0.7438668604842413,False,False,1.0405413607260254,False
2013-04-30 06:00:00,MT_196,15000.0,-0.3009832750182347,False,False,1.0607322413762448,False
2013-04-30 06:30:00,MT_196,14250.0,-0.46748483749657577,False,False,1.0032589157387957,False
2013-04-30 08:15:00,MT_196,14583.3333333333,-0.387567406146456,False,False,1.124039703153362,False
2013-04-30 09:30:00,MT_196,20833.3333333333,1.022194286361315,False,False,1.09666980094807,False
2013-04-30 11:15:00,MT_196,20083.3333333333,0.8287521970714904,False,False,0.9943948778808984,False
2013-04-30 12:00:00,MT_196,20166.6666666667,0.8380866550551358,False,False,0.9943230162389984,False
2013-04-30 19:45:00,MT_196,22333.3333333333,1.2847377177092334,False,False,1.1842229349841864,False
2013-04-30 23:45:00,MT_196,16666.6666666667,-0.045139067541179155,False,False,1.0463597721233313,False
2013-05-01 00:45:00,MT_196,11541.6666666667,-1.1502046153207617,False,False,1.0376260549096519,False
2013-05-01 02:15:00,MT_196,9916.66666666667,-1.5493012665800328,False,False,0.9839105352855874,False
2013-05-01 03:30:00,MT_196,9291.66666666667,-1.7174673228334196,False,False,0.9763109394891005,False
2013-05-01 05:45:00,MT_196,15500.0,-0.3604911073062195,False,False,1.0753603953495536,False
2013-05-01 20:00:00,MT_196,20416.6666666667,0.6203992382228353,False,False,0.9825346947795754,False
2013-05-01 22:30:00,MT_196,17875.0,0.09935404091009363,False,False,0.9824691511033158,False
2013-05-01 23:00:00,MT_196,17291.6666666667,-0.019524958491207518,False,False,0.988192129960591,False
2013-05-02 02:00:00,MT_196,9125.0,-1.786341924526904,False,False,1.0398477030061062,False
2013-05-02 05:00:00,MT_196,9041.66666666667,-1.8040785590864463,False,False,1.199213714744129,False
2013-05-02 05:30:00,MT_196,15583.3333333333,-0.3702505833792341,False,False,1.124447487221156,False
2013-05-02 06:00:00,MT_196,15083.3333333333,-0.47996848338064724,False,False,1.0352545508804607,False
2013-05-02 07:45:00,MT_196,14125.0,-0.6922513365211465,False,False,1.0910817845996792,False
2013-05-02 15:00:00,MT_196,21708.3333333333,0.9383301496305043,False,False,0.9776068709917587,False
2013-05-02 15:45:00,MT_196,20833.3333333333,0.7422280000824589,False,False,0.9793331865305841,False
2013-05-02 16:00:00,MT_196,21416.6666666667,0.8745973967499586,False,False,0.9739412226305382,False
2013-05-03 04:30:00,MT_196,12666.6666666667,-1.2574521523251756,False,False,1.0169508023288512,False
2013-05-03 11:15:00,MT_196,20833.3333333333,0.6396686856273003,False,False,0.9701979031575702,False
2013-05-03 11:45:00,MT_196,19625.0,0.3221138231084796,False,False,1.0207458769713413,False
2013-05-03 16:15:00,MT_196,24291.6666666667,1.3253519513291743,False,False,1.052997707939417,False
2013-05-03 20:00:00,MT_196,20791.6666666667,0.43629306367484655,False,False,0.9921488764708977,False
2013-05-04 00:30:00,MT_196,12166.6666666667,-1.4890052746513212,False,False,1.0204576368057883,False
2013-05-04 01:00:00,MT_196,10625.0,-1.794608804735448,False,False,1.0000392194926189,False
2013-05-04 04:30:00,MT_196,9791.66666666667,-1.7083297632207264,False,False,0.998620602357435,False
2013-05-04 06:30:00,MT_196,16250.0,-0.40725262747950164,False,False,0.9760224706790447,False
2013-05-04 17:15:00,MT_196,26750.0,1.4762421235773329,False,False,1.165525678125896,False
2013-05-04 18:30:00,MT_196,24791.6666666667,1.0810933124154432,False,False,0.9914972503117836,False
2013-05-04 21:45:00,MT_196,19791.6666666667,0.2046260404544116,False,False,0.9902514069911031,False
2013-05-05 00:45:00,MT_196,11083.3333333333,-1.3287397461764807,False,False,1.0109630739686108,False
2013-05-05 01:15:00,MT_196,9750.0,-1.5619823460368132,False,False,0.9822179040602756,False
2013-05-05 03:15:00,MT_196,9208.33333333333,-1.6367318203790122,False,False,0.9701988857674201,False
2013-05-05 05:45:00,MT_196,15500.0,-0.5375845602174045,False,False,1.026658186942365,False
2013-05-05 07:00:00,MT_196,15875.0,-0.46808573070444603,False,False,0.9678919240428978,False
2013-05-05 09:45:00,MT_196,19250.0,0.1516136182583899,False,False,1.0461070585622627,False
2013-05-05 18:00:00,MT_196,21500.0,0.8548685419528316,False,False,0.993647594377215,False
2013-05-05 19:00:00,MT_196,19750.0,0.5398168563878174,False,False,1.0092085531780903,False
2013-05-05 23:15:00,MT_196,14916.6666666667,-0.47938095624885324,False,False,1.0490036847791662,False
2013-05-06 00:00:00,MT_196,12750.0,-0.9345708021659954,False,False,1.0278417249513783,False
2013-05-06 09:30:00,MT_196,18583.3333333333,0.3391547449541708,False,False,1.0255276585143815,False
2013-05-06 10:45:00,MT_196,20250.0,0.7013692144472412,False,False,0.9962194145442396,False
2013-05-06 12:45:00,MT_196,19750.0,0.6399135381594604,False,False,1.0121619455892534,False
2013-05-06 21:15:00,MT_196,18916.6666666667,0.3783059200292433,False,False,0.9756510860092654,False
2013-05-06 22:30:00,MT_196,19708.3333333333,0.5486584999149593,False,False,0.9923322377577443,False
2013-05-07 01:15:00,MT_196,9250.0,-1.8245610567616595,False,False,1.0218811185264205,False
2013-05-07 07:15:00,MT_196,14708.3333333333,-0.5723586210529181,False,False,0.9811201206715235,False
2013-05-07 09:00:00,MT_196,17833.3333333333,0.10339176022536971,False,False,1.0749487506732431,False
2013-05-07 09:15:00,MT_196,19458.3333333333,0.45840203133167307,False,False,0.9908666146584482,False
2013-05-07 10:30:00,MT_196,20916.6666666667,0.7556670604252848,False,False,0.9950772028839936,False
2013-05-07 12:15:00,MT_196,21875.0,0.9121160246335309,False,False,1.0132658704564097,False
2013-05-07 14:00:00,MT_196,23000.0,1.068676367334329,False,False,0.9995578230215785,False
2013-05-07 15:00:00,MT_196,20250.0,0.487386767558481,False,False,1.0480966129014788,False
2013-05-07 20:00:00,MT_196,19583.3333333333,0.3992580867860419,False,False,0.9786292739191408,False
2013-05-07 23:45:00,MT_196,17458.3333333333,-0.04427830716512889,False,False,1.0227538991903276,False
2013-05-08 01:30:00,MT_196,9625.0,-1.720079802674962,False,False,0.9970761600025799,False
2013-05-08 01:45:00,MT_196,10166.6666666667,-1.611839385132966,False,False,0.9644772617699181,False
2013-05-08 02:00:00,MT_196,10125.0,-1.6348165227001128,False,False,0.966823134312896,False
2013-05-08 05:30:00,MT_196,17750.0,-0.028249503196490226,False,False,1.2055873949567921,False
2013-05-08 06:00:00,MT_196,16833.3333333333,-0.24260487098865782,False,False,1.0662772852396687,False
2013-05-08 07:15:00,MT_196,16750.0,-0.28299864252769025,False,False,0.9772434832964757,False
2013-05-08 07:30:00,MT_196,16208.3333333333,-0.41049104295661665,False,False,0.9759818871138707,False
2013-05-08 10:00:00,MT_196,19833.3333333333,0.40522537800821296,False,False,0.9799454131807679,False
2013-05-08 17:30:00,MT_196,21791.6666666667,1.0447569884300718,False,False,1.001959650517848,False
2013-05-08 18:30:00,MT_196,20666.6666666667,0.7640446624199426,False,False,0.9836177678473031,False
2013-05-08 21:30:00,MT_196,20875.0,0.8164102618728144,False,False,1.043215492910316,False
2013-05-09 01:30:00,MT_196,11833.3333333333,-1.4609766623889755,False,False,1.0017907148373302,False
2013-05-09 05:15:00,MT_196,15041.6666666667,-0.9830056453839571,False,False,1.003363040764788,False
2013-05-09 12:00:00,MT_196,20708.3333333333,0.777115635531732,False,False,0.9900243065658841,False
2013-05-09 13:45:00,MT_196,20333.3333333333,0.6441258759015428,False,False,1.011476331975505,False
2013-05-09 14:30:00,MT_196,19708.3333333333,0.43223160960315293,False,False,1.0961218676642073,False
2013-05-09 15:15:00,MT_196,21333.3333333333,0.9373384611067714,False,False,0.9795015192546757,False
2013-05-09 17:00:00,MT_196,21291.6666666667,0.9530702702764462,False,False,0.9866601014662901,False
2013-05-09 19:15:00,MT_196,21125.0,0.8520306320901329,False,False,0.9985734699848576,False
2013-05-09 22:45:00,MT_196,21416.6666666667,0.9488644473940202,False,False,1.4042639962483905,False
2013-05-09 23:15:00,MT_196,19333.3333333333,0.29281145512510875,False,False,0.9830493942471504,False
2013-05-10 11:45:00,MT_196,19500.0,0.43402045151403945,False,False,1.0052298827764516,False
2013-05-10 17:00:00,MT_196,27750.0,2.294223204176586,False,False,1.5466530446952815,False
2013-05-10 17:45:00,MT_196,27708.3333333333,2.12545332261786,False,False,1.5009635184857721,False
2013-05-11 00:45:00,MT_196,12041.6666666667,-1.30937488489578,False,False,1.0107200038491182,False
2013-05-11 15:45:00,MT_196,25333.3333333333,1.1640178129970988,False,False,0.9902515631906817,False
2013-05-11 16:15:00,MT_196,26000.0,1.2512322181636568,False,False,1.0220111026828198,False
2013-05-11 22:45:00,MT_196,20125.0,0.16522100336695145,False,False,0.9654855744385992,False
2013-05-12 01:00:00,MT_196,10708.3333333333,-1.5283059093181524,False,False,0.9914574761264857,False
2013-05-12 02:00:00,MT_196,9875.0,-1.6785804917615608,False,False,0.9623883081427405,False
2013-05-12 02:45:00,MT_196,10000.0,-1.6474622179597174,False,False,0.9803329036156678,False
2013-05-12 05:00:00,MT_196,10750.0,-1.4839001006547532,False,False,1.0026615724930448,False
2013-05-12 12:30:00,MT_196,22125.0,0.5602562014403958,False,False,0.9871790684586423,False
2013-05-12 18:15:00,MT_196,22833.3333333333,0.9358587740999713,False,False,1.013120528089697,False
2013-05-12 18:30:00,MT_196,21583.3333333333,0.6938882748919265,False,False,0.9971458712935428,False
2013-05-13 00:30:00,MT_196,16250.0,-0.3788455300867532,False,False,1.1766368529457554,False
2013-05-13 04:30:00,MT_196,15541.6666666667,-0.8496939854950831,False,False,1.23965587124182,False
2013-05-13 05:00:00,MT_196,13666.6666666667,-1.4094749848323032,False,False,1.1198003422731966,False
2013-05-13 09:45:00,MT_196,18791.6666666667,-0.03366505083572593,False,False,1.0588509383213598,False
2013-05-13 12:45:00,MT_196,21333.3333333333,0.7282230156192097,False,False,0.9753035482652996,False
2013-05-13 16:15:00,MT_196,20250.0,0.6034035966060861,False,False,1.0243985246302185,False
2013-05-13 17:00:00,MT_196,21166.6666666667,0.921420910211864,False,False,1.0106393865140937,False
2013-05-13 21:30:00,MT_196,20500.0,0.7312959144620076,False,False,1.0017000060724215,False
2013-05-13 22:15:00,MT_196,20500.0,0.7274402424763469,False,False,1.0206362900772112,False
2013-05-13 22:30:00,MT_196,20250.0,0.6473579504908408,False,False,1.0123818200105288,False
2013-05-13 23:15:00,MT_196,18375.0,0.0018937942332324241,False,False,0.987585246102505,False
2013-05-14 03:15:00,MT_196,9875.0,-2.190889603294533,False,False,1.325743672193548,False
2013-05-14 03:45:00,MT_196,9041.66666666667,-2.3047396175020824,False,False,1.4915481630821288,False
2013-05-14 09:15:00,MT_196,17833.3333333333,0.041172044976308934,False,False,1.0797692229188796,False
2013-05-14 14:15:00,MT_196,19291.6666666667,0.38675293042789266,False,False,1.0659310914199964,False
2013-05-14 15:30:00,MT_196,18750.0,0.26714605802316477,False,False,1.2700536883116267,False
2013-05-14 20:30:00,MT_196,18000.0,0.1506990247206749,False,False,1.0301348857360433,False
2013-05-15 08:00:00,MT_196,14583.3333333333,-0.6163858235649209,False,False,1.0588035754485303,False
2013-05-15 13:45:00,MT_196,17416.6666666667,0.12130747611408169,False,False,1.3781466956733945,False
2013-05-15 16:00:00,MT_196,20416.6666666667,0.8759609017183446,False,False,0.9803052583980018,False
2013-05-15 18:45:00,MT_196,19208.3333333333,0.5865858922305719,False,False,1.061155031531392,False
2013-05-15 22:45:00,MT_196,19000.0,0.5685368211951906,False,False,1.0782019468189472,False
2013-05-16 04:30:00,MT_196,11041.6666666667,-1.4277304164401114,False,False,1.0142264691936942,False
2013-05-16 08:00:00,MT_196,14125.0,-0.6585835110700095,False,False,1.1410987194061344,False
2013-05-16 09:00:00,MT_196,18416.6666666667,0.4308452878855148,False,False,0.9983975971606609,False
2013-05-16 17:30:00,MT_196,21333.3333333333,1.2723302987298513,False,False,1.033545786177514,False
2013-05-17 03:00:00,MT_196,9458.33333333333,-1.8539586315745389,False,False,1.0126508820160005,False
2013-05-17 09:15:00,MT_196,18875.0,0.5655538910859921,False,False,1.0204266277168283,False
2013-05-17 10:15:00,MT_196,19791.6666666667,0.7825632423792538,False,False,0.9959824674962172,False
2013-05-17 13:00:00,MT_196,22041.6666666667,1.3087353947343177,False,False,1.151615370993459,False
2013-05-17 15:15:00,MT_196,21625.0,1.1483723036967441,False,False,1.0015239325328662,False
2013-05-17 18:45:00,MT_196,18833.3333333333,0.3945047239836712,False,False,1.2575998175300633,False
2013-05-17 21:45:00,MT_196,18083.3333333333,0.23326850372283406,False,False,0.9808543595861423,False
2013-05-18 04:45:00,MT_196,10875.0,-1.3840578534425918,False,False,0.9977661955419326,False
2013-05-18 07:45:00,MT_196,8125.0,-1.9894695508658051,False,False,3.4353214333076343,True
2013-05-18 12:15:00,MT_196,19208.3333333333,0.5328632404337842,False,False,1.2158001530767475,False
2013-05-18 13:00:00,MT_196,21541.6666666667,1.0500886724735319,False,False,0.9764982847499037,False
2013-05-18 16:45:00,MT_196,21916.6666666667,1.0989216016638779,False,False,1.01346665659784,False
2013-05-18 19:30:00,MT_196,19916.6666666667,0.6537368368900924,False,False,0.9936676814476385,False
2013-05-19 03:30:00,MT_196,8875.0,-1.7364166810856883,False,False,0.9742469446598693,False
2013-05-19 04:45:00,MT_196,10375.0,-1.4205471088216095,False,False,1.0012795475663894,False
2013-05-19 15:45:00,MT_196,20791.6666666667,0.8959214156696288,False,False,1.0141087014971977,False
2013-05-19 17:00:00,MT_196,19833.3333333333,0.6838379596688812,False,False,1.0050128487045247,False
2013-05-19 20:15:00,MT_196,18791.6666666667,0.48255101703005854,False,False,1.0434955654428246,False
2013-05-19 20:30:00,MT_196,18166.6666666667,0.34068020563630613,False,False,1.0578703206876485,False
2013-05-19 22:30:00,MT_196,17166.6666666667,0.1307160086201262,False,False,1.0751898175374077,False
2013-05-19 22:45:00,MT_196,16791.6666666667,0.04851793146300047,False,False,1.0836228997580308,False
2013-05-20 01:45:00,MT_196,8375.0,-1.8638037047577,False,False,1.1193271917101282,False
2013-05-20 03:45:00,MT_196,8791.66666666667,-1.7579668260536832,False,False,0.984536021804406,False
2013-05-20 05:45:00,MT_196,15208.3333333333,-0.28362903863416905,False,False,1.180057045200257,False
2013-05-20 06:15:00,MT_196,13875.0,-0.5892856133545901,False,False,1.019603341685042,False
2013-05-20 12:15:00,MT_196,20166.6666666667,0.893045050424204,False,False,1.0117319509489542,False
2013-05-21 02:00:00,MT_196,9000.0,-1.7974755965264622,False,False,0.9816397708176705,False
2013-05-21 04:00:00,MT_196,9083.33333333333,-1.785041173892319,False,False,0.9909580224700384,False
2013-05-21 06:15:00,MT_196,15375.0,-0.22108841960227227,False,False,1.0712864692030386,False
2013-05-21 06:30:00,MT_196,16416.6666666667,0.03809759823721319,False,False,1.2244175869819398,False
2013-05-21 14:15:00,MT_196,18583.3333333333,0.543180790971508,False,False,1.0524759391505907,False
2013-05-21 16:15:00,MT_196,20166.6666666667,0.9282513094392444,False,False,1.0074216722049112,False
2013-05-21 19:00:00,MT_196,19458.3333333333,0.7511233517677869,False,False,1.017026400763127,False
2013-05-21 20:30:00,MT_196,18416.6666666667,0.48817602294062706,False,False,0.9759078288987246,False
2013-05-21 22:00:00,MT_196,19750.0,0.8142542565074944,False,False,1.2307383652099095,False
2013-05-21 23:00:00,MT_196,17750.0,0.3124778305545414,False,False,1.0080900497272813,False
2013-05-22 01:15:00,MT_196,9041.66666666667,-1.846404001221164,False,False,1.0708019800915118,False
2013-05-22 03:15:00,MT_196,9416.66666666667,-1.762228112551037,False,False,0.9910384153898066,False
2013-05-22 03:45:00,MT_196,9291.66666666667,-1.7954399416374298,False,False,0.9758641411612942,False
2013-05-22 04:15:00,MT_196,8541.66666666667,-2.0013410191530756,False,False,1.0995838093622403,False
2013-05-22 05:15:00,MT_196,10875.0,-1.4186595954973784,False,False,1.0247544784321068,False
2013-05-22 07:30:00,MT_196,13500.0,-0.7723515220636041,False,False,1.116730176527951,False
2013-05-22 12:30:00,MT_196,21583.3333333333,1.2191786912332157,False,False,1.1703288066230058,False
2013-05-22 16:00:00,MT_196,20125.0,0.8561129200420713,False,False,0.9845685394120886,False
2013-05-22 19:45:00,MT_196,20416.6666666667,0.8764457333023774,False,False,1.0231539811377104,False
2013-05-22 22:00:00,MT_196,19666.6666666667,0.6918414006800839,False,False,1.0494549329283371,False
2013-05-23 00:45:00,MT_196,11625.0,-1.226183541949099,False,False,0.9986182512608311,False
2013-05-23 01:30:00,MT_196,9375.0,-1.7702640937988112,False,False,1.0248043630271415,False
2013-05-23 05:45:00,MT_196,16000.0,-0.21008332294535653,False,False,1.1387581287888298,False
2013-05-23 06:00:00,MT_196,15958.3333333333,-0.21853715665541512,False,False,1.132965343519103,False
2013-05-23 10:00:00,MT_196,18875.0,0.449298236800564,False,False,0.9706238094950808,False
2013-05-23 13:30:00,MT_196,26333.3333333333,2.1994274387862682,False,False,1.738222889930155,False
2013-05-23 15:30:00,MT_196,26500.0,1.8403499461888615,False,False,1.364025265597886,False
2013-05-23 17:30:00,MT_196,26666.6666666667,1.564258294792686,False,False,1.2065712742282042,False
2013-05-24 08:15:00,MT_196,18250.0,-0.08018868399778317,False,False,1.0407865147609787,False
2013-05-24 09:45:00,MT_196,20333.3333333333,0.2951644216178682,False,False,0.9888134910458175,False
2013-05-24 10:30:00,MT_196,20625.0,0.34464787024324123,False,False,0.9820075081568674,False
2013-05-24 15:30:00,MT_196,25791.6666666667,1.2386218426106845,False,False,1.041434004903717,False
2013-05-25 07:45:00,MT_196,16083.3333333333,-0.5138028249223437,False,False,1.009756174284065,False
2013-05-25 13:15:00,MT_196,25250.0,0.9850328341653285,False,False,1.0065272755130967,False
2013-05-26 11:00:00,MT_196,22083.3333333333,0.505612328899934,False,False,0.9789651893369437,False
2013-05-26 11:30:00,MT_196,22000.0,0.49396509812655465,False,False,0.9926126871827725,False
2013-05-26 12:15:00,MT_196,23416.6666666667,0.74507463258995,False,False,0.9767375490909251,False
2013-05-26 13:30:00,MT_196,20458.3333333333,0.280206766200815,False,False,1.0330984051085725,False
2013-05-26 14:15:00,MT_196,19750.0,0.19261169047099802,False,False,1.0519541778323502,False
2013-05-26 18:45:00,MT_196,21541.6666666667,0.8860113530966112,False,False,0.9992930201981133,False
2013-05-27 08:30:00,MT_196,17208.3333333333,-0.07060914016010657,False,False,1.031072771975553,False
2013-05-27 11:45:00,MT_196,18541.6666666667,0.36993297345898585,False,False,1.0088076339542207,False
2013-05-27 12:00:00,MT_196,20125.0,0.8185329759336738,False,False,1.0024542338612843,False
2013-05-27 17:45:00,MT_196,21916.6666666667,1.252045377990301,False,False,1.0167507053105473,False
2013-05-27 20:00:00,MT_196,18875.0,0.47305366744970356,False,False,0.9969974200928832,False
2013-05-27 23:45:00,MT_196,16750.0,-0.12519773168156292,False,False,1.0379388968224572,False
2013-05-28 04:00:00,MT_196,9791.66666666667,-1.8234348126050406,False,False,0.9975336254985513,False
2013-05-28 04:45:00,MT_196,10958.3333333333,-1.5276736750008864,False,False,1.0180052720188302,False
2013-05-28 07:30:00,MT_196,15291.6666666667,-0.43756755134811237,False,False,1.0058213507156357,False
2013-05-28 10:45:00,MT_196,19125.0,0.5134961327443167,False,False,0.969861730188913,False
2013-05-28 15:00:00,MT_196,21041.6666666667,0.9928938682004236,False,False,0.9880365081859879,False
2013-05-28 16:15:00,MT_196,19458.3333333333,0.632519967216141,False,False,1.0795643554366288,False
2013-05-28 16:30:00,MT_196,19833.3333333333,0.7388189038732087,False,False,1.0428657780019708,False
2013-05-28 16:45:00,MT_196,21625.0,1.206969569453362,False,False,0.9832232775247155,False
2013-05-28 21:00:00,MT_196,18125.0,0.29420675725732554,False,False,0.996359447733704,False
2013-05-29 04:15:00,MT_196,9583.33333333333,-2.014915413453817,False,False,1.079447940212862,False
2013-05-29 05:00:00,MT_196,11250.0,-1.575863644942326,False,False,1.0078099852558249,False
2013-05-29 08:30:00,MT_196,17875.0,0.18918205592972268,False,False,1.0694316904264864,False
2013-05-29 13:45:00,MT_196,19708.3333333333,0.7342958231199417,False,False,0.9818369663486906,False
2013-05-30 00:00:00,MT_196,12250.0,-1.2920957168342133,False,False,1.0153982772940064,False
2013-05-30 07:00:00,MT_196,16250.0,-0.05704955974125957,False,False,1.1319482686583822,False
2013-05-30 07:15:00,MT_196,14666.6666666667,-0.43411652138849893,False,False,0.9986315986051411,False
2013-05-30 18:45:00,MT_196,19916.6666666667,0.6439881313856206,False,False,0.9947752724372729,False
2013-05-31 03:45:00,MT_196,11375.0,-1.5138889063400982,False,False,0.9887242535439973,False
2013-05-31 05:00:00,MT_196,13291.6666666667,-1.1673048893853732,False,False,1.0374515057356772,False
2013-05-31 12:00:00,MT_196,19916.6666666667,0.5123387970418252,False,False,0.9933654075014914,False
2013-05-31 14:15:00,MT_196,23541.6666666667,1.41261277650741,False,False,1.179896172834824,False
2013-06-01 03:45:00,MT_196,9750.0,-1.7544128044181873,False,False,0.9740724403038247,False
2013-06-01 04:00:00,MT_196,9583.33333333333,-1.7757789293403137,False,False,0.98075633867426,False
2013-06-01 05:30:00,MT_196,14625.0,-0.6769201582573111,False,False,1.042168481948014,False
2013-06-01 06:45:00,MT_196,15416.6666666667,-0.5160530036350253,False,False,0.9813185854421012,False
2013-06-01 07:15:00,MT_196,13958.3333333333,-0.8083865358257284,False,False,1.155804736297153,False
2013-06-01 09:15:00,MT_196,19541.6666666667,0.31276310241119465,False,False,1.0235165499935033,False
2013-06-01 16:00:00,MT_196,24041.6666666667,1.196151398391863,False,False,0.9948840137285698,False
2013-06-01 16:45:00,MT_196,24541.6666666667,1.3129330686655536,False,False,1.0184169261939005,False
2013-06-01 18:15:00,MT_196,23208.3333333333,1.0769827439652442,False,False,1.0031790144138866,False
2013-06-02 01:45:00,MT_196,10208.3333333333,-1.6323161999012143,False,False,0.9620674883204354,False
2013-06-02 07:45:00,MT_196,15500.0,-0.5613189810207451,False,False,0.9957629627102526,False
2013-06-02 10:15:00,MT_196,20666.6666666667,0.5496193686573813,False,False,0.9874118959308037,False
2013-06-02 14:00:00,MT_196,23125.0,1.0202308791832835,False,False,1.1222633591973832,False
2013-06-03 04:30:00,MT_196,10500.0,-1.5428483664485322,False,False,0.9991020745768773,False
2013-06-03 05:00:00,MT_196,11916.6666666667,-1.2337834738402604,False,False,1.0810388880200281,False
2013-06-03 07:00:00,MT_196,15541.6666666667,-0.4298109364575548,False,False,0.9996489258048572,False
2013-06-03 07:45:00,MT_196,13666.6666666667,-0.8341886960337672,False,False,1.1381338513817156,False
2013-06-03 09:00:00,MT_196,19125.0,0.34764499919029435,False,False,1.0291650957729466,False
2013-06-03 14:00:00,MT_196,23583.3333333333,1.4277870571309599,False,False,1.1439051627722918,False
2013-06-03 15:00:00,MT_196,25916.6666666667,1.8296796846124268,False,False,1.197577954064436,False
2013-06-04 03:30:00,MT_196,12083.3333333333,-1.3305618293033217,False,False,1.0323146613577499,False
2013-06-04 05:15:00,MT_196,14291.6666666667,-0.9691588824571473,False,False,0.9941278542610776,False
2013-06-04 14:45:00,MT_196,27166.6666666667,1.6980698864282873,False,False,1.1794088269588525,False
2013-06-04 16:45:00,MT_196,26791.6666666667,1.5350133234928316,False,False,1.0746517360487537,False
2013-06-04 18:15:00,MT_196,26208.3333333333,1.3680744254683626,False,False,1.0607133869659136,False
2013-06-04 19:45:00,MT_196,21458.3333333333,0.40178152890551394,False,False,0.9665412489946364,False
2013-06-05 05:45:00,MT_196,17916.6666666667,-0.3182902953960989,False,False,1.0681296006271639,False
2013-06-05 07:15:00,MT_196,14083.3333333333,-1.1024915170110425,False,False,1.201753971411417,False
2013-06-05 11:00:00,MT_196,18208.3333333333,-0.2270026501983918,False,False,1.203689114966479,False
2013-06-05 13:45:00,MT_196,25083.3333333333,1.221408440700376,False,False,1.0953498484260036,False
2013-06-05 16:15:00,MT_196,23916.6666666667,1.0448163196034697,False,False,0.9979548391908998,False
2013-06-05 16:45:00,MT_196,24916.6666666667,1.2715083099106108,False,False,1.040054566293013,False
2013-06-05 18:30:00,MT_196,19083.3333333333,0.06164038960173122,False,False,1.419660309611391,False
2013-06-05 23:15:00,MT_196,17250.0,-0.30825873290697764,False,False,1.0052558210852243,False
2013-06-06 00:00:00,MT_196,14000.0,-1.0621728126578158,False,False,1.0205927860920219,False
2013-06-06 03:45:00,MT_196,12000.0,-1.4679510298940481,False,False,1.0246893581122467,False
2013-06-06 22:45:00,MT_196,17708.3333333333,0.016210874176963548,False,False,0.9877702872546864,False
2013-06-06 23:30:00,MT_196,16750.0,-0.25529713404619514,False,False,1.0604008626443469,False
2013-06-07 03:45:00,MT_196,11958.3333333333,-1.5795691007700792,False,False,0.9903385015984032,False
2013-06-07 08:15:00,MT_196,15458.3333333333,-0.6296653188007013,False,False,1.0804339719717195,False
2013-06-07 15:45:00,MT_196,20458.3333333333,0.7699491998627302,False,False,1.0069138164123628,False
2013-06-07 16:45:00,MT_196,21166.6666666667,0.9964495401667066,False,False,0.9847953929594587,False
2013-06-08 06:00:00,MT_196,15750.0,-0.4614342493769581,False,False,0.9916016258713749,False
2013-06-08 09:30:00,MT_196,20208.3333333333,0.731452576063288,False,False,1.0018620303528376,False
2013-06-08 10:00:00,MT_196,20083.3333333333,0.6945563670873524,False,False,1.0052968281193015,False
2013-06-08 10:15:00,MT_196,20041.6666666667,0.6820594143577163,False,False,0.997556880292509,False
2013-06-08 12:30:00,MT_196,24416.6666666667,1.8446646367033404,False,False,1.723116333843839,False
2013-06-08 14:45:00,MT_196,19833.3333333333,0.6030897429134164,False,False,1.115699154157929,False
2013-06-08 20:00:00,MT_196,19291.6666666667,0.4388535024410199,False,False,0.9989998951425741,False
2013-06-08 22:45:00,MT_196,17041.6666666667,-0.16686067474093524,False,False,1.0136421761402057,False
2013-06-08 23:30:00,MT_196,16250.0,-0.37458175544347166,False,False,1.046313213600548,False
2013-06-09 04:00:00,MT_196,8875.0,-1.9745091766586584,False,False,1.0469245478643836,False
2013-06-09 14:00:00,MT_196,18583.3333333333,0.38063369493874416,False,False,1.0393079123245925,False
2013-06-09 15:00:00,MT_196,20875.0,0.9073554928818336,False,False,1.06668350568917,False
2013-06-09 17:45:00,MT_196,21000.0,0.9693465426130674,False,False,1.0204744301213535,False
2013-06-09 19:15:00,MT_196,20208.3333333333,0.812653956955885,False,False,1.012781634290409,False
2013-06-09 21:45:00,MT_196,19166.6666666667,0.5684381307738818,False,False,1.060075915930338,False
2013-06-10 03:30:00,MT_196,8875.0,-1.7042159731462017,False,False,0.97110527005409,False
2013-06-10 04:45:00,MT_196,10166.6666666667,-1.4049608459341625,False,False,1.0383710172441312,False
2013-06-10 05:30:00,MT_196,13875.0,-0.5768615432686407,False,False,1.103094522919469,False
2013-06-10 08:00:00,MT_196,14666.6666666667,-0.4048419118992218,False,False,1.0394863545646684,False
2013-06-10 08:30:00,MT_196,16791.6666666667,0.0678392733838464,False,False,1.074234028136385,False
2013-06-10 19:15:00,MT_196,18666.6666666667,0.4830908034077814,False,False,1.0412073451995365,False
2013-06-10 20:15:00,MT_196,18458.3333333333,0.4474814829979916,False,False,1.0031464122525044,False
2013-06-11 04:45:00,MT_196,13000.0,-1.0556172229634044,False,False,1.0105111688199944,False
2013-06-11 08:45:00,MT_196,19166.6666666667,0.5808371254785698,False,False,1.0571509055516872,False
2013-06-11 09:45:00,MT_196,18333.3333333333,0.3467268842451496,False,False,0.9973852866747823,False
2013-06-11 18:00:00,MT_196,20583.3333333333,1.1246958103536273,False,False,1.012004215818581,False
2013-06-11 18:15:00,MT_196,20333.3333333333,1.0609563781533382,False,False,1.0301729808737656,False
2013-06-11 20:45:00,MT_196,19416.6666666667,0.7090494842542411,False,False,1.0198485284371464,False
2013-06-11 23:30:00,MT_196,17291.6666666667,0.058755206954207016,False,False,1.0108549666235456,False
2013-06-12 11:30:00,MT_196,19916.6666666667,0.7397368452910108,False,False,0.9894142773385701,False
2013-06-12 13:45:00,MT_196,26166.6666666667,2.8074444677301256,False,False,2.1332844700953766,False
2013-06-12 17:00:00,MT_196,28208.3333333333,2.185902869880615,False,False,1.5866208960775385,False
2013-06-12 17:15:00,MT_196,28250.0,2.1263692476875535,False,False,1.5300121793004564,False
2013-06-13 01:15:00,MT_196,13375.0,-1.394823179049071,False,False,1.0322750561075758,False
2013-06-13 02:00:00,MT_196,13125.0,-1.4375992775374984,False,False,1.0942197661966742,False
2013-06-13 03:45:00,MT_196,14000.0,-1.2173689525458784,False,False,1.2544645975436446,False
2013-06-13 06:45:00,MT_196,14833.3333333333,-0.9808772453804913,False,False,1.0347744965007708,False
2013-06-13 08:45:00,MT_196,20541.6666666667,0.2646954274555656,False,False,0.9951499143564244,False
2013-06-13 09:45:00,MT_196,18083.3333333333,-0.24333703527240932,False,False,1.1221870886145522,False
2013-06-13 10:15:00,MT_196,20333.3333333333,0.22375812009771975,False,False,0.972173219034697,False
2013-06-13 20:45:00,MT_196,20000.0,0.12023708498250381,False,False,1.0481153617225611,False
2013-06-13 21:45:00,MT_196,18833.3333333333,-0.13099474604068387,False,False,1.0783140686417068,False
2013-06-13 23:15:00,MT_196,18041.6666666667,-0.29489396468450935,False,False,1.022324966211235,False
2013-06-14 00:45:00,MT_196,11791.6666666667,-1.570006572839691,False,False,1.0099172387356354,False
2013-06-14 01:00:00,MT_196,13875.0,-1.1453777303275474,False,False,0.9995149333882495,False
2013-06-14 03:45:00,MT_196,12416.6666666667,-1.369342424052239,False,False,1.0319415773451803,False
2013-06-14 05:00:00,MT_196,14083.3333333333,-1.0251429008459068,False,False,1.0175912586386788,False
2013-06-14 08:00:00,MT_196,15958.3333333333,-0.6462903326831118,False,False,1.0509693294995037,False
2013-06-14 10:45:00,MT_196,21833.3333333333,0.4913389952942396,False,False,0.9672153367966475,False
2013-06-14 15:30:00,MT_196,26333.3333333333,1.3763736533588191,False,False,1.1134244795515658,False
2013-06-14 16:00:00,MT_196,28208.3333333333,1.723720273657405,False,False,1.1913146011077662,False
2013-06-14 19:00:00,MT_196,21291.6666666667,0.35935704421059717,False,False,1.0965368755328087,False
2013-06-15 01:30:00,MT_196,11916.6666666667,-1.450087709791672,False,False,0.9904711165383522,False
2013-06-15 02:30:00,MT_196,11166.6666666667,-1.5769743779131158,False,False,0.9999392741258587,False
2013-06-15 07:45:00,MT_196,15916.6666666667,-0.6227488871776267,False,False,1.029886579190805,False
2013-06-15 08:30:00,MT_196,17833.3333333333,-0.2727561337777758,False,False,1.0234978048294925,False
2013-06-15 10:00:00,MT_196,21375.0,0.38205528277320916,False,False,1.003177913491457,False
2013-06-15 11:30:00,MT_196,23291.6666666667,0.7275374106815,False,False,0.9830566683713929,False
2013-06-15 22:15:00,MT_196,18041.6666666667,-0.2647218292107809,False,False,1.0277639097624705,False
2013-06-16 00:15:00,MT_196,14583.3333333333,-0.8837735682662344,False,False,0.9788850067763826,False
2013-06-16 00:45:00,MT_196,11833.3333333333,-1.3732739126550115,False,False,1.0022910602801327,False
2013-06-16 01:00:00,MT_196,9791.66666666667,-1.737702439318133,False,False,1.0334775217131142,False
2013-06-16 02:15:00,MT_196,10500.0,-1.554653132873141,False,False,0.9885007892964112,False
2013-06-16 07:30:00,MT_196,14583.3333333333,-0.7805404479225438,False,False,1.0450648056394058,False
2013-06-16 08:00:00,MT_196,15750.0,-0.5843598932438181,False,False,1.0190427949878393,False
2013-06-16 10:00:00,MT_196,20291.6666666667,0.1856594609349974,False,False,1.0113067177248143,False
2013-06-16 11:00:00,MT_196,23791.6666666667,0.7655058784159461,False,False,0.9729882393521594,False
2013-06-16 14:00:00,MT_196,24166.6666666667,0.8309922276219475,False,False,1.0480342726755165,False
2013-06-16 16:45:00,MT_196,21875.0,0.6237585625990272,False,False,0.9849447867717982,False
2013-06-16 21:15:00,MT_196,19583.3333333333,0.31450097942343463,False,False,0.9847016901065784,False
2013-06-16 23:45:00,MT_196,13375.0,-0.9512621340316518,False,False,0.9753532710191148,False
2013-06-17 01:45:00,MT_196,12708.3333333333,-1.1334960873252626,False,False,1.0602102621329108,False
2013-06-17 03:00:00,MT_196,12000.0,-1.3728335203494524,False,False,1.0661902504523375,False
2013-06-17 03:30:00,MT_196,11375.0,-1.5533847040566668,False,False,1.0014843745500708,False
2013-06-17 04:15:00,MT_196,11125.0,-1.663298346010814,False,False,0.9877289501954009,False
2013-06-17 05:15:00,MT_196,12875.0,-1.2789587935493225,False,False,1.065166763885884,False
2013-06-17 07:15:00,MT_196,14916.6666666667,-0.804526157006015,False,False,1.0394031677005442,False
2013-06-17 07:45:00,MT_196,13833.3333333333,-1.0625345569120008,False,False,1.3259678798778172,False
2013-06-17 11:15:00,MT_196,19041.6666666667,0.2187708511670357,False,False,0.9906235022751564,False
2013-06-17 14:45:00,MT_196,21625.0,1.225286320967805,False,False,1.0569775113748803,False
2013-06-17 17:45:00,MT_196,20833.3333333333,0.9953206409927794,False,False,1.0097177394209187,False
2013-06-17 20:15:00,MT_196,17625.0,0.10339467238088443,False,False,1.1730479992310272,False
2013-06-17 21:30:00,MT_196,18458.3333333333,0.4001355562933461,False,False,0.9712686273136455,False
2013-06-17 23:30:00,MT_196,17166.6666666667,-0.0071515730631058075,False,False,1.0054163377159477,False
2013-06-18 00:45:00,MT_196,11041.6666666667,-1.955533409105031,False,False,1.150198823098891,False
2013-06-18 05:15:00,MT_196,13958.3333333333,-1.1440806125220087,False,False,0.9911325396006246,False
2013-06-18 11:30:00,MT_196,18916.6666666667,0.45802018225462393,False,False,0.9954073745086097,False
2013-06-18 16:15:00,MT_196,23333.3333333333,1.692813909724848,False,False,1.2323149443941641,False
2013-06-18 18:30:00,MT_196,18083.3333333333,0.03895219603693043,False,False,1.4314356217246822,False
2013-06-18 21:00:00,MT_196,18041.6666666667,0.027319024532349294,False,False,1.0432261272993197,False
2013-06-19 08:15:00,MT_196,18000.0,-0.05941855460791024,False,False,1.0779701093982859,False
2013-06-19 11:45:00,MT_196,20458.3333333333,0.7026869045235093,False,False,0.9810719872154948,False
2013-06-19 13:00:00,MT_196,22416.6666666667,1.3194237411706504,False,False,1.1996973504363702,False
2013-06-19 15:00:00,MT_196,21833.3333333333,1.1696094702961115,False,False,1.0767521876100175,False
2013-06-19 17:30:00,MT_196,23166.6666666667,1.629759812885441,False,False,1.2908080307282925,False
2013-06-19 19:15:00,MT_196,18625.0,0.13260674760367913,False,False,1.2269854680125258,False
2013-06-20 02:15:00,MT_196,14166.6666666667,-1.4020306369790398,False,False,1.2799790753754476,False
2013-06-20 03:30:00,MT_196,13083.3333333333,-1.7985347799732747,False,False,1.2122519853934661,False
2013-06-20 04:00:00,MT_196,13000.0,-1.8509489310018794,False,False,1.2393786333472043,False
2013-06-20 14:00:00,MT_196,23708.3333333333,1.7155433189654878,False,False,1.4337883183427838,False
2013-06-20 14:15:00,MT_196,24125.0,1.8222833071387645,False,False,1.4949596842284298,False
2013-06-20 22:30:00,MT_196,17875.0,-0.3558129812554589,False,False,1.0747929852463785,False
2013-06-21 00:45:00,MT_196,14500.0,-1.2345721137529488,False,False,1.0145495734915595,False
2013-06-21 15:00:00,MT_196,24541.6666666667,1.3449490437080003,False,False,1.1007915521842437,False
2013-06-21 16:15:00,MT_196,27541.6666666667,2.053909536737971,False,False,1.3365516541596674,False
2013-06-21 21:00:00,MT_196,19875.0,0.20235157084158373,False,False,1.0253687152633155,False
2013-06-21 22:30:00,MT_196,19041.6666666667,0.007079132706366018,False,False,0.9769548238534522,False
2013-06-22 05:15:00,MT_196,12708.3333333333,-1.2779849686088747,False,False,1.0169567959172918,False
2013-06-22 06:15:00,MT_196,15916.6666666667,-0.5922294502687694,False,False,0.9663261823162284,False
2013-06-22 08:15:00,MT_196,16500.0,-0.45502430668186195,False,False,1.0444208719956254,False
2013-06-22 15:15:00,MT_196,28541.6666666667,1.374222243910081,False,False,1.0585723127821216,False
2013-06-22 19:00:00,MT_196,22583.3333333333,0.2805031566202795,False,False,1.0645217481349147,False
2013-06-22 21:30:00,MT_196,21541.6666666667,0.11851446536316486,False,False,1.00148951623362,False
2013-06-22 23:45:00,MT_196,17083.3333333333,-0.56672500097584,False,False,1.0460491421540947,False
2013-06-23 08:45:00,MT_196,17541.6666666667,-0.49437785621731345,False,False,1.0406597313694887,False
2013-06-23 09:45:00,MT_196,23000.0,0.31886825487946946,False,False,0.9879903265058134,False
2013-06-23 11:15:00,MT_196,28291.6666666667,1.0871599814467614,False,False,1.0599632032024666,False
2013-06-23 11:30:00,MT_196,28375.0,1.0989804649024566,False,False,1.0748925732337462,False
2013-06-23 13:45:00,MT_196,29458.3333333333,1.2332495126223706,False,False,1.1582915761169081,False
2013-06-23 21:15:00,MT_196,20541.6666666667,0.06904241451345888,False,False,0.989228248407482,False
2013-06-23 23:00:00,MT_196,14416.6666666667,-0.9338983182169159,False,False,1.0164571562567264,False
2013-06-24 02:15:00,MT_196,10125.0,-1.5281704986104019,False,False,0.9937499425932964,False
2013-06-24 05:00:00,MT_196,11250.0,-1.3141650531956597,False,False,1.055662337678931,False
2013-06-24 07:30:00,MT_196,15666.6666666667,-0.6033430450397917,False,False,0.9998108154233898,False
2013-06-24 12:45:00,MT_196,22291.6666666667,0.5654903650192682,False,False,0.97748133961847,False
2013-06-24 14:00:00,MT_196,29041.6666666667,1.776292873619399,False,False,1.0454636793578154,False
2013-06-24 16:45:00,MT_196,30625.0,1.7588039955087573,False,False,1.0799660270704685,False
2013-06-24 18:45:00,MT_196,22583.3333333333,0.4284372453065942,False,False,1.031340687002492,False
2013-06-24 19:30:00,MT_196,22791.6666666667,0.4593756866749576,False,False,0.9916543604188965,False
2013-06-24 23:00:00,MT_196,19208.3333333333,-0.07784809530426046,False,False,0.9841498817335869,False
2013-06-25 12:00:00,MT_196,22375.0,0.2537455666333634,False,False,1.0316914502900536,False
2013-06-25 13:30:00,MT_196,30041.6666666667,1.6482243095596096,False,False,1.117041658543645,False
2013-06-25 15:15:00,MT_196,29125.0,1.4100153903326078,False,False,1.0235225836261113,False
2013-06-25 17:00:00,MT_196,32041.6666666667,1.9162437793156124,False,False,1.136344912250228,False
2013-06-25 19:45:00,MT_196,22375.0,0.18383264001109084,False,False,1.0718678471166425,False
2013-06-26 11:45:00,MT_196,23583.3333333333,0.356497090896863,False,False,0.9937441696413115,False
2013-06-26 18:00:00,MT_196,36291.6666666667,2.050370883362866,False,False,1.2780967925475344,False
2013-06-27 06:15:00,MT_196,18000.0,-0.7026715491633178,False,False,1.0009889103025722,False
2013-06-27 11:15:00,MT_196,21625.0,-0.18809746885459075,False,False,1.192251052096985,False
2013-06-27 12:00:00,MT_196,22291.6666666667,-0.08970843600858813,False,False,1.1854298899559546,False
2013-06-27 18:30:00,MT_196,28083.3333333333,0.7267741499400521,False,False,1.008106037847008,False
2013-06-27 21:30:00,MT_196,21875.0,-0.13974224216560804,False,False,1.0752313521368468,False
2013-06-27 22:45:00,MT_196,20625.0,-0.32093998852041183,False,False,1.0574175495800056,False
2013-06-28 02:15:00,MT_196,12833.3333333333,-1.3491570996385243,False,False,1.0645337745714836,False
2013-06-28 04:00:00,MT_196,12250.0,-1.3648316172547013,False,False,1.0146731380513143,False
2013-06-28 11:45:00,MT_196,23041.6666666667,0.1101732231235581,False,False,1.077310323370524,False
2013-06-28 12:15:00,MT_196,22708.3333333333,0.06601082191503735,False,False,1.1431199397679837,False
2013-06-28 13:30:00,MT_196,32916.6666666667,1.3612763954387783,False,False,1.010254386149889,False
2013-06-28 19:30:00,MT_196,26375.0,0.5235522591656885,False,False,0.9855990446958535,False
2013-06-28 23:45:00,MT_196,16458.3333333333,-0.7412007837390374,False,False,1.0256636229213882,False
2013-06-29 00:30:00,MT_196,14125.0,-1.026651837887885,False,False,0.9997815490653269,False
2013-06-29 03:45:00,MT_196,12250.0,-1.2728706062144015,False,False,1.12534210578982,False
2013-06-29 05:00:00,MT_196,13875.0,-1.0689821126828192,False,False,1.0304155139537237,False
2013-06-29 10:30:00,MT_196,30250.0,0.9867199524341698,False,False,1.0186538158389016,False
2013-06-29 17:15:00,MT_196,38250.0,1.6307362053766248,False,False,1.069073894725177,False
2013-06-29 21:45:00,MT_196,22500.0,-0.18422450550033412,False,False,1.0641605234433604,False
2013-06-30 08:30:00,MT_196,16041.6666666667,-0.7950713008086188,False,False,1.1154260176650588,False
2013-06-30 08:45:00,MT_196,17041.6666666667,-0.6860509773111424,False,False,1.0857195658695065,False
2013-06-30 15:30:00,MT_196,31500.0,0.8083672501588471,False,False,1.0953122447443902,False
2013-06-30 17:15:00,MT_196,35333.3333333333,1.2828001715000348,False,False,1.3161170228448928,False
2013-06-30 17:45:00,MT_196,34416.6666666667,1.200270295830474,False,False,1.256804753936994,False
2013-06-30 22:15:00,MT_196,21708.3333333333,-0.1628125051257271,False,False,1.0087628496018517,False
2013-07-01 00:45:00,MT_196,10666.6666666667,-1.3442113325780998,False,False,0.9944747426311855,False
2013-07-01 04:30:00,MT_196,10708.3333333333,-1.3328395889316877,False,False,1.024861734993696,False
2013-07-01 04:45:00,MT_196,12541.6666666667,-1.134479622296775,False,False,1.0769336331950567,False
2013-07-01 12:30:00,MT_196,26041.6666666667,0.38954197115972006,False,False,1.1097453613022525,False
2013-07-01 16:30:00,MT_196,37416.6666666667,1.5940985331388393,False,False,0.9857094549569864,False
2013-07-01 19:45:00,MT_196,31083.3333333333,0.8193077490232687,False,False,1.0209365551077778,False
2013-07-01 23:45:00,MT_196,16791.6666666667,-0.662672968174674,False,False,1.1065107331913613,False
2013-07-02 01:45:00,MT_196,12958.3333333333,-1.0899867588216965,False,False,1.076257416555165,False
2013-07-02 06:00:00,MT_196,15125.0,-0.9368393746487835,False,False,0.9926388242153804,False
2013-07-02 06:45:00,MT_196,16166.6666666667,-0.825876903326858,False,False,0.9783742587517523,False
2013-07-02 15:00:00,MT_196,31708.3333333333,1.0673544198395502,False,False,1.002631143036059,False
2013-07-02 17:00:00,MT_196,32958.3333333333,1.3016884406851135,False,False,0.9719153979625587,False
2013-07-03 00:15:00,MT_196,14625.0,-1.0011959949717741,False,False,1.0046547588716732,False
2013-07-03 06:45:00,MT_196,16166.6666666667,-0.7868217940553223,False,False,0.959303445386312,False
2013-07-03 07:45:00,MT_196,14333.3333333333,-1.0313449277478217,False,False,1.240425161694749,False
2013-07-03 11:45:00,MT_196,32833.3333333333,1.2928712655019823,False,False,1.1610663412001239,False
2013-07-03 14:00:00,MT_196,37000.0,1.6449117613736677,False,False,1.070652303157324,False
2013-07-03 17:30:00,MT_196,36958.3333333333,1.4324280287803957,False,False,1.0222015772309336,False
2013-07-03 17:45:00,MT_196,37708.3333333333,1.505575197992873,False,False,1.0368991380141712,False
2013-07-03 23:15:00,MT_196,19375.0,-0.5518899383276535,False,False,1.0332214775324327,False
2013-07-04 01:15:00,MT_196,13000.0,-1.2145364820290692,False,False,1.0359985841521764,False
2013-07-04 03:45:00,MT_196,12375.0,-1.2896024203660332,False,False,1.1758803431331764,False
2013-07-04 06:00:00,MT_196,14958.3333333333,-1.0203496903036153,False,False,1.0004764130142056,False
2013-07-04 07:30:00,MT_196,16375.0,-0.8713022209484298,False,False,1.0227636330494996,False
2013-07-04 08:30:00,MT_196,25958.3333333333,0.12176990207535632,False,False,1.0580506185360654,False
2013-07-04 15:00:00,MT_196,39125.0,1.3759039696573978,False,False,1.0077912395042197,False
2013-07-04 16:00:00,MT_196,39166.6666666667,1.3572022905166954,False,False,1.000832055875552,False
2013-07-05 02:30:00,MT_196,12875.0,-1.289339505872366,False,False,1.09106245525704,False
2013-07-05 03:30:00,MT_196,12791.6666666667,-1.306341309147198,False,False,1.0894663890846332,False
2013-07-05 04:00:00,MT_196,13000.0,-1.2887791035649432,False,False,1.0666920355110376,False
2013-07-05 12:45:00,MT_196,33083.3333333333,0.6807568622236373,False,False,1.0483036261567507,False
2013-07-05 13:15:00,MT_196,35958.3333333333,0.974836742094516,False,False,1.0518813268021965,False
2013-07-05 13:45:00,MT_196,37291.6666666667,1.1101145585930137,False,False,1.0644990799721115,False
2013-07-05 16:00:00,MT_196,39208.3333333333,1.2872457123796357,False,False,1.0601990640958092,False
2013-07-05 20:15:00,MT_196,32041.6666666667,0.5494104305135896,False,False,1.125632347586577,False
2013-07-05 20:30:00,MT_196,25166.6666666667,-0.12224432766582999,False,False,1.2610325958085187,False
2013-07-05 21:00:00,MT_196,24083.3333333333,-0.22920601477584523,False,False,1.2685122710879755,False
2013-07-06 09:00:00,MT_196,31916.6666666667,0.5272063625683271,False,False,1.1123367030538247,False
2013-07-06 23:15:00,MT_196,18291.6666666667,-0.8052618588369702,False,False,1.0901832544169212,False
2013-07-07 00:45:00,MT_196,11291.6666666667,-1.4259228062003515,False,False,1.008958038841336,False
2013-07-07 04:30:00,MT_196,12291.6666666667,-1.329811962695825,False,False,1.0251987913017946,False
2013-07-07 06:30:00,MT_196,18125.0,-0.8092513789527465,False,False,0.9990815614579,False
2013-07-07 07:30:00,MT_196,18333.3333333333,-0.7838928197626395,False,False,1.0023499823552184,False
2013-07-07 09:15:00,MT_196,29833.3333333333,0.23192086245920632,False,False,1.105737542348442,False
2013-07-07 10:00:00,MT_196,32458.3333333333,0.469664410796438,False,False,1.1104331704143708,False
2013-07-07 12:15:00,MT_196,40166.6666666667,1.139747497945228,False,False,1.3698816735780535,False
2013-07-07 14:30:00,MT_196,37208.3333333333,0.8729306676972974,False,False,1.2445857771017008,False
2013-07-07 15:45:00,MT_196,39041.6666666667,1.0442813216627245,False,False,1.4005354551310043,False
2013-07-07 21:45:00,MT_196,21250.0,-0.471496537674132,False,False,1.1296092818395558,False
2013-07-07 23:15:00,MT_196,17250.0,-0.8197042549421343,False,False,1.0242567916058813,False
2013-07-08 03:00:00,MT_196,11375.0,-1.3411626583171403,False,False,1.055367830495322,False
2013-07-08 05:15:00,MT_196,12750.0,-1.2132222835119568,False,False,1.0499302713819798,False
2013-07-08 06:00:00,MT_196,15500.0,-0.9602469032515198,False,False,0.9603160285707434,False
2013-07-08 09:15:00,MT_196,29250.0,0.2817824115046545,False,False,1.1552903315570107,False
2013-07-08 16:15:00,MT_196,39541.6666666667,1.4159802741630143,False,False,1.0178016819152802,False
2013-07-08 16:30:00,MT_196,39875.0,1.447398034594162,False,False,1.0241608346349973,False
2013-07-08 16:45:00,MT_196,39916.6666666667,1.4500699971841269,False,False,1.0271213249762736,False
2013-07-08 21:00:00,MT_196,22208.3333333333,-0.32598617442631955,False,False,1.268561551965676,False
2013-07-08 21:45:00,MT_196,23875.0,-0.16567090836762524,False,False,1.1993375588837922,False
2013-07-08 23:15:00,MT_196,19625.0,-0.5887710427319257,False,False,1.1135044678496748,False
2013-07-09 08:00:00,MT_196,17500.0,-0.8307674098761643,False,False,1.0798201794007207,False
2013-07-09 15:45:00,MT_196,37875.0,1.148601058502869,False,False,0.975684906603932,False
2013-07-09 16:30:00,MT_196,37291.6666666667,1.09748082406487,False,False,0.9688626994346957,False
2013-07-09 16:45:00,MT_196,38583.3333333333,1.2302239099453465,False,False,0.996792692128319,False
2013-07-09 17:00:00,MT_196,37916.6666666667,1.1683280309946527,False,False,0.9785222790914035,False
2013-07-09 17:30:00,MT_196,37875.0,1.171783629807755,False,False,1.019727611869635,False
2013-07-09 21:00:00,MT_196,23291.6666666667,-0.25281761859299406,False,False,1.3376174753990397,False
2013-07-10 05:45:00,MT_196,17458.3333333333,-0.8168721317137645,False,False,1.0059722209347164,False
2013-07-10 06:15:00,MT_196,15916.6666666667,-0.9713553689517279,False,False,0.972351792131986,False
2013-07-10 08:00:00,MT_196,17125.0,-0.8412733496249828,False,False,1.0416761339633602,False
2013-07-10 10:00:00,MT_196,28125.0,0.28759994152794277,False,False,1.0573965955545006,False
2013-07-10 11:30:00,MT_196,30125.0,0.5077800485565646,False,False,1.0161138220787884,False
2013-07-10 21:00:00,MT_196,22750.0,-0.1865443853825227,False,False,1.198120664857834,False
2013-07-11 01:15:00,MT_196,11375.0,-1.4214560470171616,False,False,0.971911476765627,False
2013-07-11 06:00:00,MT_196,14166.6666666667,-1.044825654868765,False,False,1.0080144241294513,False
2013-07-11 11:15:00,MT_196,32791.6666666667,0.9144728391215715,False,False,1.1295949315840124,False
2013-07-11 14:45:00,MT_196,36208.3333333333,1.26248611478924,False,False,0.9806414705973637,False
2013-07-11 20:30:00,MT_196,21125.0,-0.2865163105719555,False,False,1.3679213588945,False
2013-07-11 23:30:00,MT_196,18875.0,-0.5208778282834726,False,False,1.054333891396679,False
2013-07-12 03:30:00,MT_196,10125.0,-1.4659792323265353,False,False,1.0106617254730983,False
2013-07-12 04:00:00,MT_196,9708.33333333333,-1.5083715086111373,False,False,0.9663733281753029,False
2013-07-12 11:45:00,MT_196,29666.6666666667,0.6379799106475104,False,False,1.0138514166055137,False
2013-07-12 14:15:00,MT_196,32791.6666666667,1.0198943035392933,False,False,0.9921460223672304,False
2013-07-12 22:45:00,MT_196,20333.3333333333,-0.337515865937566,False,False,1.0374416995685216,False
2013-07-12 23:00:00,MT_196,18458.3333333333,-0.5553297200386235,False,False,1.0207634034930781,False
2013-07-13 00:00:00,MT_196,15041.6666666667,-0.9529774065421033,False,False,0.9951368005354825,False
2013-07-13 01:45:00,MT_196,10750.0,-1.4443487819695358,False,False,0.9907797492833285,False
2013-07-13 03:00:00,MT_196,10666.6666666667,-1.4493783756086112,False,False,1.016391486229265,False
2013-07-13 03:15:00,MT_196,10916.6666666667,-1.4209295357476661,False,False,1.0184922704677153,False
2013-07-13 09:30:00,MT_196,23416.6666666667,0.031183533626881154,False,False,1.0019478586500452,False
2013-07-13 12:00:00,MT_196,30416.6666666667,0.8670821420700805,False,False,0.9899238470546258,False
2013-07-13 13:00:00,MT_196,32041.6666666667,1.046512277685884,False,False,0.9958222953934494,False
2013-07-13 16:30:00,MT_196,32583.3333333333,1.0835352816320567,False,False,1.0053348889762548,False
2013-07-13 17:15:00,MT_196,33125.0,1.1480651160464521,False,False,1.022521356925706,False
2013-07-13 21:30:00,MT_196,20666.6666666667,-0.288833464002175,False,False,1.1172025515390047,False
2013-07-14 02:00:00,MT_196,11083.3333333333,-1.3838208260607747,False,False,1.0517008289178906,False
2013-07-14 06:15:00,MT_196,16041.6666666667,-0.8090648766228993,False,False,0.9766713400215041,False
2013-07-14 07:00:00,MT_196,15708.3333333333,-0.8459435156749879,False,False,0.9832159003899246,False
2013-07-14 10:15:00,MT_196,26666.6666666667,0.41775596839332024,False,False,1.0141121327117861,False
2013-07-14 14:45:00,MT_196,28208.3333333333,0.5450858607223551,False,False,1.0141595340633582,False
2013-07-14 22:45:00,MT_196,19125.0,-0.3593648205743309,False,False,1.0041497140438236,False
2013-07-14 23:00:00,MT_196,16583.3333333333,-0.6938276923612734,False,False,1.0211074616997522,False
2013-07-15 01:15:00,MT_196,14083.3333333333,-1.0021421006139544,False,False,1.0350517172580829,False
2013-07-15 01:45:00,MT_196,13291.6666666667,-1.1212482011410032,False,False,1.0970599979596278,False
2013-07-15 09:45:00,MT_196,23916.6666666667,0.24501243707597797,False,False,0.9835184820286542,False
2013-07-15 11:00:00,MT_196,28958.3333333333,0.9625486723505332,False,False,1.0450299727286212,False
2013-07-15 13:00:00,MT_196,33166.6666666667,1.6600640253411496,False,False,1.041606198507075,False
2013-07-15 18:15:00,MT_196,30958.3333333333,1.0867982592444156,False,False,1.0194837248713267,False
2013-07-15 20:15:00,MT_196,28708.3333333333,0.6829024594730025,False,False,1.0093466514479708,False
2013-07-15 23:00:00,MT_196,19958.3333333333,-0.40148953209348165,False,False,1.0488321473031121,False
2013-07-16 03:45:00,MT_196,11000.0,-1.4976830515980997,False,False,0.9852164555605925,False
2013-07-16 04:45:00,MT_196,13541.6666666667,-1.1908751379724276,False,False,0.989472628924903,False
2013-07-16 08:00:00,MT_196,17958.3333333333,-0.677960891303012,False,False,1.0062826563531932,False
2013-07-16 12:00:00,MT_196,30791.6666666667,0.9177765875014876,False,False,1.0382867655742436,False
2013-07-16 14:00:00,MT_196,33875.0,1.3114634095174138,False,False,1.0127095261355954,False
2013-07-16 15:30:00,MT_196,35416.6666666667,1.4882188740313458,False,False,0.9632890515446285,False
2013-07-16 18:45:00,MT_196,30875.0,0.8224770356399151,False,False,1.0753883326914078,False
2013-07-16 20:45:00,MT_196,23791.6666666667,0.006134178008976525,False,False,1.2015641784044355,False
2013-07-16 22:00:00,MT_196,20958.3333333333,-0.3289262378298984,False,False,1.2493814008714883,False
2013-07-17 02:15:00,MT_196,11583.3333333333,-1.3908331421074303,False,False,0.9894480589495913,False
2013-07-17 02:45:00,MT_196,11125.0,-1.439263133374152,False,False,1.0035548579430789,False
2013-07-17 06:30:00,MT_196,19333.3333333333,-0.4697409985549733,False,False,1.012681145894429,False
2013-07-17 11:00:00,MT_196,30375.0,0.7816536142422391,False,False,1.0710569393121303,False
2013-07-17 16:15:00,MT_196,37000.0,1.5030910142233234,False,False,0.9860665901184941,False
2013-07-18 03:45:00,MT_196,10916.6666666667,-1.4069885305127332,False,False,1.0143068407083657,False
2013-07-18 05:45:00,MT_196,15791.6666666667,-0.889668500083298,False,False,0.9976886536291439,False
2013-07-18 07:15:00,MT_196,17166.6666666667,-0.7406776548555337,False,False,0.9754374576465953,False
2013-07-18 09:45:00,MT_196,24583.3333333333,0.0509228221989853,False,False,1.0500902164998562,False
2013-07-18 14:00:00,MT_196,33458.3333333333,0.9806884395667951,False,False,1.0013882017209144,False
2013-07-18 15:30:00,MT_196,33791.6666666667,1.022277826829491,False,False,0.9777890721281007,False
2013-07-18 16:45:00,MT_196,34541.6666666667,1.1332120163841153,False,False,0.9905036534589756,False
2013-07-19 00:45:00,MT_196,12000.0,-1.3248400313241484,False,False,0.9728494138681583,False
2013-07-19 09:00:00,MT_196,21875.0,-0.19438545213459565,False,False,1.0455935582878924,False
2013-07-19 16:00:00,MT_196,33083.3333333333,1.1613354948657317,False,False,0.9811397320969912,False
2013-07-19 20:00:00,MT_196,30958.3333333333,0.9521335199962454,False,False,1.0390685088952003,False
2013-07-19 21:15:00,MT_196,21750.0,-0.1335299503392068,False,False,1.2031732429640625,False
2013-07-20 01:30:00,MT_196,10500.0,-1.445119147742981,False,False,0.981243868053261,False
2013-07-20 13:30:00,MT_196,32833.3333333333,1.1793896794748158,False,False,1.0101474410308329,False
2013-07-20 18:30:00,MT_196,33041.6666666667,1.2155134361854036,False,False,1.0938725542668037,False
2013-07-20 22:45:00,MT_196,21208.3333333333,-0.1975477285605972,False,False,1.015709088838422,False
2013-07-21 00:45:00,MT_196,11916.6666666667,-1.309400273952267,False,False,1.0032022033518366,False
2013-07-21 03:00:00,MT_196,9708.33333333333,-1.5581410850780764,False,False,0.9946752560175242,False
2013-07-21 03:30:00,MT_196,9458.33333333333,-1.5819420192342166,False,False,0.9714927004648518,False
2013-07-21 11:00:00,MT_196,23083.3333333333,0.05506301372324974,False,False,1.1679961314585066,False
2013-07-21 14:00:00,MT_196,28083.3333333333,0.716250268602785,False,False,1.0673327949559823,False
2013-07-21 15:30:00,MT_196,24666.6666666667,0.37559816403196633,False,False,0.9841637798185345,False
2013-07-21 16:00:00,MT_196,26500.0,0.6471586895973132,False,False,0.9828622956627594,False
2013-07-21 16:15:00,MT_196,27041.6666666667,0.7355918487165385,False,False,0.99365197080364,False
2013-07-22 00:00:00,MT_196,14166.6666666667,-0.9525691565839904,False,False,1.0076009190442996,False
2013-07-22 01:00:00,MT_196,10500.0,-1.5150266287950704,False,False,0.9967721006719038,False
2013-07-22 10:45:00,MT_196,24666.6666666667,0.7244544665468776,False,False,1.0091368604283435,False
2013-07-22 18:00:00,MT_196,31541.6666666667,1.4040015675627022,False,False,1.0515219694400546,False
2013-07-22 19:15:00,MT_196,30250.0,1.1801338719180274,False,False,1.0175715578780793,False
2013-07-22 19:30:00,MT_196,29666.6666666667,1.0923157730549724,False,False,1.002852065493549,False
2013-07-22 21:15:00,MT_196,20750.0,-0.0673137453902976,False,False,1.1063416916300515,False
2013-07-23 07:00:00,MT_196,17541.6666666667,-0.5003661113668425,False,False,0.9412750867341196,False
2013-07-23 08:00:00,MT_196,17250.0,-0.5475550504545981,False,False,1.014097926072054,False
2013-07-23 08:45:00,MT_196,22208.3333333333,0.09524894914924799,False,False,1.0635746238674841,False
2013-07-23 12:30:00,MT_196,27833.3333333333,0.7792019063927208,False,False,0.9964630217883527,False
2013-07-23 15:00:00,MT_196,32166.6666666667,1.2880639539324814,False,False,0.9977114999318177,False
2013-07-23 15:45:00,MT_196,33166.6666666667,1.4197208174231701,False,False,0.9796569890583011,False
2013-07-23 17:45:00,MT_196,31791.6666666667,1.2276064109178249,False,False,1.0058551179418664,False
2013-07-23 23:30:00,MT_196,18833.3333333333,-0.40556657458386486,False,False,1.0414563781000157,False
2013-07-24 00:00:00,MT_196,15458.3333333333,-0.8159903599485017,False,False,1.0231860461539988,False
2013-07-24 00:30:00,MT_196,12916.6666666667,-1.127003057235571,False,False,0.994978671874795,False
2013-07-24 00:45:00,MT_196,11416.6666666667,-1.3115983802052469,False,False,1.0160733032619873,False
2013-07-24 03:15:00,MT_196,11291.6666666667,-1.3353273294548822,False,False,1.0512466115712744,False
2013-07-24 08:30:00,MT_196,19083.3333333333,-0.3642571760277429,False,False,1.0510099686373926,False
2013-07-24 10:15:00,MT_196,23958.3333333333,0.2300496658962239,False,False,0.9793543596558392,False
2013-07-24 17:30:00,MT_196,32708.3333333333,1.2078402044064684,False,False,0.9940969626221687,False
2013-07-25 00:00:00,MT_196,15416.6666666667,-0.8217227081657182,False,False,1.0496169715633081,False
2013-07-25 03:15:00,MT_196,12750.0,-1.210598535285552,False,False,1.3389660740178555,False
2013-07-25 21:15:00,MT_196,22041.6666666667,0.08241000885724664,False,False,1.03806534405316,False
2013-07-26 05:00:00,MT_196,10875.0,-1.4392698517743407,False,False,1.0446876803876184,False
2013-07-26 06:00:00,MT_196,16250.0,-0.6931726035538864,False,False,0.9585659159310153,False
2013-07-26 11:00:00,MT_196,26208.3333333333,0.711057320070206,False,False,1.0001583619218197,False
2013-07-26 12:30:00,MT_196,27083.3333333333,0.8180355237735432,False,False,0.9915523729045057,False
2013-07-26 16:45:00,MT_196,31166.6666666667,1.3267649403096566,False,False,0.9892352826220799,False
2013-07-26 19:15:00,MT_196,30041.6666666667,1.180974436460104,False,False,1.0290827115726944,False
2013-07-27 05:30:00,MT_196,15125.0,-0.9798646226749476,False,False,1.0367389621833927,False
2013-07-27 05:45:00,MT_196,17166.6666666667,-0.6777992123891843,False,False,0.9899094914449362,False
2013-07-27 12:00:00,MT_196,24458.3333333333,0.3613515152891073,False,False,1.1065480305026656,False
2013-07-27 14:00:00,MT_196,29125.0,1.1321751951624839,False,False,1.0083715401348272,False
2013-07-27 19:00:00,MT_196,28416.6666666667,1.2188037335393438,False,False,1.0713576267440859,False
2013-07-27 19:30:00,MT_196,26791.6666666667,0.9593786751393829,False,False,0.9936173384894059,False
2013-07-27 23:30:00,MT_196,18250.0,-0.5286299356492018,False,False,1.0476416907016821,False
2013-07-28 05:30:00,MT_196,14833.3333333333,-0.9948033079034576,False,False,1.0077357924210706,False
2013-07-28 07:45:00,MT_196,15333.3333333333,-0.88855841120626,False,False,1.057710527061706,False
2013-07-28 09:45:00,MT_196,22833.3333333333,0.345385036085122,False,False,0.9776595580567953,False
2013-07-28 10:45:00,MT_196,24375.0,0.6010435414575526,False,False,0.961739586924829,False
2013-07-28 20:45:00,MT_196,21416.6666666667,0.41651880291341437,False,False,0.9629113142191018,False
2013-07-29 04:00:00,MT_196,10416.6666666667,-1.6995988447050498,False,False,0.9643342752827505,False
2013-07-29 05:45:00,MT_196,16625.0,-0.4777037316018822,False,False,1.0320603794391368,False
2013-07-29 08:00:00,MT_196,18458.3333333333,-0.13959043385747208,False,False,1.0092928620630242,False
2013-07-29 09:00:00,MT_196,21250.0,0.3890346455356571,False,False,0.9967212293108657,False
2013-07-29 10:15:00,MT_196,19458.3333333333,0.06350919461772438,False,False,1.0111517167589419,False
2013-07-29 18:00:00,MT_196,28791.6666666667,1.3633730338102399,False,False,1.0491818691094748,False
2013-07-29 21:15:00,MT_196,22166.6666666667,0.20277443248114402,False,False,1.0183461489742862,False
2013-07-29 22:00:00,MT_196,20041.6666666667,-0.10782570800546012,False,False,1.035911314480278,False
2013-07-30 03:00:00,MT_196,10666.6666666667,-1.567162161256852,False,False,0.9977186441631647,False
2013-07-30 03:30:00,MT_196,10791.6666666667,-1.5518936514632398,False,False,0.9861731325844559,False
2013-07-30 06:30:00,MT_196,17125.0,-0.6066054379681982,False,False,0.948269112737964,False
2013-07-30 06:45:00,MT_196,16541.6666666667,-0.6951998395603161,False,False,0.9643772972570561,False
2013-07-30 07:15:00,MT_196,16166.6666666667,-0.7446977753599331,False,False,0.971700953657156,False
2013-07-30 09:00:00,MT_196,22416.6666666667,0.22637139731469438,False,False,1.024591036423636,False
2013-07-30 09:15:00,MT_196,19625.0,-0.1964707230862092,False,False,1.108806402966372,False
2013-07-30 09:45:00,MT_196,21833.3333333333,0.13768357915242072,False,False,1.010011156879136,False
2013-07-30 10:30:00,MT_196,26208.3333333333,0.7758167765629,False,False,1.005698237234572,False
2013-07-30 15:15:00,MT_196,34791.6666666667,1.6141084997821131,False,False,0.9887620091461747,False
2013-07-30 16:45:00,MT_196,36083.3333333333,1.6234599864924504,False,False,0.9714775615268603,False
2013-07-30 21:15:00,MT_196,21875.0,-0.16355426956179586,False,False,1.2412550024454674,False
2013-07-31 08:15:00,MT_196,19041.6666666667,-0.4909504974958,False,False,1.0320702988980712,False
2013-07-31 12:15:00,MT_196,32250.0,0.8803076620962909,False,False,1.0428150422871347,False
2013-07-31 13:45:00,MT_196,36041.6666666667,1.2792421333192363,False,False,1.0345664818814102,False
2013-07-31 15:00:00,MT_196,37125.0,1.3830461443959152,False,False,1.0156775484240126,False
2013-07-31 22:15:00,MT_196,20250.0,-0.41122544155543667,False,False,1.0712116956273154,False
2013-08-01 03:15:00,MT_196,10458.3333333333,-1.4296823268896548,False,False,0.9900265634453429,False
2013-08-01 08:45:00,MT_196,22000.0,-0.21573557348433778,False,False,1.0363041225052025,False
2013-08-01 11:00:00,MT_196,28208.3333333333,0.46639607613552414,False,False,1.0229476517553315,False
2013-08-01 16:00:00,MT_196,37083.3333333333,1.4601939263046804,False,False,0.9806207039434954,False
2013-08-01 16:45:00,MT_196,35666.6666666667,1.3205057095850012,False,False,0.9923857000884987,False
2013-08-01 19:45:00,MT_196,32708.3333333333,0.9881732967586534,False,False,1.0997376009606665,False
2013-08-01 20:30:00,MT_196,23250.0,-0.026678072200303094,False,False,1.1722990603653485,False
2013-08-01 22:45:00,MT_196,20958.3333333333,-0.2782759147592266,False,False,1.042545282896185,False
2013-08-02 00:15:00,MT_196,16125.0,-0.7983399687785987,False,False,1.039420897750574,False
2013-08-02 04:00:00,MT_196,10500.0,-1.4074333766844724,False,False,0.9764046678837273,False
2013-08-02 04:45:00,MT_196,12666.6666666667,-1.1749926034784512,False,False,1.0239787837992518,False
2013-08-02 06:15:00,MT_196,17875.0,-0.613847080017925,False,False,0.973878618528417,False
2013-08-02 12:00:00,MT_196,28333.3333333333,0.533488008368394,False,False,1.0056800253981188,False
2013-08-02 13:45:00,MT_196,31750.0,0.967690247110723,False,False,0.9907220933068877,False
2013-08-02 14:45:00,MT_196,29000.0,0.6934068588608497,False,False,1.0471751934261146,False
2013-08-02 19:45:00,MT_196,29125.0,0.9678872017477566,False,False,0.9922116517775432,False
2013-08-02 23:45:00,MT_196,17666.6666666667,-0.5806224177772625,False,False,1.0221092502683906,False
2013-08-03 00:45:00,MT_196,11500.0,-1.4226012403707442,False,False,1.0046387663068643,False
2013-08-03 01:30:00,MT_196,10500.0,-1.5566682106498666,False,False,0.963423081670697,False
2013-08-03 12:30:00,MT_196,29125.0,0.9563481062925475,False,False,0.994805668080944,False
2013-08-03 17:45:00,MT_196,32583.3333333333,1.3581652368862531,False,False,1.0347740344681768,False
2013-08-03 20:15:00,MT_196,28375.0,0.7857462554412918,False,False,0.9707859112050301,False
2013-08-04 00:15:00,MT_196,15291.6666666667,-0.877479640746096,False,False,0.9899120829720035,False
2013-08-04 01:30:00,MT_196,11250.0,-1.3902452142499233,False,False,1.013219587852942,False
2013-08-04 08:30:00,MT_196,18875.0,-0.4383801938863943,False,False,1.0195040171483551,False
2013-08-04 12:30:00,MT_196,33166.6666666667,1.2983117469945225,False,False,1.0663236796841855,False
2013-08-04 14:00:00,MT_196,31583.3333333333,1.030181378768203,False,False,1.0979602009360139,False
2013-08-04 17:15:00,MT_196,30166.6666666667,0.9465838680685916,False,False,1.0207460893456093,False
2013-08-04 20:45:00,MT_196,21958.3333333333,-0.01824698103417371,False,False,1.1451320288400246,False
2013-08-05 04:15:00,MT_196,11125.0,-1.4232524224629979,False,False,0.9886866257791525,False
2013-08-05 06:15:00,MT_196,16333.3333333333,-0.7505894791133173,False,False,0.9514965871428921,False
2013-08-05 07:00:00,MT_196,17333.3333333333,-0.6252692953240105,False,False,0.9724354412519877,False
2013-08-05 08:00:00,MT_196,17208.3333333333,-0.6339720877935602,False,False,0.9925401465132211,False
2013-08-05 10:15:00,MT_196,22000.0,-0.0112018724612186,False,False,1.0306093050453256,False
2013-08-05 11:30:00,MT_196,26000.0,0.5690163913141866,False,False,1.0130105241213867,False
2013-08-05 13:45:00,MT_196,32750.0,1.6764010442637933,False,False,0.9981998407253201,False
2013-08-05 14:30:00,MT_196,32750.0,1.6694726698221345,False,False,0.9803803281019325,False
2013-08-05 16:00:00,MT_196,32333.3333333333,1.4908244128893462,False,False,0.9897400706843064,False
2013-08-05 17:45:00,MT_196,32083.3333333333,1.3420894241904842,False,False,1.0451551425893832,False
2013-08-05 18:15:00,MT_196,34250.0,1.5942820880755937,False,False,1.033595624481788,False
2013-08-05 22:15:00,MT_196,20666.6666666667,-0.20176318257807946,False,False,1.0642988632105168,False
2013-08-06 01:00:00,MT_196,12875.0,-1.2020829735010865,False,False,0.9854594321756275,False
2013-08-06 01:45:00,MT_196,12375.0,-1.2793439295805247,False,False,1.0426652643593424,False
2013-08-06 03:15:00,MT_196,13458.3333333333,-1.1743006708634809,False,False,1.1565438785916344,False
2013-08-06 03:45:00,MT_196,11958.3333333333,-1.3841043243897984,False,False,0.9911424701422975,False
2013-08-07 00:30:00,MT_196,14208.3333333333,-1.1440091920123754,False,False,0.9917847061162304,False
2013-08-07 05:45:00,MT_196,17208.3333333333,-0.7084499384078838,False,False,1.0088222453057794,False
2013-08-07 08:15:00,MT_196,18583.3333333333,-0.5031468347446472,False,False,1.0278132095242425,False
2013-08-07 08:30:00,MT_196,19541.6666666667,-0.3721454734560278,False,False,1.0550146163941072,False
2013-08-07 10:15:00,MT_196,22416.6666666667,0.01207137904324158,False,False,1.021568110876635,False
2013-08-07 12:15:00,MT_196,27041.6666666667,0.6479600400014254,False,False,0.9945559512757932,False
2013-08-08 12:00:00,MT_196,27125.0,0.7700288603746467,False,False,1.0057704555072626,False
2013-08-08 12:15:00,MT_196,28916.6666666667,1.0282508156328216,False,False,1.0820090144978356,False
2013-08-08 15:30:00,MT_196,34666.6666666667,1.653581480370327,False,False,0.9807909431216976,False
2013-08-08 22:30:00,MT_196,18958.3333333333,-0.5047808243298084,False,False,1.0965528120818044,False
2013-08-09 05:15:00,MT_196,12833.3333333333,-1.2681467622456812,False,False,1.035550708137804,False
2013-08-09 10:00:00,MT_196,26666.6666666667,0.331571898881098,False,False,1.0261648792793197,False
2013-08-09 12:45:00,MT_196,34416.6666666667,1.126383597623538,False,False,1.0677955233295922,False
2013-08-09 14:15:00,MT_196,37250.0,1.3872723195016847,False,False,1.0310071380324892,False
2013-08-09 17:00:00,MT_196,39416.6666666667,1.510954134985878,False,False,1.064292896985507,False
2013-08-09 18:00:00,MT_196,38458.3333333333,1.369524181690205,False,False,1.0427479916070526,False
2013-08-09 19:00:00,MT_196,37875.0,1.2772833130707573,False,False,1.0964744277829095,False
2013-08-10 10:00:00,MT_196,30333.3333333333,0.4556419944972963,False,False,1.0200331541584065,False
2013-08-10 15:00:00,MT_196,37916.6666666667,1.1222823981318988,False,False,1.0224690739244475,False
2013-08-10 15:15:00,MT_196,38625.0,1.1927152518522692,False,False,1.0183737448455803,False
2013-08-10 17:00:00,MT_196,40625.0,1.384647343402575,False,False,1.0665485441537483,False
2013-08-11 02:15:00,MT_196,11916.6666666667,-1.391215838593875,False,False,1.1108835194990294,False
2013-08-11 03:15:00,MT_196,11916.6666666667,-1.369631996801751,False,False,1.1104492490255822,False
2013-08-11 09:45:00,MT_196,31291.6666666667,0.4421418031235742,False,False,1.0945695356478236,False
2013-08-11 10:15:00,MT_196,33666.6666666667,0.6541377862461017,False,False,1.0795502473501635,False
2013-08-11 10:30:00,MT_196,35333.3333333333,0.8016953431563626,False,False,1.1315656690266,False
2013-08-12 03:45:00,MT_196,11000.0,-1.4306281527528972,False,False,0.9959549680887554,False
2013-08-12 05:30:00,MT_196,15041.6666666667,-1.0030748899711406,False,False,0.9931917765836488,False
2013-08-12 08:00:00,MT_196,18125.0,-0.6659172225608935,False,False,1.0083353562058077,False
2013-08-12 10:30:00,MT_196,28583.3333333333,0.4947152208802339,False,False,1.0375759008947063,False
2013-08-13 03:30:00,MT_196,10291.6666666667,-1.4346045360270918,False,False,1.000547634504405,False
2013-08-13 07:30:00,MT_196,15916.6666666667,-0.8107986336874834,False,False,0.9998505474872506,False
2013-08-13 15:15:00,MT_196,37416.6666666667,1.3567496542074826,False,False,0.9804617365387245,False
2013-08-13 18:00:00,MT_196,38125.0,1.3538672043140727,False,False,1.0410275807418399,False
2013-08-13 18:45:00,MT_196,37250.0,1.2442719247085918,False,False,1.0745636851628038,False
2013-08-14 08:00:00,MT_196,18958.3333333333,-0.6238101237877806,False,False,1.018322812128386,False
2013-08-14 11:45:00,MT_196,34250.0,0.8769000118484709,False,False,1.1264970386565374,False
2013-08-14 14:45:00,MT_196,36875.0,1.1231665524491592,False,False,1.0070927556710565,False
2013-08-14 16:00:00,MT_196,38750.0,1.297816327534626,False,False,0.9997613133457204,False
2013-08-14 22:15:00,MT_196,21416.6666666667,-0.39259637409250675,False,False,1.076099121936012,False
2013-08-15 01:30:00,MT_196,10250.0,-1.4469656903579682,False,False,0.984595039275569,False
2013-08-15 02:30:00,MT_196,9583.33333333333,-1.4994259681860391,False,False,1.0345392625081795,False
2013-08-15 08:30:00,MT_196,21750.0,-0.28923306099412305,False,False,1.0432336162610807,False
2013-08-15 14:15:00,MT_196,36333.3333333333,1.0631911109984873,False,False,0.9943294398693345,False
2013-08-15 16:30:00,MT_196,38750.0,1.2981683231875072,False,False,1.0078410889290392,False
2013-08-15 19:45:00,MT_196,33083.3333333333,0.7902569465888254,False,False,1.0891150222810848,False
2013-08-15 22:45:00,MT_196,21458.3333333333,-0.3029633912595406,False,False,1.0566059874424276,False
2013-08-16 01:15:00,MT_196,13458.3333333333,-1.093533743579523,False,False,1.0284127473433873,False
2013-08-16 03:30:00,MT_196,12791.6666666667,-1.2281044503267644,False,False,1.1244264408716387,False
2013-08-16 06:45:00,MT_196,17416.6666666667,-0.8272039071103177,False,False,0.9577701477512055,False
2013-08-16 12:15:00,MT_196,30833.3333333333,0.6640790513495316,False,False,1.0258678558249403,False
2013-08-16 22:15:00,MT_196,20875.0,-0.3376489393192291,False,False,1.1177281259900245,False
2013-08-17 00:15:00,MT_196,15375.0,-0.9926251866631218,False,False,0.9953666616449836,False
2013-08-17 00:45:00,MT_196,13583.3333333333,-1.1993663827866403,False,False,1.0214684370749596,False
2013-08-17 01:15:00,MT_196,13041.6666666667,-1.261262366636965,False,False,1.0264268001558496,False
2013-08-17 02:00:00,MT_196,12291.6666666667,-1.343582324119584,False,False,1.0364230369580802,False
2013-08-17 10:45:00,MT_196,33541.6666666667,1.1605105730465586,False,False,1.0453478523595725,False
2013-08-17 12:30:00,MT_196,34750.0,1.2046092754215314,False,False,1.0629344460882555,False
2013-08-17 21:15:00,MT_196,22958.3333333333,-0.14246289595850317,False,False,1.101158203720795,False
2013-08-18 14:30:00,MT_196,28833.3333333333,0.4952251663580707,False,False,1.0678962882135599,False
2013-08-18 14:45:00,MT_196,30166.6666666667,0.6415455187684473,False,False,1.0782946535032134,False
2013-08-18 16:30:00,MT_196,29958.3333333333,0.6886155709347874,False,False,1.0353017735087822,False
2013-08-18 18:30:00,MT_196,29875.0,0.77163855337084,False,False,1.0260287046937093,False
2013-08-18 21:45:00,MT_196,20208.3333333333,-0.27951594099007276,False,False,1.0126807649324119,False
2013-08-19 01:30:00,MT_196,11333.3333333333,-1.3451865079086045,False,False,0.9704952722260446,False
2013-08-19 03:15:00,MT_196,10791.6666666667,-1.4213146273955504,False,False,1.0212124813293566,False
2013-08-19 05:15:00,MT_196,11541.6666666667,-1.3324787564298768,False,False,1.0828878559306205,False
2013-08-19 10:00:00,MT_196,27333.3333333333,0.5625007028195571,False,False,1.015762834677518,False
2013-08-19 10:45:00,MT_196,31000.0,1.013636792932866,False,False,1.089092815915718,False
2013-08-19 12:30:00,MT_196,31666.6666666667,1.1370751032419644,False,False,1.04971133423102,False
2013-08-19 14:15:00,MT_196,33125.0,1.3129902878434472,False,False,0.9748874514410728,False
2013-08-19 14:45:00,MT_196,35375.0,1.5550497765857838,False,False,0.9709883495973599,False
2013-08-19 15:00:00,MT_196,34583.3333333333,1.440431752176676,False,False,0.978184627236463,False
2013-08-19 20:45:00,MT_196,23041.6666666667,-0.09426950880470676,False,False,1.192382643942678,False
2013-08-19 21:00:00,MT_196,22583.3333333333,-0.14252023851802575,False,False,1.1654547730368523,False
2013-08-19 21:30:00,MT_196,21083.3333333333,-0.30038631621832274,False,False,1.1847083793393203,False
2013-08-20 06:30:00,MT_196,18583.3333333333,-0.568795066432816,False,False,0.986071948135777,False
2013-08-20 08:00:00,MT_196,17375.0,-0.7100315155236345,False,False,1.030136996616603,False
2013-08-20 14:45:00,MT_196,35041.6666666667,1.200928419843653,False,False,0.9849114412809011,False
2013-08-20 17:00:00,MT_196,37583.3333333333,1.4405851526035744,False,False,0.9815289867118918,False
2013-08-20 18:45:00,MT_196,36666.6666666667,1.3359329191655023,False,False,1.071756771316031,False
2013-08-20 19:45:00,MT_196,33083.3333333333,0.954995555538048,False,False,1.1152291579555393,False
2013-08-21 07:00:00,MT_196,18000.0,-0.6023771898786706,False,False,0.9560415063072967,False
2013-08-21 14:15:00,MT_196,33541.6666666667,1.0657398019010613,False,False,1.0034045094013897,False
2013-08-21 14:45:00,MT_196,34583.3333333333,1.176523222489881,False,False,0.9984909458771786,False
2013-08-21 17:30:00,MT_196,35375.0,1.31988047191586,False,False,0.9945539161418219,False
2013-08-21 19:15:00,MT_196,31791.6666666667,0.9794728701205756,False,False,1.129738773467731,False
2013-08-21 22:30:00,MT_196,17791.6666666667,-0.5599978267507881,False,False,1.0897621549846181,False
2013-08-22 07:15:00,MT_196,16708.3333333333,-0.685285855179261,False,False,0.9607583017501464,False
2013-08-22 08:30:00,MT_196,19250.0,-0.3952340889221885,False,False,1.1087591875265352,False
2013-08-22 11:15:00,MT_196,23500.0,0.09390223120797699,False,False,1.056262707815761,False
2013-08-23 00:00:00,MT_196,14333.3333333333,-0.9252736097796231,False,False,1.0379852244988204,False
2013-08-23 02:30:00,MT_196,9416.66666666667,-1.5143879518400545,False,False,1.034226143351039,False
2013-08-23 04:15:00,MT_196,12500.0,-1.1182526386299936,False,False,1.079215816494559,False
2013-08-23 04:30:00,MT_196,12291.6666666667,-1.1430816613038253,False,False,1.048588869020545,False
2013-08-23 06:45:00,MT_196,18083.3333333333,-0.440017678623511,False,False,0.9753229382517623,False
2013-08-23 15:15:00,MT_196,33750.0,1.49117172307412,False,False,0.9936882233154405,False
2013-08-23 17:15:00,MT_196,32958.3333333333,1.339431221809283,False,False,0.9845424910312525,False
2013-08-24 01:15:00,MT_196,10208.3333333333,-1.4098544208381456,False,False,0.9943144253855467,False
2013-08-24 01:30:00,MT_196,10666.6666666667,-1.3518134292758974,False,False,1.0055807560406282,False
2013-08-24 06:15:00,MT_196,16750.0,-0.6354290957774267,False,False,0.9602901857253446,False
2013-08-24 07:30:00,MT_196,15333.3333333333,-0.8062959406893323,False,False,1.0962761064399107,False
2013-08-24 08:00:00,MT_196,18083.3333333333,-0.47323171276159565,False,False,0.9989229034552576,False
2013-08-24 08:45:00,MT_196,21666.6666666667,-0.040163511354696486,False,False,1.0192429284387463,False
2013-08-24 12:00:00,MT_196,32666.6666666667,1.1872935259900705,False,False,1.0207504587803111,False
2013-08-24 13:15:00,MT_196,31916.6666666667,1.0361508109500601,False,False,1.0075280220238476,False
2013-08-24 21:45:00,MT_196,18791.6666666667,-0.4689595003748288,False,False,1.234143126745993,False
2013-08-25 05:00:00,MT_196,9458.33333333333,-1.5055038970534693,False,False,1.0296806696038046,False
2013-08-25 07:45:00,MT_196,15750.0,-0.7951229002990778,False,False,1.0196566190259209,False
2013-08-25 15:30:00,MT_196,26875.0,0.5872188546017826,False,False,0.9784153079752609,False
2013-08-25 19:00:00,MT_196,25000.0,0.5741272621550044,False,False,1.0013882636678577,False
2013-08-25 20:00:00,MT_196,23916.6666666667,0.46536138449192194,False,False,1.0040927611638328,False
2013-08-25 21:30:00,MT_196,20041.6666666667,-0.07856688369100433,False,False,1.0089602185704114,False
2013-08-25 22:00:00,MT_196,19666.6666666667,-0.1345745457056688,False,False,0.9923744761631899,False
2013-08-26 06:45:00,MT_196,16625.0,-0.5376556512502078,False,False,0.9709084268811864,False
2013-08-26 12:45:00,MT_196,29083.3333333333,1.3347955706574555,False,False,1.0169056365689555,False
2013-08-26 19:15:00,MT_196,31333.3333333333,1.18168682592979,False,False,1.0313504847469,False
2013-08-27 02:15:00,MT_196,12666.6666666667,-1.154831114397244,False,False,1.095001697449998,False
2013-08-27 15:45:00,MT_196,31750.0,1.171014719300874,False,False,0.9976900964215474,False
2013-08-27 16:00:00,MT_196,33125.0,1.357121060919928,False,False,0.977062296762419,False
2013-08-27 18:00:00,MT_196,31041.6666666667,1.127533125339384,False,False,1.017200476118709,False
2013-08-27 19:00:00,MT_196,31416.6666666667,1.2098371741240737,False,False,1.0735668634326627,False
2013-08-27 19:15:00,MT_196,29875.0,1.002381562614579,False,False,1.0562630724152602,False
2013-08-28 00:45:00,MT_196,12583.3333333333,-1.3487878828201394,False,False,1.0122381358845887,False
2013-08-28 01:45:00,MT_196,12250.0,-1.387660479999265,False,False,0.9930981214840975,False
2013-08-28 05:15:00,MT_196,11875.0,-1.4295042386447356,False,False,1.0147879127798054,False
2013-08-28 13:00:00,MT_196,29875.0,1.0549370881122464,False,False,1.0183755550595743,False
2013-08-28 15:00:00,MT_196,31208.3333333333,1.2520502806199572,False,False,0.9941663578239325,False
2013-08-28 22:45:00,MT_196,20041.6666666667,-0.28277662843400597,False,False,0.9917807889909668,False
2013-08-29 00:15:00,MT_196,14625.0,-1.0142289419086215,False,False,1.0238897635622624,False
2013-08-29 04:45:00,MT_196,10291.6666666667,-1.4526575492371143,False,False,1.0211140421222646,False
2013-08-29 05:15:00,MT_196,10208.3333333333,-1.4471480909584136,False,False,1.0699359084935727,False
2013-08-29 06:15:00,MT_196,17166.6666666667,-0.5679969360526335,False,False,0.9680983473884501,False
2013-08-29 06:45:00,MT_196,16083.3333333333,-0.6987930127209354,False,False,0.9600548031683888,False
2013-08-29 13:15:00,MT_196,28000.0,0.837313995400282,False,False,1.035876372424302,False
2013-08-29 13:30:00,MT_196,28958.3333333333,0.9650507109635988,False,False,1.0614927524729427,False
2013-08-29 14:00:00,MT_196,28916.6666666667,0.9670337758086271,False,False,1.082016443268164,False
2013-08-29 14:30:00,MT_196,28291.6666666667,0.894576047554089,False,False,1.0427070140671015,False
2013-08-29 15:30:00,MT_196,30416.6666666667,1.1911360117782375,False,False,1.088936929854727,False
2013-08-29 17:45:00,MT_196,32083.3333333333,1.47352191879715,False,False,1.0578111306186135,False
2013-08-29 18:30:00,MT_196,29375.0,1.1340076822886351,False,False,1.050100129330818,False
2013-08-29 21:45:00,MT_196,20416.6666666667,-0.06619680420886266,False,False,1.0437735064195455,False
2013-08-29 23:00:00,MT_196,18541.6666666667,-0.32246449574262553,False,False,1.0179644917787714,False
2013-08-30 04:00:00,MT_196,10000.0,-1.4874794855774036,False,False,0.9662916895173542,False
2013-08-30 10:15:00,MT_196,21416.6666666667,0.07485458106526614,False,False,1.0482435516849602,False
2013-08-30 11:30:00,MT_196,24458.3333333333,0.4997038381228907,False,False,0.9963358610504798,False
2013-08-30 11:45:00,MT_196,24750.0,0.5431667983397817,False,False,0.9847967445179606,False
2013-08-30 16:45:00,MT_196,33500.0,1.588526190325989,False,False,0.9854649729526138,False
2013-08-30 19:30:00,MT_196,30708.3333333333,1.1564455685010784,False,False,1.050678458692125,False
2013-08-30 20:45:00,MT_196,21875.0,0.04390819981043967,False,False,1.1569543705075844,False
2013-08-30 21:15:00,MT_196,20750.0,-0.09917593950156037,False,False,1.1591496905444492,False
2013-08-31 02:30:00,MT_196,9666.66666666667,-1.482119992390809,False,False,1.0117361916167316,False
2013-08-31 12:00:00,MT_196,32125.0,1.1901347187364022,False,False,1.0087722021974694,False
2013-08-31 15:00:00,MT_196,33833.3333333333,1.319346032944839,False,False,1.0069075887314103,False
2013-08-31 18:00:00,MT_196,32750.0,1.1398900924662199,False,False,1.0392112048155306,False
2013-09-01 02:15:00,MT_196,9791.66666666667,-1.4863418496918883,False,False,0.9947812161569557,False
2013-09-01 10:00:00,MT_196,21958.3333333333,-0.08434619895225173,False,False,1.0940741382627952,False
2013-09-01 12:00:00,MT_196,32500.0,1.1331510326541983,False,False,1.0551383869907518,False
2013-09-01 12:45:00,MT_196,33833.3333333333,1.2818988522249288,False,False,1.0694409851263187,False
2013-09-01 20:00:00,MT_196,23958.3333333333,0.40210010863210244,False,False,1.005328028225089,False
2013-09-02 08:30:00,MT_196,17208.3333333333,-0.46759395346427346,False,False,1.0165643032920242,False
2013-09-02 09:30:00,MT_196,20791.6666666667,0.013703590986429199,False,False,1.0056027150932831,False
2013-09-02 13:45:00,MT_196,31666.6666666667,1.5895433364898965,False,False,0.9993750927245728,False
2013-09-02 15:45:00,MT_196,33041.6666666667,1.6054413819909639,False,False,0.9883524355136208,False
2013-09-02 18:30:00,MT_196,32041.6666666667,1.2425996036485198,False,False,1.0361158372692143,False
2013-09-02 20:45:00,MT_196,22458.3333333333,0.04107174404534793,False,False,1.1002915863300962,False
2013-09-02 22:00:00,MT_196,19958.3333333333,-0.24762950736319006,False,False,1.0887498496225545,False
2013-09-02 23:15:00,MT_196,18625.0,-0.40520362946972266,False,False,1.027747030584331,False
2013-09-03 00:30:00,MT_196,12416.6666666667,-1.1301532203073303,False,False,0.9825676590093403,False
2013-09-03 00:45:00,MT_196,11416.6666666667,-1.247665242596582,False,False,1.0009223442716964,False
2013-09-03 02:45:00,MT_196,10458.3333333333,-1.3668714454437256,False,False,1.0295415203885157,False
2013-09-03 07:45:00,MT_196,15750.0,-0.7750397857729096,False,False,1.0287721782118773,False
2013-09-03 08:15:00,MT_196,17333.3333333333,-0.5871702639533755,False,False,1.0342041434703084,False
2013-09-03 11:30:00,MT_196,30708.3333333333,0.93759010218995,False,False,1.050554609288098,False
2013-09-03 12:00:00,MT_196,32875.0,1.1834722080340407,False,False,1.0734085596105754,False
2013-09-03 12:45:00,MT_196,31875.0,1.0479973889709924,False,False,1.0302570136541,False
2013-09-03 16:00:00,MT_196,36041.6666666667,1.433041716469544,False,False,0.9728229999471651,False
2013-09-04 02:15:00,MT_196,10625.0,-1.3359735058960316,False,False,1.0258218661407963,False
2013-09-04 04:30:00,MT_196,12083.3333333333,-1.1760055102778904,False,False,1.0118913983541598,False
2013-09-04 04:45:00,MT_196,11500.0,-1.236505181657296,False,False,1.000693289934064,False
2013-09-04 17:15:00,MT_196,33791.6666666667,1.187544051466715,False,False,0.9876099651602532,False
2013-09-04 22:00:00,MT_196,19458.3333333333,-0.36881673168717843,False,False,1.1130148849259098,False
2013-09-04 22:30:00,MT_196,18458.3333333333,-0.47946037350275605,False,False,1.0500655764881242,False
2013-09-04 23:45:00,MT_196,17208.3333333333,-0.620632994400734,False,False,1.0600615571929661,False
2013-09-05 00:00:00,MT_196,14666.6666666667,-0.9069780002274054,False,False,1.0348013506647795,False
2013-09-05 09:15:00,MT_196,19875.0,-0.32043836257649067,False,False,1.0619544861722958,False
2013-09-05 13:30:00,MT_196,31791.6666666667,1.1357149445928376,False,False,1.0243344138923614,False
2013-09-05 19:45:00,MT_196,28416.6666666667,0.8307344605403459,False,False,0.9788983597535682,False
2013-09-05 21:00:00,MT_196,20750.0,-0.0953056178553764,False,False,1.1100431796670274,False
2013-09-05 22:15:00,MT_196,19416.6666666667,-0.2589674134682701,False,False,1.0714106193406798,False
2013-09-06 06:30:00,MT_196,17458.3333333333,-0.5529225000608531,False,False,0.9560289718208367,False
2013-09-06 08:00:00,MT_196,17291.6666666667,-0.5797521080786084,False,False,1.0247145769687351,False
2013-09-06 11:30:00,MT_196,27583.3333333333,0.7378208805583044,False,False,0.9920138196931833,False
2013-09-06 11:45:00,MT_196,28208.3333333333,0.8171400487469661,False,False,1.0063142067629136,False
2013-09-06 12:00:00,MT_196,26541.6666666667,0.599377951083927,False,False,0.981059825746908,False
2013-09-06 14:45:00,MT_196,31250.0,1.201793699246149,False,False,0.9966913146844673,False
2013-09-06 15:30:00,MT_196,32500.0,1.3698948522815648,False,False,0.9877213221853387,False
2013-09-06 23:45:00,MT_196,16875.0,-0.6587876821986527,False,False,1.028781356295247,False
2013-09-07 03:45:00,MT_196,10208.3333333333,-1.4831082285731216,False,False,0.9767397581110261,False
2013-09-07 04:30:00,MT_196,12041.6666666667,-1.2460659489127701,False,False,1.016237742519931,False
2013-09-07 07:15:00,MT_196,15333.3333333333,-0.828662946396172,False,False,1.061548229054984,False
2013-09-07 14:00:00,MT_196,29791.6666666667,1.0413506589787156,False,False,1.0087461885578384,False
2013-09-07 16:45:00,MT_196,30458.3333333333,1.1802483832645718,False,False,1.0419714628618297,False
2013-09-07 19:45:00,MT_196,26500.0,0.7268214079128031,False,False,0.9682929931349159,False
2013-09-07 22:15:00,MT_196,18333.3333333333,-0.3894147431896893,False,False,1.0435667352736466,False
2013-09-07 23:45:00,MT_196,15958.3333333333,-0.7141628868418783,False,False,1.0050201025140764,False
2013-09-08 01:30:00,MT_196,9583.33333333333,-1.5455310659762096,False,False,0.9700477697718259,False
2013-09-08 05:30:00,MT_196,12666.6666666667,-1.0792382152269813,False,False,1.0186246152663734,False
2013-09-08 10:15:00,MT_196,22041.6666666667,0.18152278218998522,False,False,0.9950226423919643,False
2013-09-08 16:30:00,MT_196,25583.3333333333,0.8929351097382081,False,False,1.0380124172317613,False
2013-09-08 20:30:00,MT_196,20250.0,0.2295644665121362,False,False,1.0025255962464388,False
2013-09-08 21:00:00,MT_196,21625.0,0.4713211455979802,False,False,0.9665581168381745,False
2013-09-08 22:15:00,MT_196,18875.0,-0.009543464355723287,False,False,1.0076221550886022,False
2013-09-09 12:45:00,MT_196,24791.6666666667,1.0695633853174813,False,False,1.0168316732553118,False
2013-09-09 15:15:00,MT_196,30666.6666666667,1.8760601751567196,False,False,1.0165366214791702,False
2013-09-09 22:45:00,MT_196,18750.0,-0.19900374969256227,False,False,1.0052597053892942,False
2013-09-10 02:15:00,MT_196,12916.6666666667,-1.0303631072974548,False,False,1.1725825115356794,False
2013-09-10 03:00:00,MT_196,11583.3333333333,-1.239674806999623,False,False,1.0821285911701002,False
2013-09-10 10:30:00,MT_196,23958.3333333333,0.4196939768362557,False,False,1.0007919203702762,False
2013-09-10 15:45:00,MT_196,34375.0,1.6887351402171769,False,False,0.9897272435715211,False
2013-09-10 23:45:00,MT_196,17083.3333333333,-0.6282778849322936,False,False,1.0960970045058551,False
2013-09-11 01:30:00,MT_196,12166.6666666667,-1.261197012238106,False,False,1.0199814936781928,False
2013-09-11 03:45:00,MT_196,12000.0,-1.2943638839510805,False,False,1.0373748155229157,False
2013-09-11 06:00:00,MT_196,15833.3333333333,-0.8277600344405356,False,False,0.9725872738672819,False
2013-09-11 14:15:00,MT_196,30541.6666666667,1.1814865398420722,False,False,1.0042393621783745,False
2013-09-11 19:45:00,MT_196,29166.6666666667,1.0600440521353693,False,False,1.1489529415142654,False
2013-09-12 05:45:00,MT_196,15916.6666666667,-0.7359413687655213,False,False,0.9913398270723255,False
2013-09-12 07:30:00,MT_196,14791.6666666667,-0.8799189593657024,False,False,1.0604766449041456,False
2013-09-12 08:00:00,MT_196,15416.6666666667,-0.7895817347814881,False,False,1.0730265798102827,False
2013-09-12 12:00:00,MT_196,24958.3333333333,0.49579100984013336,False,False,0.9913810941225805,False
2013-09-12 12:30:00,MT_196,24958.3333333333,0.49649198353260904,False,False,0.9931350095223749,False
2013-09-12 19:15:00,MT_196,32333.3333333333,1.4596157267504635,False,False,1.1424657728839036,False
2013-09-12 21:30:00,MT_196,20083.3333333333,-0.1782155917066498,False,False,1.104398278352908,False
2013-09-13 08:00:00,MT_196,16625.0,-0.6552112035235387,False,False,1.039787607299182,False
2013-09-13 10:00:00,MT_196,21125.0,-0.05732145956955595,False,False,1.1296353105336605,False
2013-09-13 11:45:00,MT_196,28583.3333333333,0.9132741705880106,False,False,1.012488717820201,False
2013-09-13 13:45:00,MT_196,30958.3333333333,1.1609365938969285,False,False,0.988403440790933,False
2013-09-13 16:30:00,MT_196,34000.0,1.514279663527642,False,False,0.982081072123637,False
2013-09-13 17:00:00,MT_196,36291.6666666667,1.7866654133963615,False,False,1.0339210461152322,False
2013-09-13 20:00:00,MT_196,28291.6666666667,0.7449415326481295,False,False,0.9789960764498227,False
2013-09-14 06:15:00,MT_196,18958.3333333333,-0.4199550336218115,False,False,1.029304704812421,False
2013-09-14 10:45:00,MT_196,30083.3333333333,0.9174272398392872,False,False,0.9950046817382685,False
2013-09-14 11:00:00,MT_196,30291.6666666667,0.9313358928795505,False,False,0.9923071664123729,False
2013-09-14 12:30:00,MT_196,33625.0,1.2904500069817606,False,False,1.0538366269945312,False
2013-09-14 16:00:00,MT_196,33375.0,1.1802189346013665,False,False,0.9935392028805501,False
2013-09-14 17:30:00,MT_196,34458.3333333333,1.304110833536562,False,False,1.010829050354138,False
2013-09-14 18:45:00,MT_196,27208.3333333333,0.46604399516739764,False,False,1.0343787089023013,False
2013-09-14 19:45:00,MT_196,23750.0,0.08254199539406816,False,False,1.2021736554802036,False
2013-09-15 01:15:00,MT_196,12541.6666666667,-1.2678933201033165,False,False,1.044783494857227,False
2013-09-15 06:15:00,MT_196,18125.0,-0.5478553692035729,False,False,1.012662829944923,False
2013-09-15 15:30:00,MT_196,25750.0,0.5638768063050976,False,False,0.9716821355942433,False
2013-09-15 15:45:00,MT_196,25125.0,0.49902762351294583,False,False,0.9736765066211244,False
2013-09-15 16:15:00,MT_196,25791.6666666667,0.6255189178549084,False,False,0.9883949573442391,False
2013-09-16 00:15:00,MT_196,14666.6666666667,-0.907965287837006,False,False,1.0117912079928633,False
2013-09-16 01:30:00,MT_196,12125.0,-1.3064369238541713,False,False,0.9828484091065793,False
2013-09-16 02:00:00,MT_196,11666.6666666667,-1.375264430508137,False,False,1.0063896345201093,False
2013-09-16 07:15:00,MT_196,14291.6666666667,-1.0145784956967174,False,False,1.1689905294476266,False
2013-09-16 10:45:00,MT_196,21208.3333333333,0.16247456569046514,False,False,0.9706747699523893,False
2013-09-16 18:45:00,MT_196,26041.6666666667,0.6251541852312656,False,False,1.0008946819683289,False
2013-09-16 19:30:00,MT_196,24666.6666666667,0.4465422647443444,False,False,1.0328555712158,False
2013-09-17 00:45:00,MT_196,12125.0,-1.1800740912282404,False,False,0.984271656365674,False
2013-09-17 10:15:00,MT_196,21750.0,0.10346501687762043,False,False,1.013479510407673,False
2013-09-17 12:30:00,MT_196,24125.0,0.3958054767604466,False,False,1.0416784644277728,False
2013-09-17 18:45:00,MT_196,23250.0,0.3792926922480662,False,False,1.0640157173277143,False
2013-09-17 23:00:00,MT_196,19000.0,-0.16980471315264675,False,False,0.9826573512085194,False
2013-09-18 09:00:00,MT_196,20458.3333333333,0.048232678006011415,False,False,1.012599199399604,False
2013-09-18 09:30:00,MT_196,20291.6666666667,0.02896017073601671,False,False,1.0078830439016584,False
2013-09-18 11:30:00,MT_196,19333.3333333333,-0.08764282301596231,False,False,1.1218191893224019,False
2013-09-18 12:45:00,MT_196,19333.3333333333,-0.06972546042472062,False,False,1.2238603293070107,False
2013-09-18 17:45:00,MT_196,29166.6666666667,1.3971968746663663,False,False,1.0490957005346255,False
2013-09-18 18:30:00,MT_196,23250.0,0.5664260766153717,False,False,0.9843684740744157,False
2013-09-18 21:45:00,MT_196,19458.3333333333,0.011195190883162572,False,False,1.021594287158137,False
2013-09-19 04:15:00,MT_196,12625.0,-1.0532631636712464,False,False,1.1305179076105762,False
2013-09-19 07:15:00,MT_196,15166.6666666667,-0.7018908355809107,False,False,0.9862968978086956,False
2013-09-19 11:00:00,MT_196,19625.0,-0.02273087057310432,False,False,1.0696608298692187,False
2013-09-19 20:00:00,MT_196,21916.6666666667,0.19097237335823958,False,False,1.0826669614272582,False
2013-09-19 22:15:00,MT_196,18500.0,-0.2795072962317505,False,False,1.0757129946786985,False
2013-09-20 04:15:00,MT_196,15500.0,-0.7695079442681394,False,False,1.217437693186307,False
2013-09-20 04:30:00,MT_196,15125.0,-0.8312606919835807,False,False,1.1116746676475138,False
2013-09-20 07:00:00,MT_196,17916.6666666667,-0.45550809974490275,False,False,0.9655524837974069,False
2013-09-20 10:45:00,MT_196,22375.0,0.18253635641510446,False,False,1.036070022524056,False
2013-09-20 13:30:00,MT_196,32583.3333333333,1.639727584064296,False,False,1.081436962177621,False
2013-09-20 13:45:00,MT_196,33750.0,1.805878945465727,False,False,1.113680526040266,False
2013-09-20 15:15:00,MT_196,32833.3333333333,1.6362799267594241,False,False,1.0105950112768862,False
2013-09-20 15:45:00,MT_196,33208.3333333333,1.68517823513794,False,False,1.0082717649171786,False
2013-09-20 18:45:00,MT_196,25708.3333333333,0.558109872232271,False,False,1.007428781058099,False
2013-09-21 03:45:00,MT_196,9625.0,-1.6063593395221234,False,False,0.9779124187051983,False
2013-09-21 05:45:00,MT_196,15833.3333333333,-0.7255072476233682,False,False,0.9842451136070003,False
2013-09-21 09:15:00,MT_196,20375.0,-0.12985107785390348,False,False,1.0382619007819334,False
2013-09-21 14:00:00,MT_196,33333.3333333333,1.2740113188725728,False,False,1.016400432370975,False
2013-09-21 21:15:00,MT_196,22125.0,-0.05681086034746897,False,False,1.0411893883426753,False
2013-09-21 21:30:00,MT_196,20875.0,-0.20135972490113416,False,False,1.0732701666609488,False
2013-09-21 22:00:00,MT_196,19208.3333333333,-0.3922165645391545,False,False,1.112412313036478,False
2013-09-22 00:15:00,MT_196,14791.6666666667,-0.8936833457129143,False,False,0.983921349342148,False
2013-09-22 01:00:00,MT_196,10541.6666666667,-1.3788424023397992,False,False,1.0046815085860832,False
2013-09-22 16:15:00,MT_196,29791.6666666667,0.9280433361702077,False,False,1.0410868030601237,False
2013-09-22 17:45:00,MT_196,28708.3333333333,0.8869028730486177,False,False,1.0236114773899117,False
2013-09-23 00:45:00,MT_196,10791.6666666667,-1.4494296605456214,False,False,0.9981447545113399,False
2013-09-23 03:00:00,MT_196,10291.6666666667,-1.496422868311746,False,False,0.9899321059538904,False
2013-09-23 15:45:00,MT_196,31250.0,1.624402793963989,False,False,1.0082175155313282,False
2013-09-23 17:15:00,MT_196,33458.3333333333,1.8255640555246897,False,False,1.019634911063473,False
2013-09-23 18:15:00,MT_196,30750.0,1.3410734117216365,False,False,1.0446517317951483,False
2013-09-23 23:30:00,MT_196,18375.0,-0.3365264112490767,False,False,1.0375329527170778,False
2013-09-24 02:00:00,MT_196,10333.3333333333,-1.4724053589458284,False,False,1.0463956120584827,False
2013-09-24 02:30:00,MT_196,9916.66666666667,-1.527573302965987,False,False,0.9971901725491802,False
2013-09-24 03:30:00,MT_196,9250.0,-1.6076939675431061,False,False,1.0002209358626657,False
2013-09-24 09:30:00,MT_196,21416.6666666667,0.12270539509492794,False,False,1.0052711150737224,False
2013-09-24 15:45:00,MT_196,26583.3333333333,0.8693617395253903,False,False,1.002208212489648,False
2013-09-24 16:15:00,MT_196,29250.0,1.2675250476663973,False,False,1.0108197344948386,False
2013-09-24 19:15:00,MT_196,19541.6666666667,-0.013699579997783979,False,False,1.2416724163455028,False
2013-09-24 20:00:00,MT_196,19416.6666666667,-0.013570623491808398,False,False,1.1290175052972689,False
2013-09-24 20:30:00,MT_196,19875.0,0.06374753843124373,False,False,1.0315235486281034,False
2013-09-24 23:45:00,MT_196,17500.0,-0.30174256187915854,False,False,1.0347932182586568,False
2013-09-25 10:00:00,MT_196,20625.0,0.1330023772385106,False,False,0.9921506179606134,False
2013-09-25 10:15:00,MT_196,21041.6666666667,0.20642660749165428,False,False,0.9822810104684601,False
2013-09-25 20:30:00,MT_196,21000.0,0.21548844487880647,False,False,0.9870427072417409,False
2013-09-25 21:15:00,MT_196,20166.6666666667,0.06255904798415647,False,False,1.0424277162773754,False
2013-09-25 22:30:00,MT_196,18041.6666666667,-0.31968864970431465,False,False,1.0002935734426481,False
2013-09-26 01:45:00,MT_196,12125.0,-1.3769875175273578,False,False,1.0472285950835338,False
2013-09-26 10:00:00,MT_196,21500.0,0.28285609787959237,False,False,0.9666954017122431,False
2013-09-26 12:45:00,MT_196,21375.0,0.2532012794027704,False,False,1.042315260958101,False
2013-09-26 21:30:00,MT_196,19875.0,0.005767207004267505,False,False,1.0499374264372383,False
2013-09-27 10:30:00,MT_196,19833.3333333333,-0.033084812289723625,False,False,1.11772379015174,False
2013-09-27 18:45:00,MT_196,19875.0,0.3946015411284198,False,False,1.167283271646523,False
2013-09-27 19:30:00,MT_196,20541.6666666667,0.5999339225160458,False,False,1.0291343101083708,False
2013-09-28 00:30:00,MT_196,13041.6666666667,-1.6205118933924387,False,False,1.0554382089025647,False
2013-09-28 01:30:00,MT_196,12208.3333333333,-1.8192156107544173,False,False,1.037065364747099,False
2013-09-28 03:30:00,MT_196,11541.6666666667,-1.9154353135522366,False,False,1.0639223937671702,False
2013-09-28 06:00:00,MT_196,15291.6666666667,-0.7627449516483906,False,False,0.9804201118760235,False
2013-09-28 06:45:00,MT_196,16500.0,-0.4439387577425695,False,False,0.961171347573505,False
2013-09-28 10:00:00,MT_196,22291.6666666667,1.0864388845258632,False,False,1.0266162810812685,False
2013-09-28 19:00:00,MT_196,23083.3333333333,0.9687254193116741,False,False,1.004575066732187,False
2013-09-28 21:15:00,MT_196,19500.0,0.1085860853883867,False,False,0.9996501861336063,False
2013-09-29 02:45:00,MT_196,10333.3333333333,-1.8191951728813547,False,False,0.9795310829867209,False
2013-09-29 07:15:00,MT_196,14708.3333333333,-0.8032572067956674,False,False,1.012612086348639,False
2013-09-29 11:30:00,MT_196,22625.0,0.8404305624801192,False,False,0.9712376162216586,False
2013-09-29 13:30:00,MT_196,24000.0,1.1088655232878415,False,False,1.1673279464759896,False
2013-09-29 16:30:00,MT_196,22125.0,0.7802570071788388,False,False,0.980545572189749,False
2013-09-29 17:30:00,MT_196,20833.3333333333,0.5419585651066324,False,False,1.024934846951975,False
2013-09-29 21:15:00,MT_196,19541.6666666667,0.3477617981616358,False,False,0.9840199187767921,False
2013-09-29 22:00:00,MT_196,18458.3333333333,0.10930393455874747,False,False,1.0173655645575626,False
2013-09-29 23:45:00,MT_196,15791.6666666667,-0.48218393032664086,False,False,1.028440153466525,False
2013-09-30 00:15:00,MT_196,14208.3333333333,-0.8331456779044744,False,False,1.0093140050175193,False
2013-09-30 06:45:00,MT_196,17708.3333333333,-0.03404994416095191,False,False,1.1456916461297206,False
2013-09-30 07:00:00,MT_196,16666.6666666667,-0.27169721911519734,False,False,1.0123375762040623,False
2013-09-30 11:15:00,MT_196,19875.0,0.45707211508349027,False,False,0.9868666256943963,False
2013-09-30 14:00:00,MT_196,20166.6666666667,0.6103482529299734,False,False,0.9874715820737913,False
2013-09-30 17:15:00,MT_196,24291.6666666667,1.5893239060096567,False,False,1.0779430163717683,False
2013-09-30 22:45:00,MT_196,20291.6666666667,0.5865098309076927,False,False,1.0128246778260692,False
2013-10-01 06:00:00,MT_196,15041.6666666667,-0.633945409239072,False,False,0.994091818601944,False
2013-10-01 11:45:00,MT_196,19833.3333333333,0.4352205616238798,False,False,0.9927632219961358,False
2013-10-01 13:15:00,MT_196,19583.3333333333,0.3838236679780173,False,False,1.0541369949050217,False
2013-10-01 13:45:00,MT_196,20666.6666666667,0.6362397266680713,False,False,1.0006320174825278,False
2013-10-01 19:15:00,MT_196,21041.6666666667,0.7494739761736239,False,False,0.9805663751685261,False
2013-10-02 07:45:00,MT_196,15791.6666666667,-0.41723454139720667,False,False,0.9928974925035697,False
2013-10-02 12:00:00,MT_196,20125.0,0.5966104482444499,False,False,0.9814199893458279,False
2013-10-02 13:15:00,MT_196,26000.0,1.891154786198004,False,False,1.671599890576368,False
2013-10-02 14:45:00,MT_196,22500.0,1.0002867141274019,False,False,1.0076554400737325,False
2013-10-02 15:45:00,MT_196,22000.0,0.8821949478114216,False,False,0.9750869792992097,False
2013-10-02 17:15:00,MT_196,23458.3333333333,1.1445915538989468,False,False,1.0087427130287105,False
2013-10-03 17:45:00,MT_196,20291.6666666667,0.6947211099431656,False,False,1.0156578850487534,False
2013-10-03 21:00:00,MT_196,19583.3333333333,0.4968720673828727,False,False,0.9923080936922941,False
2013-10-03 22:00:00,MT_196,19000.0,0.3217905725107576,False,False,0.9728578651396638,False
2013-10-03 23:15:00,MT_196,17833.3333333333,-0.028196633694680676,False,False,0.9932227326938445,False
2013-10-04 02:00:00,MT_196,10041.6666666667,-2.0198755975267697,False,False,1.1604813251593535,False
2013-10-04 02:15:00,MT_196,10625.0,-1.8464582731788157,False,False,0.9800403708735964,False
2013-10-04 13:00:00,MT_196,23666.6666666667,1.4633452540296783,False,False,1.1957787728849105,False
2013-10-04 13:30:00,MT_196,24666.6666666667,1.6618943371749573,False,False,1.2351646307360682,False
2013-10-04 19:45:00,MT_196,21208.3333333333,0.6522374473295409,False,False,0.9916314671083359,False
2013-10-04 20:30:00,MT_196,19500.0,0.28785611648095216,False,False,1.0154187835773447,False
2013-10-05 00:15:00,MT_196,14250.0,-0.8470137828259009,False,False,0.9908134342081087,False
2013-10-05 02:45:00,MT_196,9916.66666666667,-1.7608089268496028,False,False,0.9760676354827642,False
2013-10-05 13:15:00,MT_196,25083.3333333333,1.2773633420044963,False,False,1.0979633969597373,False
2013-10-06 00:00:00,MT_196,13708.3333333333,-0.9856230951424126,False,False,0.9706512820568278,False
2013-10-06 02:45:00,MT_196,10291.6666666667,-1.584711600288357,False,False,0.998481589504713,False
2013-10-06 05:00:00,MT_196,9541.66666666667,-1.7119055534476901,False,False,1.0320915840970526,False
2013-10-06 10:00:00,MT_196,21833.3333333333,0.46274500388820267,False,False,0.9677955711940649,False
2013-10-06 10:15:00,MT_196,22083.3333333333,0.5101619529014333,False,False,0.9662264990443266,False
2013-10-06 13:15:00,MT_196,24333.3333333333,0.9356041744769942,False,False,1.0479868559123713,False
2013-10-06 14:15:00,MT_196,22083.3333333333,0.5468819415626982,False,False,0.9826364492723441,False
2013-10-06 15:30:00,MT_196,23708.3333333333,0.8771815951982537,False,False,1.0265109071718461,False
2013-10-06 16:00:00,MT_196,25916.6666666667,1.3035917319402672,False,False,1.2805244740841306,False
2013-10-06 20:00:00,MT_196,21625.0,0.534541759535481,False,False,0.965937967390947,False
2013-10-07 05:15:00,MT_196,12000.0,-1.4964593780327669,False,False,1.0843876983496248,False
2013-10-07 14:15:00,MT_196,24750.0,1.22749495052022,False,False,1.0689430450416983,False
2013-10-07 15:30:00,MT_196,26250.0,1.4578971620442667,False,False,1.0886908425410373,False
2013-10-07 18:45:00,MT_196,20958.3333333333,0.3554264774684093,False,False,1.06200125070874,False
2013-10-07 20:15:00,MT_196,20541.6666666667,0.28994363277578655,False,False,0.9899162708187244,False
2013-10-08 01:45:00,MT_196,9708.33333333333,-1.8419033836860512,False,False,0.9924939694414174,False
2013-10-08 02:00:00,MT_196,9666.66666666667,-1.8346229848335533,False,False,0.9710914350222049,False
2013-10-08 02:15:00,MT_196,10041.6666666667,-1.743874044238746,False,False,0.9430136913677541,False
2013-10-08 10:00:00,MT_196,21041.6666666667,0.4219036251865227,False,False,0.9598305848432588,False
2013-10-08 12:15:00,MT_196,22041.6666666667,0.590751729392891,False,False,0.9759755619565865,False
2013-10-08 12:30:00,MT_196,21291.6666666667,0.4536765084702238,False,False,0.9931596878345695,False
2013-10-08 14:00:00,MT_196,28541.6666666667,1.6938571305380479,False,False,1.1683331387717928,False
2013-10-08 19:45:00,MT_196,20791.6666666667,0.2555184647915104,False,False,0.9999179535259001,False
2013-10-08 23:00:00,MT_196,17875.0,-0.20547641401633374,False,False,1.0044184102069615,False
2013-10-09 00:15:00,MT_196,14333.3333333333,-0.7696409562376291,False,False,1.0189653686029447,False
2013-10-09 10:15:00,MT_196,21416.6666666667,0.36940469197273895,False,False,0.9745698679200643,False
2013-10-09 19:45:00,MT_196,20333.3333333333,0.618371167740553,False,False,0.9775245162016195,False
2013-10-09 23:45:00,MT_196,16708.3333333333,-0.17503733797275522,False,False,1.021412082447642,False
2013-10-10 06:00:00,MT_196,13166.6666666667,-0.8704261091512507,False,False,1.0397643001083183,False
2013-10-10 09:45:00,MT_196,18166.6666666667,0.21363913524200182,False,False,1.0028150776794231,False
2013-10-10 16:00:00,MT_196,20708.3333333333,1.0118121047797888,False,False,0.9760143636903215,False
2013-10-10 21:15:00,MT_196,18625.0,0.4947867545595119,False,False,0.9976122252814552,False
2013-10-10 23:15:00,MT_196,17041.6666666667,0.10315714525874128,False,False,1.0059617193724408,False
2013-10-10 23:45:00,MT_196,16458.3333333333,-0.03677547264635182,False,False,1.110829300672249,False
2013-10-11 00:30:00,MT_196,11416.6666666667,-1.2569705105091449,False,False,1.006609222105424,False
2013-10-11 04:15:00,MT_196,11500.0,-1.3206735571529322,False,False,1.0022314755161326,False
2013-10-11 10:00:00,MT_196,20166.6666666667,0.8427647889833229,False,False,1.0300539308817882,False
2013-10-11 11:00:00,MT_196,19166.6666666667,0.5640731487586164,False,False,0.9788107593639103,False
2013-10-11 17:00:00,MT_196,21916.6666666667,1.2613864683496083,False,False,0.991328780175056,False
2013-10-11 20:30:00,MT_196,20291.6666666667,0.8100382854630339,False,False,0.9901899741839695,False
2013-10-11 20:45:00,MT_196,19750.0,0.6707069219432191,False,False,0.9750037292203956,False
2013-10-11 23:30:00,MT_196,17958.3333333333,0.21951246849490183,False,False,1.066628695140448,False
2013-10-12 03:00:00,MT_196,10333.3333333333,-0.9786080529658694,False,False,1.6357270200345742,False
2013-10-12 05:45:00,MT_196,16791.6666666667,0.0981843357289982,False,False,1.5702558031542768,False
2013-10-12 08:15:00,MT_196,17541.6666666667,0.22560653836653863,False,False,1.07434894568057,False
2013-10-12 17:45:00,MT_196,20208.3333333333,0.6490769503766121,False,False,1.092422283199492,False
2013-10-12 21:30:00,MT_196,19333.3333333333,0.5143400970219574,False,False,1.009925772024594,False
2013-10-13 04:00:00,MT_196,9041.66666666667,-1.9597705107677372,False,False,1.0362335041521527,False
2013-10-13 04:30:00,MT_196,12000.0,-1.23024273219831,False,False,1.051278528227678,False
2013-10-13 06:45:00,MT_196,15041.6666666667,-0.49226801151323235,False,False,0.9800334426110021,False
2013-10-13 07:15:00,MT_196,14458.3333333333,-0.6287283837408525,False,False,0.9921921398254883,False
2013-10-13 08:45:00,MT_196,15750.0,-0.28194744970893804,False,False,1.1153531298764547,False
2013-10-13 10:15:00,MT_196,21166.6666666667,1.0860271074092556,False,False,1.1654731376349048,False
2013-10-13 11:30:00,MT_196,19583.3333333333,0.6929857245960725,False,False,1.0459736583285963,False
2013-10-13 11:45:00,MT_196,20458.3333333333,0.9101094263058914,False,False,1.0242078563007257,False
2013-10-13 12:15:00,MT_196,20666.6666666667,0.9587710409913331,False,False,1.0242087652018983,False
2013-10-13 13:30:00,MT_196,17791.6666666667,0.2485480593889296,False,False,1.1082887603851272,False
2013-10-13 16:00:00,MT_196,19291.6666666667,0.645118515591119,False,False,1.0219541274863917,False
2013-10-13 18:45:00,MT_196,20208.3333333333,0.8025777922812988,False,False,1.0178872096741878,False
2013-10-14 00:30:00,MT_196,13375.0,-0.83229350435761,False,False,1.014396045665143,False
2013-10-14 00:45:00,MT_196,11791.6666666667,-1.2152175026925691,False,False,0.9845826902460737,False
2013-10-14 06:45:00,MT_196,15625.0,-0.5161723237771271,False,False,0.9754871112798108,False
2013-10-14 07:15:00,MT_196,17208.3333333333,-0.06612011443746511,False,False,1.0534251607732608,False
2013-10-14 14:15:00,MT_196,18625.0,0.36848388215440386,False,False,1.1249874833829763,False
2013-10-15 04:00:00,MT_196,9708.33333333333,-2.197864479245717,False,False,1.2488215951648647,False
2013-10-15 11:30:00,MT_196,20291.6666666667,0.9396563305481542,False,False,1.0236341943825586,False
2013-10-15 16:45:00,MT_196,19500.0,0.7510897579338124,False,False,1.038294974247713,False
2013-10-15 18:00:00,MT_196,21625.0,1.3776630575820965,False,False,1.0883756860739566,False
2013-10-16 02:45:00,MT_196,10208.3333333333,-1.908104472799854,False,False,1.0070184768766506,False
2013-10-16 05:45:00,MT_196,16791.6666666667,-0.05229456691433051,False,False,1.173045630472938,False
2013-10-16 12:15:00,MT_196,19541.6666666667,0.7249892925148136,False,False,1.0027051419186568,False
2013-10-16 19:00:00,MT_196,19458.3333333333,0.6413062697761103,False,False,1.0114221010501556,False
2013-10-17 01:30:00,MT_196,10333.3333333333,-1.8019894785242312,False,False,0.9855255044904774,False
2013-10-17 13:30:00,MT_196,19666.6666666667,0.7229864768081077,False,False,1.0197717777728976,False
2013-10-17 13:45:00,MT_196,19125.0,0.5855541310308382,False,False,1.055233444198676,False
2013-10-17 15:45:00,MT_196,19833.3333333333,0.7851149202998395,False,False,0.9976438410143317,False
2013-10-17 19:00:00,MT_196,20166.6666666667,0.8760068316310018,False,False,0.9925980244278227,False
2013-10-17 20:00:00,MT_196,19916.6666666667,0.8042682372916139,False,False,0.99851938199811,False
2013-10-18 02:15:00,MT_196,12625.0,-1.273650735100177,False,False,1.0931867885733206,False
2013-10-18 05:15:00,MT_196,12125.0,-1.6844062320513546,False,False,1.145250747966012,False
2013-10-18 12:15:00,MT_196,20666.6666666667,1.024418109518766,False,False,1.0410941821053588,False
2013-10-18 16:45:00,MT_196,20083.3333333333,0.8602197385286198,False,False,1.006381363441396,False
2013-10-19 04:45:00,MT_196,11333.3333333333,-1.5274503070955943,False,False,0.9929764584216852,False
2013-10-19 06:30:00,MT_196,17208.3333333333,0.046298965584983844,False,False,1.2738229776197858,False
2013-10-19 07:45:00,MT_196,16958.3333333333,-0.010920111928202485,False,False,1.08043508224243,False
2013-10-19 09:45:00,MT_196,19375.0,0.606642676857859,False,False,1.0219998302091908,False
2013-10-19 14:00:00,MT_196,18875.0,0.42708551148551593,False,False,1.2528356893529828,False
2013-10-19 18:30:00,MT_196,20791.6666666667,0.8742140438436286,False,False,1.0014692520492392,False
2013-10-19 19:45:00,MT_196,21458.3333333333,1.0135715548885704,False,False,1.095395151989974,False
2013-10-19 22:45:00,MT_196,19833.3333333333,0.5713343275323658,False,False,1.1363844681385429,False
2013-10-20 00:30:00,MT_196,12250.0,-1.2374834993685022,False,False,1.0044157205819308,False
2013-10-20 02:00:00,MT_196,10416.6666666667,-1.6727980016201178,False,False,0.9654348617225527,False
2013-10-20 04:15:00,MT_196,10958.3333333333,-1.5396842572142837,False,False,0.9775105334975132,False
2013-10-20 11:00:00,MT_196,19125.0,0.42004445716235217,False,False,1.0780233334882243,False
2013-10-20 11:15:00,MT_196,19916.6666666667,0.6124036786347388,False,False,1.018890162894187,False
2013-10-20 18:15:00,MT_196,21458.3333333333,0.9192975399827038,False,False,0.9996495550347945,False
2013-10-20 20:30:00,MT_196,21666.6666666667,0.9338644649541002,False,False,1.2224127185740075,False
2013-10-20 23:00:00,MT_196,17833.3333333333,0.0865633140743555,False,False,1.0468818707997871,False
2013-10-21 08:30:00,MT_196,15375.0,-0.753541244720917,False,False,1.1064414847871404,False
2013-10-21 11:30:00,MT_196,19458.3333333333,0.43438576935679674,False,False,0.9826985252513848,False
2013-10-21 20:30:00,MT_196,19041.6666666667,0.5458005438446618,False,False,0.9944330671259343,False
2013-10-22 01:45:00,MT_196,10125.0,-2.2277993035648107,False,False,1.3507163511886648,False
2013-10-22 04:45:00,MT_196,9916.66666666667,-1.7798258176091875,False,False,1.026835900977714,False
2013-10-22 09:45:00,MT_196,18541.6666666667,0.42365160352049813,False,False,0.9871478143314348,False
2013-10-22 13:15:00,MT_196,19750.0,0.7020582512022987,False,False,1.0142582893764123,False
2013-10-22 17:30:00,MT_196,19500.0,0.6280144463189323,False,False,1.0386248511555838,False
2013-10-22 20:15:00,MT_196,19666.6666666667,0.7032035327949175,False,False,0.9840683422270479,False
2013-10-22 21:45:00,MT_196,18166.6666666667,0.3337354017598013,False,False,0.9748396735983923,False
2013-10-23 01:00:00,MT_196,11958.3333333333,-1.2479894553994968,False,False,1.014776686605568,False
2013-10-23 03:15:00,MT_196,12041.6666666667,-1.3816661634270224,False,False,1.0264226405039463,False
2013-10-23 03:45:00,MT_196,11875.0,-1.4899361197045506,False,False,1.0207073835759914,False
2013-10-23 11:00:00,MT_196,20375.0,0.9438508930384343,False,False,1.0830753667253499,False
2013-10-23 13:15:00,MT_196,20291.6666666667,0.9064665767232186,False,False,0.9723103957033524,False
2013-10-23 16:45:00,MT_196,19958.3333333333,0.7888695518773132,False,False,1.0006555614480088,False
2013-10-23 17:45:00,MT_196,2625.0,-4.602095567984732,True,True,7.754581532883049,True
2013-10-23 23:00:00,MT_196,18083.3333333333,0.2722987992147298,False,False,0.9916991726357557,False
2013-10-24 00:45:00,MT_196,11125.0,-1.5797423797335672,False,False,0.9782290901011783,False
2013-10-24 03:45:00,MT_196,10458.3333333333,-1.7220122236240936,False,False,0.9567364957057888,False
2013-10-24 06:15:00,MT_196,16041.6666666667,-0.2781729726702785,False,False,1.0794001771663135,False
2013-10-24 07:00:00,MT_196,16583.3333333333,-0.1239122397622049,False,False,1.0830780018955803,False
2013-10-24 08:30:00,MT_196,16500.0,-0.14518171459120968,False,False,1.189306877034659,False
2013-10-24 16:00:00,MT_196,20000.0,0.852974462460478,False,False,0.9892696387857366,False
2013-10-25 01:45:00,MT_196,9291.66666666667,-2.407339951936663,False,False,1.7294497115610101,False
2013-10-25 03:15:00,MT_196,10625.0,-1.855477301431319,False,False,1.004124745640148,False
2013-10-25 04:30:00,MT_196,11458.3333333333,-1.542140215397174,False,False,0.9951903182530105,False
2013-10-25 14:30:00,MT_196,20666.6666666667,0.9362856120613161,False,False,0.9921803547137533,False
2013-10-25 16:30:00,MT_196,20500.0,0.8522150800400609,False,False,1.0075539943877767,False
2013-10-25 21:30:00,MT_196,19000.0,0.3468744231083398,False,False,0.9836638418805845,False
2013-10-26 07:45:00,MT_196,15583.3333333333,-0.4522922732176625,False,False,1.0143807931392945,False
2013-10-26 08:00:00,MT_196,16500.0,-0.2421539535265256,False,False,1.0450027386669827,False
2013-10-26 10:30:00,MT_196,20416.6666666667,0.6333556186907064,False,False,0.9956553413648467,False
2013-10-26 11:45:00,MT_196,20916.6666666667,0.7414056185683795,False,False,1.0019496731747484,False
2013-10-26 13:00:00,MT_196,21916.6666666667,0.9330683810708943,False,False,0.9702047762608645,False
2013-10-26 16:00:00,MT_196,21333.3333333333,0.7837147992276284,False,False,1.0186438745917303,False
2013-10-26 16:30:00,MT_196,21166.6666666667,0.735423171524193,False,False,1.0524118505339035,False
2013-10-26 17:00:00,MT_196,22250.0,0.9689411995968578,False,False,0.997339325649185,False
2013-10-26 17:45:00,MT_196,20791.6666666667,0.6358559630428501,False,False,1.0601419800502172,False
2013-10-26 18:00:00,MT_196,22041.6666666667,0.9113583328291045,False,False,0.9869791249071785,False
2013-10-26 19:15:00,MT_196,21791.6666666667,0.8901861863157637,False,False,1.0059853047510778,False
2013-10-26 19:30:00,MT_196,22083.3333333333,0.9607191362815408,False,False,1.0489878008696525,False
2013-10-27 01:30:00,MT_196,17958.3333333333,0.008312213064824422,False,False,1.884876645209064,False
2013-10-27 06:45:00,MT_196,15958.3333333333,-0.48617609945490287,False,False,0.9727375169232643,False
2013-10-27 07:15:00,MT_196,16250.0,-0.4140516744542349,False,False,0.9623092166051608,False
2013-10-27 19:45:00,MT_196,19291.6666666667,0.44084149114403587,False,False,1.030472400301577,False
2013-10-27 21:00:00,MT_196,19125.0,0.42754417917427234,False,False,0.9928606253132339,False
2013-10-28 03:00:00,MT_196,8541.66666666667,-1.915216941550578,False,False,1.0472778776427552,False
2013-10-28 05:00:00,MT_196,9500.0,-1.6582667899033257,False,False,1.1189736161415529,False
2013-10-28 12:15:00,MT_196,19958.3333333333,0.8568096622673906,False,False,1.0117636568991435,False
2013-10-28 15:30:00,MT_196,19333.3333333333,0.7324344734760335,False,False,0.995024355960328,False
2013-10-28 18:45:00,MT_196,19666.6666666667,0.8569989342617671,False,False,1.0017250698666595,False
2013-10-28 20:00:00,MT_196,18916.6666666667,0.6707135615014053,False,False,0.9958211638021136,False
2013-10-28 21:30:00,MT_196,18375.0,0.5373835916076348,False,False,0.9826623384000147,False
2013-10-28 23:45:00,MT_196,17625.0,0.3262578355418851,False,False,1.0807220946998606,False
2013-10-29 05:00:00,MT_196,9791.66666666667,-1.6318764252019702,False,False,1.0559678200909024,False
2013-10-29 05:30:00,MT_196,13291.6666666667,-0.7680348544380801,False,False,1.0097473840273459,False
2013-10-29 08:15:00,MT_196,17041.6666666667,0.13088564871944455,False,False,1.1162509517826529,False
2013-10-29 16:15:00,MT_196,20416.6666666667,0.977728869736945,False,False,0.9975444441205075,False
2013-10-29 21:15:00,MT_196,19250.0,0.6949449518518748,False,False,1.0516709905637989,False
2013-10-29 21:45:00,MT_196,19291.6666666667,0.7019795565238012,False,False,1.1162976996395195,False
2013-10-30 01:15:00,MT_196,7750.0,-2.080723480835653,False,False,1.4044764893776578,False
2013-10-30 08:15:00,MT_196,14666.6666666667,-0.39229629230601,False,False,1.1282812465769614,False
2013-10-30 13:15:00,MT_196,18791.6666666667,0.6446788440294504,False,False,1.0221629236304917,False
2013-10-30 18:15:00,MT_196,20041.6666666667,0.96730202381244,False,False,1.009583226841401,False
2013-10-30 19:15:00,MT_196,21125.0,1.207828886423277,False,False,1.113816902810237,False
2013-10-31 04:15:00,MT_196,9958.33333333333,-1.7525600093988312,False,False,1.004921651225257,False
2013-10-31 05:30:00,MT_196,12625.0,-1.0387221982045505,False,False,1.0027512218810777,False
2013-10-31 06:00:00,MT_196,13125.0,-0.895861769067522,False,False,1.042950672718148,False
2013-10-31 08:45:00,MT_196,18041.6666666667,0.4780820348614511,False,False,1.0506906218062346,False
2013-10-31 23:15:00,MT_196,17875.0,0.31176073813072314,False,False,0.9880417019569543,False
2013-11-01 10:45:00,MT_196,19375.0,0.6508584024480113,False,False,0.9701955287874274,False
2013-11-01 16:45:00,MT_196,20250.0,0.8065663278653332,False,False,1.003171403572175,False
2013-11-01 17:00:00,MT_196,20791.6666666667,0.9286309938093802,False,False,0.9895994584503863,False
2013-11-01 19:15:00,MT_196,20791.6666666667,0.9184274629526797,False,False,1.0588853042791666,False
2013-11-01 20:45:00,MT_196,19916.6666666667,0.7120169604324242,False,False,0.9752831326428197,False
2013-11-02 03:30:00,MT_196,7708.33333333333,-2.104783090897251,False,False,1.3032567210226358,False
2013-11-02 05:00:00,MT_196,6458.33333333333,-2.3048317623041887,False,False,2.158997554113626,False
2013-11-02 07:15:00,MT_196,14833.3333333333,-0.3959677211354234,False,False,1.0272262398685315,False
2013-11-02 10:00:00,MT_196,21541.6666666667,1.0241449256425523,False,False,1.001950280436718,False
2013-11-02 10:45:00,MT_196,20166.6666666667,0.706555150304115,False,False,0.9959275408394845,False
2013-11-02 13:15:00,MT_196,20916.6666666667,0.812624929112782,False,False,0.9770911246824913,False
2013-11-02 13:30:00,MT_196,20291.6666666667,0.678679050709133,False,False,1.0055330898974113,False
2013-11-02 14:00:00,MT_196,21916.6666666667,1.0006479565633153,False,False,0.9866225357328618,False
2013-11-03 04:15:00,MT_196,10166.6666666667,-1.4182647898447447,False,False,1.0106133586581396,False
2013-11-03 04:30:00,MT_196,10416.6666666667,-1.3803785996222948,False,False,1.0075854674257765,False
2013-11-03 16:15:00,MT_196,19833.3333333333,0.5842904925291306,False,False,0.9905341470907247,False
2013-11-03 20:30:00,MT_196,18583.3333333333,0.3467445446405633,False,False,1.0297417814497445,False
2013-11-04 01:45:00,MT_196,9291.66666666667,-1.883225810351194,False,False,1.0887894241212572,False
2013-11-04 02:00:00,MT_196,8541.66666666667,-2.087379583787976,False,False,1.340753521493218,False
2013-11-04 02:15:00,MT_196,9958.33333333333,-1.7538979957228165,False,False,0.984577205011504,False
2013-11-04 02:45:00,MT_196,9333.33333333333,-1.9303219674681753,False,False,1.0657792849227958,False
2013-11-04 05:00:00,MT_196,8666.66666666667,-1.9524011448245082,False,False,1.3677245361761798,False
2013-11-04 16:00:00,MT_196,19583.3333333333,0.6818564391677907,False,False,1.0155396878467908,False
2013-11-04 19:15:00,MT_196,20958.3333333333,1.0396786362208315,False,False,1.007927727726461,False
2013-11-04 19:30:00,MT_196,21166.6666666667,1.087614494224438,False,False,1.0209990940972429,False
2013-11-04 20:15:00,MT_196,19916.6666666667,0.7743813674787184,False,False,0.9869862270221897,False
2013-11-04 21:15:00,MT_196,19083.3333333333,0.5553606842481688,False,False,0.9783961130139698,False
2013-11-04 23:45:00,MT_196,17750.0,0.2003458711829217,False,False,1.0338186303831887,False
2013-11-05 00:15:00,MT_196,14166.6666666667,-0.6542691644370051,False,False,1.0528338963343968,False
2013-11-05 02:45:00,MT_196,10375.0,-1.6145229818957472,False,False,0.98542596746092,False
2013-11-05 04:00:00,MT_196,8916.66666666667,-1.9884673901194432,False,False,1.0601849033684694,False
2013-11-05 18:45:00,MT_196,21541.6666666667,1.0161948116282302,False,False,1.0206299939790648,False
2013-11-06 05:30:00,MT_196,12916.6666666667,-1.056122560136005,False,False,1.0169249124417792,False
2013-11-06 07:00:00,MT_196,15791.6666666667,-0.3370650325735363,False,False,0.9704879167505278,False
2013-11-06 12:45:00,MT_196,18250.0,0.3172270380691582,False,False,1.0928802562251965,False
2013-11-06 17:15:00,MT_196,19166.6666666667,0.5854479664034731,False,False,1.108650549420211,False
2013-11-06 22:15:00,MT_196,19875.0,0.7271606649096088,False,False,1.0909345375051105,False
2013-11-06 23:30:00,MT_196,18333.3333333333,0.3395458943084393,False,False,1.025787814149892,False
2013-11-07 04:00:00,MT_196,12416.6666666667,-1.429064831830869,False,False,1.0435353911549812,False
2013-11-07 05:45:00,MT_196,18541.6666666667,0.3210842671789677,False,False,1.4768622609742035,False
2013-11-07 11:30:00,MT_196,20166.6666666667,0.7850698884783929,False,False,0.9836753428084175,False
2013-11-07 14:30:00,MT_196,18708.3333333333,0.2592750114451299,False,False,1.2674681720612637,False
2013-11-08 03:15:00,MT_196,9666.66666666667,-2.173711242700973,False,False,1.2615869439385776,False
2013-11-08 05:30:00,MT_196,14333.3333333333,-0.751667537244493,False,False,0.9954311897661228,False
2013-11-08 07:15:00,MT_196,16000.0,-0.3644737787109129,False,False,0.9955697542409021,False
2013-11-08 13:45:00,MT_196,19416.6666666667,0.44007332733493826,False,False,1.0874567235152661,False
2013-11-08 14:15:00,MT_196,19833.3333333333,0.538994148596316,False,False,1.0420172983418827,False
2013-11-08 16:45:00,MT_196,21208.3333333333,0.8402559562320675,False,False,0.9886271918603933,False
2013-11-08 20:15:00,MT_196,21791.6666666667,0.9477821937246621,False,False,1.017256528185342,False
2013-11-08 22:00:00,MT_196,19500.0,0.4089388018559034,False,False,0.9829357468522525,False
2013-11-09 00:45:00,MT_196,9791.66666666667,-1.8290903737602633,False,False,1.022962086554567,False
2013-11-09 01:30:00,MT_196,9750.0,-1.8113998478909452,False,False,0.9781966442424032,False
2013-11-09 03:45:00,MT_196,9083.33333333333,-1.9001088095492933,False,False,1.0389723969064752,False
2013-11-09 05:30:00,MT_196,13750.0,-0.8592124567297338,False,False,1.0290347500927401,False
2013-11-09 07:00:00,MT_196,16625.0,-0.20200452931431923,False,False,1.0488321843830426,False
2013-11-09 10:00:00,MT_196,19125.0,0.34933720220814257,False,False,1.0682557728377329,False
2013-11-09 12:15:00,MT_196,20000.0,0.5496874628525584,False,False,1.1241131181078252,False
2013-11-09 17:00:00,MT_196,22250.0,1.0777104150988228,False,False,1.0057246922738148,False
2013-11-09 18:15:00,MT_196,21208.3333333333,0.8384025102507574,False,False,0.9943331786280675,False
2013-11-10 00:15:00,MT_196,14083.3333333333,-0.7544165513567427,False,False,0.9965327211184208,False
2013-11-10 01:15:00,MT_196,9208.33333333333,-1.8591513830733974,False,False,1.0732832244248298,False
2013-11-10 03:45:00,MT_196,10041.6666666667,-1.6495208363641678,False,False,0.9741585887330846,False
2013-11-10 10:30:00,MT_196,18750.0,0.37249154400626744,False,False,1.0718543373875316,False
2013-11-11 12:15:00,MT_196,19250.0,0.5811206342854844,False,False,1.0231588839036567,False
2013-11-11 16:30:00,MT_196,19750.0,0.7752438746432218,False,False,1.0243301815208483,False
2013-11-11 19:15:00,MT_196,20250.0,0.9430083283873681,False,False,0.9983223970111573,False
2013-11-11 23:00:00,MT_196,18500.0,0.5089621526730858,False,False,1.011549144696305,False
2013-11-11 23:15:00,MT_196,17791.6666666667,0.3299070724988654,False,False,1.0024011102937525,False
2013-11-12 02:15:00,MT_196,9208.33333333333,-1.7707836313411052,False,False,0.9619217227335048,False
2013-11-12 11:15:00,MT_196,20125.0,0.8790261661514082,False,False,1.0204520350362205,False
2013-11-12 12:45:00,MT_196,20041.6666666667,0.8189710673183632,False,False,0.9963124889817586,False
2013-11-12 13:15:00,MT_196,19416.6666666667,0.6598235740226706,False,False,1.021252988651277,False
2013-11-12 14:15:00,MT_196,18583.3333333333,0.44666029958242004,False,False,1.0727661837303166,False
2013-11-12 20:30:00,MT_196,20708.3333333333,0.8735669463832701,False,False,1.0511065323053739,False
2013-11-12 22:15:00,MT_196,18666.6666666667,0.3859413812361804,False,False,0.9857065652729344,False
2013-11-12 22:30:00,MT_196,18041.6666666667,0.24335027754794095,False,False,0.9845267278074232,False
2013-11-13 02:30:00,MT_196,11416.6666666667,-1.3044372377985518,False,False,1.0321221476115063,False
2013-11-13 03:15:00,MT_196,12416.6666666667,-1.1309395517422982,False,False,1.1415222759028918,False
2013-11-13 04:15:00,MT_196,11583.3333333333,-1.4272123382049324,False,False,0.9971308063443031,False
2013-11-13 04:30:00,MT_196,12583.3333333333,-1.1983752350994237,False,False,1.01911013249243,False
2013-11-13 05:45:00,MT_196,17375.0,-0.03121462391863622,False,False,1.1672701854368575,False
2013-11-13 06:15:00,MT_196,17083.3333333333,-0.11257374382670268,False,False,1.0684951191305754,False
2013-11-13 07:00:00,MT_196,16291.6666666667,-0.3374512201025577,False,False,0.9668519557872326,False
2013-11-13 17:00:00,MT_196,21583.3333333333,1.089527165909829,False,False,1.0017286181572818,False
2013-11-13 18:15:00,MT_196,21125.0,0.9093917411029231,False,False,0.9773223133230114,False
2013-11-13 19:45:00,MT_196,19958.3333333333,0.6273514966580006,False,False,0.9834463181153457,False
2013-11-13 23:15:00,MT_196,17333.3333333333,-0.045992572921964896,False,False,0.9869352191981493,False
2013-11-14 00:15:00,MT_196,12041.6666666667,-1.4991291682805923,False,False,1.0141961339945296,False
2013-11-14 01:00:00,MT_196,11958.3333333333,-1.536270930009823,False,False,0.9549648738505592,False
2013-11-14 06:00:00,MT_196,15500.0,-0.5422429588537926,False,False,1.00252520537492,False
2013-11-14 10:00:00,MT_196,20083.3333333333,0.7539787975036034,False,False,0.99170098630349,False
2013-11-14 12:30:00,MT_196,18666.6666666667,0.39275949236218205,False,False,1.0339259369087195,False
2013-11-14 13:00:00,MT_196,19291.6666666667,0.5712125301509554,False,False,1.0311675260759336,False
2013-11-15 03:30:00,MT_196,9541.66666666667,-2.0002449672904743,False,False,1.068691222587289,False
2013-11-15 07:00:00,MT_196,16083.3333333333,-0.2175529362934841,False,False,1.0267002086945622,False
2013-11-15 14:15:00,MT_196,19416.6666666667,0.5379104308208457,False,False,1.0708664871106424,False
2013-11-15 15:45:00,MT_196,20583.3333333333,0.8120300088340973,False,False,0.99951066639181,False
2013-11-15 16:30:00,MT_196,20958.3333333333,0.902393135470974,False,False,0.9876105501734742,False
2013-11-15 17:45:00,MT_196,21458.3333333333,0.989916085878497,False,False,0.9933543013066246,False
2013-11-15 21:30:00,MT_196,18916.6666666667,0.3849220175637788,False,False,0.9827381834986086,False
2013-11-15 23:15:00,MT_196,18083.3333333333,0.17679223972539027,False,False,1.008141204057884,False
2013-11-16 00:30:00,MT_196,11166.6666666667,-1.478689044372126,False,False,1.02006436621498,False
2013-11-16 01:15:00,MT_196,9000.0,-1.9787864515675424,False,False,1.0495809097827746,False
2013-11-16 03:30:00,MT_196,7958.33333333333,-2.134789469944053,False,False,1.3091000988465575,False
2013-11-16 08:15:00,MT_196,17875.0,0.16523170512416913,False,False,1.0446140432882753,False
2013-11-16 08:45:00,MT_196,18708.3333333333,0.3496395628619734,False,False,1.035011161753458,False
2013-11-16 17:45:00,MT_196,22375.0,1.1258604615532488,False,False,1.0003208374818267,False
2013-11-16 19:00:00,MT_196,22416.6666666667,1.1168921915106715,False,False,1.0617953322961413,False
2013-11-16 20:00:00,MT_196,20041.6666666667,0.5843974062097212,False,False,0.9755857007881902,False
2013-11-16 20:30:00,MT_196,19916.6666666667,0.561498229705117,False,False,0.9798901983371242,False
2013-11-17 05:30:00,MT_196,12125.0,-1.1045088226654003,False,False,1.0324433641288273,False
2013-11-17 08:00:00,MT_196,16041.6666666667,-0.24964641097685858,False,False,1.035817120376051,False
2013-11-17 08:45:00,MT_196,15791.6666666667,-0.29345212522273667,False,False,1.1102555190019778,False
2013-11-17 18:30:00,MT_196,23000.0,1.332338590499709,False,False,1.3030492972430046,False
2013-11-18 01:45:00,MT_196,9583.33333333333,-1.613217796923583,False,False,0.9808527200855195,False
2013-11-18 08:15:00,MT_196,16041.6666666667,-0.18964393535865026,False,False,1.0359092003341661,False
2013-11-18 10:30:00,MT_196,19416.6666666667,0.5807584178733083,False,False,0.9710496062757459,False
2013-11-18 20:45:00,MT_196,18625.0,0.553164267399574,False,False,1.0005448194393998,False
2013-11-18 21:15:00,MT_196,18333.3333333333,0.4917653494461198,False,False,0.981653804166836,False
2013-11-19 01:30:00,MT_196,8833.33333333333,-1.9132848484642353,False,False,1.0228984197141824,False
2013-11-19 04:30:00,MT_196,9208.33333333333,-1.7980662577318407,False,False,1.0228565396333942,False
2013-11-19 06:00:00,MT_196,14375.0,-0.5030921334696982,False,False,1.0116919875858426,False
2013-11-19 06:45:00,MT_196,14208.3333333333,-0.5494531389660405,False,False,0.9907864534824272,False
2013-11-19 08:45:00,MT_196,18458.3333333333,0.5170637533757714,False,False,1.0828270302590979,False
2013-11-19 12:00:00,MT_196,19125.0,0.6854751538179776,False,False,0.9912481752587965,False
2013-11-19 14:15:00,MT_196,20291.6666666667,0.948054394978386,False,False,0.9883664271013651,False
2013-11-19 15:00:00,MT_196,21333.3333333333,1.184957258175169,False,False,1.0212796645010371,False
2013-11-19 18:45:00,MT_196,20291.6666666667,0.8365015944810221,False,False,1.0201713244076878,False
2013-11-19 19:00:00,MT_196,19875.0,0.7344671491914937,False,False,1.0061073820732425,False
2013-11-19 20:30:00,MT_196,19166.6666666667,0.5641227580062516,False,False,0.9807303589633156,False
2013-11-20 04:15:00,MT_196,8708.33333333333,-2.152772386716366,False,False,1.2582926806150112,False
2013-11-20 05:45:00,MT_196,18291.6666666667,0.3139739039429946,False,False,1.4511565541980946,False
2013-11-20 08:15:00,MT_196,20500.0,0.7864745120231457,False,False,1.0546454109011911,False
2013-11-20 09:45:00,MT_196,18208.3333333333,0.14880706562393511,False,False,1.0379056908124003,False
2013-11-20 18:45:00,MT_196,18916.6666666667,0.3752211459308454,False,False,1.1528080347049734,False
2013-11-20 20:00:00,MT_196,18916.6666666667,0.3884027991133309,False,False,1.0079420330948785,False
2013-11-21 02:45:00,MT_196,10875.0,-1.4388603861417204,False,False,1.009740358946927,False
2013-11-21 03:30:00,MT_196,9791.66666666667,-1.6995622878358108,False,False,0.9579459663872454,False
2013-11-21 08:15:00,MT_196,20375.0,0.8271897486655595,False,False,1.0821970787790316,False
2013-11-21 08:30:00,MT_196,22416.6666666667,1.3224041932862336,False,False,1.230735804984421,False
2013-11-21 10:45:00,MT_196,18583.3333333333,0.3868263989057327,False,False,0.9765555618665143,False
2013-11-21 11:30:00,MT_196,19750.0,0.6706955684383584,False,False,0.9766836353395222,False
2013-11-21 13:15:00,MT_196,21625.0,1.0748241665693266,False,False,1.0526157981589248,False
2013-11-21 22:15:00,MT_196,17416.6666666667,-0.01366511061525232,False,False,0.9992095760730854,False
2013-11-21 23:15:00,MT_196,17750.0,0.05028647378360356,False,False,1.0012525867719937,False
2013-11-22 05:15:00,MT_196,13458.3333333333,-0.8250752874719737,False,False,1.0170275881360258,False
2013-11-22 06:15:00,MT_196,17833.3333333333,0.08077320642643887,False,False,1.2714259335687104,False
2013-11-22 14:15:00,MT_196,20041.6666666667,0.5335630473146961,False,False,1.0333781359203256,False
2013-11-22 14:30:00,MT_196,20000.0,0.5250324914419562,False,False,1.0636975931682313,False
2013-11-22 17:45:00,MT_196,23125.0,1.2171237635012901,False,False,1.031119892515799,False
2013-11-22 18:30:00,MT_196,21041.6666666667,0.7559133915886492,False,False,1.0389483699352664,False
2013-11-23 05:30:00,MT_196,12041.6666666667,-1.1427336568573478,False,False,1.0588046290233393,False
2013-11-23 06:30:00,MT_196,16500.0,-0.20600092735975994,False,False,1.0814832392920277,False
2013-11-23 14:15:00,MT_196,21250.0,0.5870279291782482,False,False,1.0175777307263363,False
2013-11-23 14:45:00,MT_196,23625.0,1.0245502684308945,False,False,0.9854942081221566,False
2013-11-23 18:30:00,MT_196,21166.6666666667,0.5170422381793259,False,False,1.00438931275175,False
2013-11-23 23:15:00,MT_196,17083.3333333333,-0.21216431682668,False,False,1.0231249806862475,False
2013-11-24 03:00:00,MT_196,8625.0,-1.7590074418919885,False,False,1.0025689641598388,False
2013-11-24 08:30:00,MT_196,20625.0,0.4294081352678617,False,False,1.0376492593129616,False
2013-11-24 09:15:00,MT_196,22250.0,0.7365696800401824,False,False,1.0344216988498225,False
2013-11-24 19:45:00,MT_196,20750.0,0.6287511004281835,False,False,0.9778970187552034,False
2013-11-24 21:30:00,MT_196,17916.6666666667,0.06708608107687149,False,False,1.0314413885902305,False
2013-11-24 23:45:00,MT_196,12000.0,-1.1161358288420513,False,False,1.0017431092105542,False
2013-11-25 01:45:00,MT_196,7833.33333333333,-1.8942943982263902,False,False,1.18371351140308,False
2013-11-25 02:15:00,MT_196,8458.33333333333,-1.7575655110060378,False,False,1.032640066486767,False
2013-11-25 02:45:00,MT_196,8291.66666666667,-1.7816099926253013,False,False,1.011856639031534,False
2013-11-25 11:30:00,MT_196,20583.3333333333,0.6877230219604631,False,False,0.9927783748005113,False
2013-11-25 12:45:00,MT_196,21125.0,0.8192828388707419,False,False,0.9758583970880848,False
2013-11-25 18:15:00,MT_196,21583.3333333333,0.8525849192125735,False,False,0.9941972332375583,False
2013-11-25 22:30:00,MT_196,18083.3333333333,0.17231303819667929,False,False,0.9625472826479454,False
2013-11-26 00:30:00,MT_196,9750.0,-1.4838900627756204,False,False,1.1056709513440044,False
2013-11-26 01:30:00,MT_196,8458.33333333333,-1.7583601760941245,False,False,1.0297569877794954,False
2013-11-26 02:00:00,MT_196,8375.0,-1.7779473732151623,False,False,1.0025913194722798,False
2013-11-26 04:00:00,MT_196,8250.0,-1.8238383750125466,False,False,1.0253012087810174,False
2013-11-26 04:30:00,MT_196,8416.66666666667,-1.7985989814779346,False,False,1.0390308059163915,False
2013-11-26 08:15:00,MT_196,22333.3333333333,0.9778309156840853,False,False,1.121794697573071,False
2013-11-26 09:15:00,MT_196,21666.6666666667,0.8409129627655973,False,False,1.0417336689333399,False
2013-11-26 10:15:00,MT_196,18375.0,0.17870112617349548,False,False,1.0008750098658776,False
2013-11-26 13:45:00,MT_196,21125.0,0.7499659254738562,False,False,0.9867983591795289,False
2013-11-26 19:45:00,MT_196,23250.0,1.0161413518167588,False,False,1.0372896667765383,False
2013-11-26 23:45:00,MT_196,13291.6666666667,-0.913270515412557,False,False,1.0039597519713641,False
2013-11-27 01:00:00,MT_196,9000.0,-1.692414139553738,False,False,1.0480154784418183,False
2013-11-27 03:45:00,MT_196,9333.33333333333,-1.6219910830742654,False,False,0.9639253015242011,False
2013-11-27 04:45:00,MT_196,8416.66666666667,-1.7885515974248631,False,False,1.0826263232448037,False
2013-11-27 09:45:00,MT_196,18375.0,-0.0006151176030730081,False,False,1.0505753410163496,False
2013-11-27 12:45:00,MT_196,23291.6666666667,0.9398825299677871,False,False,1.0101015646762073,False
2013-11-27 13:30:00,MT_196,22000.0,0.7005548496176914,False,False,0.9660479074819239,False
2013-11-27 20:45:00,MT_196,17166.6666666667,-0.07364712887165861,False,False,1.288448848626377,False
2013-11-27 21:00:00,MT_196,16833.3333333333,-0.1269313678520972,False,False,1.316741547113609,False
2013-11-27 23:45:00,MT_196,11791.6666666667,-1.0559367711236105,False,False,1.0369030200961429,False
2013-11-28 00:45:00,MT_196,9041.66666666667,-1.5964703105463052,False,False,1.0209147489987382,False
2013-11-28 07:00:00,MT_196,14541.6666666667,-0.5147074267082226,False,False,0.9820792193373413,False
2013-11-28 08:00:00,MT_196,23208.3333333333,1.241543525689882,False,False,1.163315399900742,False
2013-11-28 09:15:00,MT_196,26166.6666666667,1.8135889162476773,False,False,1.492014407236593,False
2013-11-28 15:15:00,MT_196,21666.6666666667,0.9289271292192943,False,False,0.9795257683339096,False
2013-11-28 15:45:00,MT_196,20916.6666666667,0.7746064596991956,False,False,0.9793259792460626,False
2013-11-28 17:45:00,MT_196,23541.6666666667,1.2840969563335796,False,False,1.0399127836384172,False
2013-11-28 19:15:00,MT_196,20333.3333333333,0.636580771832563,False,False,1.0016772818795652,False
2013-11-28 21:00:00,MT_196,18083.3333333333,0.1730869685418633,False,False,1.0514211359813097,False
2013-11-29 02:15:00,MT_196,9541.66666666667,-1.5791016597391516,False,False,0.9951435836424736,False
2013-11-29 05:30:00,MT_196,12833.3333333333,-0.9588184233138897,False,False,1.021198773601872,False
2013-11-29 07:00:00,MT_196,15708.3333333333,-0.3811960141125572,False,False,0.9905656155890266,False
2013-11-29 08:15:00,MT_196,22708.3333333333,1.062921844645666,False,False,1.1810484655214397,False
2013-11-29 08:30:00,MT_196,24416.6666666667,1.4215873437331985,False,False,1.3171853770659443,False
2013-11-29 09:15:00,MT_196,25000.0,1.560970211279828,False,False,1.3993323335915433,False
2013-11-29 09:45:00,MT_196,18583.3333333333,0.22094241345540303,False,False,1.0372537826406858,False
2013-11-29 14:15:00,MT_196,20125.0,0.4917472452630132,False,False,1.047436345544433,False
2013-11-29 14:45:00,MT_196,22166.6666666667,0.921582707008113,False,False,0.9753202735834384,False
2013-11-29 16:30:00,MT_196,23083.3333333333,1.1112311024760455,False,False,0.9716104828800527,False
2013-11-29 18:15:00,MT_196,22000.0,0.8696101800485462,False,False,1.0077307605557195,False
2013-11-29 20:45:00,MT_196,20333.3333333333,0.503423702910687,False,False,0.9725179553971995,False
2013-11-30 01:15:00,MT_196,9250.0,-1.774896672947204,False,False,0.9928441816265046,False
2013-11-30 15:30:00,MT_196,23833.3333333333,0.8937182519064072,False,False,0.9847739860660456,False
2013-11-30 20:00:00,MT_196,21500.0,0.43582062755496037,False,False,0.9718994491546074,False
2013-12-01 02:00:00,MT_196,8541.66666666667,-1.8037122964505579,False,False,1.0085382902162072,False
2013-12-01 09:45:00,MT_196,24750.0,1.048871167776533,False,False,1.1244623772170417,False
2013-12-01 13:45:00,MT_196,18541.6666666667,-0.03941042611376768,False,False,1.2053365176333846,False
2013-12-01 19:15:00,MT_196,20250.0,0.3878893497728272,False,False,1.0114068788676056,False
2013-12-01 23:45:00,MT_196,12625.0,-1.0566431961849434,False,False,0.9896689425484837,False
2013-12-02 00:45:00,MT_196,9208.33333333333,-1.6940285103576862,False,False,1.1045567162955716,False
2013-12-02 04:45:00,MT_196,9041.66666666667,-1.6779462391149695,False,False,1.0933577856703982,False
2013-12-02 10:30:00,MT_196,18625.0,0.17794728594204473,False,False,0.9962082697656159,False
2013-12-02 11:15:00,MT_196,19458.3333333333,0.3732722721404694,False,False,0.9826686447638252,False
2013-12-02 12:15:00,MT_196,20250.0,0.5650334719338066,False,False,1.015724422956707,False
2013-12-02 13:15:00,MT_196,21416.6666666667,0.8296173693892867,False,False,0.9679165204283229,False
2013-12-02 16:15:00,MT_196,21500.0,0.7834429374645824,False,False,0.9916779005150914,False
2013-12-02 18:45:00,MT_196,20125.0,0.47411346294843626,False,False,1.0252104906759096,False
2013-12-02 19:15:00,MT_196,21583.3333333333,0.7615901883731709,False,False,0.9791359943103097,False
2013-12-02 23:00:00,MT_196,17458.3333333333,-0.06963752395232534,False,False,0.9867202488834846,False
2013-12-03 00:15:00,MT_196,9708.33333333333,-1.5544991938353172,False,False,1.1429480502678795,False
2013-12-03 05:00:00,MT_196,8458.33333333333,-1.751466287427788,False,False,1.1327759674106157,False
2013-12-03 08:15:00,MT_196,23000.0,0.9844066993417249,False,False,1.1205505294860392,False
2013-12-03 09:45:00,MT_196,19750.0,0.38029597642546437,False,False,0.9664071897934868,False
2013-12-03 19:30:00,MT_196,19791.6666666667,0.4008153088382352,False,False,0.9783969875061646,False
2013-12-04 01:30:00,MT_196,8833.33333333333,-1.708178649290656,False,False,1.0308790181427872,False
2013-12-04 09:45:00,MT_196,19958.3333333333,0.4584380486585818,False,False,0.9748419986785309,False
2013-12-04 11:00:00,MT_196,21250.0,0.6997363048473445,False,False,0.9915558464627036,False
2013-12-04 12:30:00,MT_196,21000.0,0.6418374163119497,False,False,0.98783736325622,False
2013-12-04 14:00:00,MT_196,21416.6666666667,0.7454228852334345,False,False,0.9755635676037563,False
2013-12-04 18:15:00,MT_196,21583.3333333333,0.7692704137989209,False,False,0.9781495533198665,False
2013-12-04 19:00:00,MT_196,22041.6666666667,0.8483709684718642,False,False,0.9690887201189591,False
2013-12-04 21:15:00,MT_196,19541.6666666667,0.34570497629995106,False,False,0.9934798489079518,False
2013-12-04 22:00:00,MT_196,18833.3333333333,0.21101576334161953,False,False,0.9954781769321952,False
2013-12-05 00:15:00,MT_196,10125.0,-1.4815472296473002,False,False,1.06850120070345,False
2013-12-05 00:45:00,MT_196,8791.66666666667,-1.73372220855935,False,False,1.0631687270361094,False
2013-12-05 02:45:00,MT_196,9125.0,-1.6656821172206846,False,False,0.9972024165328717,False
2013-12-05 03:45:00,MT_196,9208.33333333333,-1.6480544129025818,False,False,0.9876292639262009,False
2013-12-05 05:30:00,MT_196,12916.6666666667,-0.9433865885357366,False,False,1.0167556480735902,False
2013-12-05 06:15:00,MT_196,16291.6666666667,-0.288959066023631,False,False,1.0649205176047358,False
2013-12-05 13:30:00,MT_196,22791.6666666667,0.9805031829627316,False,False,0.9998503045518593,False
2013-12-05 14:15:00,MT_196,21083.3333333333,0.6385730941954408,False,False,1.0153557796661519,False
2013-12-05 20:15:00,MT_196,21125.0,0.6029526908099249,False,False,0.9864433543193781,False
2013-12-05 22:00:00,MT_196,19208.3333333333,0.2350156464718292,False,False,0.9675184102468547,False
2013-12-06 04:15:00,MT_196,8708.33333333333,-1.7448122265326633,False,False,1.0316730049225145,False
2013-12-06 13:45:00,MT_196,22083.3333333333,0.7492922105401612,False,False,0.9822495746621271,False
2013-12-06 14:30:00,MT_196,22416.6666666667,0.815242132367018,False,False,0.9576269125439989,False
2013-12-06 14:45:00,MT_196,22250.0,0.7844972467752318,False,False,0.9653497867318933,False
2013-12-06 17:00:00,MT_196,24958.3333333333,1.2977949467739174,False,False,1.0572877277185493,False
2013-12-07 04:30:00,MT_196,7916.66666666667,-1.8038168673440464,False,False,1.1622208030100907,False
2013-12-07 07:45:00,MT_196,21041.6666666667,0.5738845806217128,False,False,1.0721713301819065,False
2013-12-07 08:15:00,MT_196,24333.3333333333,1.163714071777435,False,False,1.1350845786223014,False
2013-12-07 09:00:00,MT_196,24000.0,1.093135056352151,False,False,1.0763555834769998,False
2013-12-07 11:00:00,MT_196,23750.0,0.934959682034013,False,False,0.9831683373706749,False
2013-12-07 19:00:00,MT_196,21791.6666666667,0.5046918623625435,False,False,0.993695230403656,False
2013-12-07 20:15:00,MT_196,19583.3333333333,0.14831722473538608,False,False,1.0299704585461376,False
2013-12-07 22:30:00,MT_196,17083.3333333333,-0.24788171657873534,False,False,1.027822304111445,False
2013-12-08 00:00:00,MT_196,12041.6666666667,-1.048964344869371,False,False,1.0046827779681686,False
2013-12-08 01:15:00,MT_196,8666.66666666667,-1.5900787663732603,False,False,1.0386828053589485,False
2013-12-08 02:30:00,MT_196,8500.0,-1.6161994676694569,False,False,1.000764202286288,False
2013-12-08 02:45:00,MT_196,8750.0,-1.5789805372498502,False,False,1.0242209171081254,False
2013-12-08 06:00:00,MT_196,15375.0,-0.507995819668833,False,False,0.9989248485480248,False
2013-12-08 07:45:00,MT_196,21250.0,0.4280821227806992,False,False,1.0912757767988548,False
2013-12-08 15:15:00,MT_196,21625.0,0.5350398338244844,False,False,0.9889430709542201,False
2013-12-08 23:30:00,MT_196,15250.0,-0.45499795657803027,False,False,1.0491146601279469,False
2013-12-09 03:30:00,MT_196,8083.33333333333,-1.6597618809472388,False,False,0.9996310197703435,False
2013-12-09 03:45:00,MT_196,8500.0,-1.5921992112823933,False,False,0.9879553011159172,False
2013-12-09 04:15:00,MT_196,7916.66666666667,-1.6937437603566192,False,False,1.0729573532451677,False
2013-12-09 11:15:00,MT_196,18166.6666666667,0.14127151428608106,False,False,1.0298386087181934,False
2013-12-09 14:00:00,MT_196,20916.6666666667,0.7473025184001413,False,False,0.9771858658789896,False
2013-12-09 22:00:00,MT_196,18500.0,0.26909529525028436,False,False,0.9819880651573826,False
2013-12-09 23:45:00,MT_196,11541.6666666667,-1.0584065864063732,False,False,1.1024358429278616,False
2013-12-10 00:30:00,MT_196,10333.3333333333,-1.2950898752582278,False,False,1.0415322515223535,False
2013-12-10 03:45:00,MT_196,10875.0,-1.2758230330454616,False,False,1.1078489811495362,False
2013-12-10 08:45:00,MT_196,25708.3333333333,1.6416575931281419,False,False,1.4601680346312649,False
2013-12-10 12:45:00,MT_196,21791.6666666667,0.7769241612712965,False,False,0.986280572869472,False
2013-12-10 16:30:00,MT_196,21708.3333333333,0.7441441038078622,False,False,0.9895892270642163,False
2013-12-10 20:00:00,MT_196,21125.0,0.613693728719446,False,False,0.9803794242424264,False
2013-12-10 21:00:00,MT_196,19208.3333333333,0.2254524999057232,False,False,0.9967111059632883,False
2013-12-11 00:45:00,MT_196,9833.33333333333,-1.653376912893817,False,False,1.0183165765254771,False
2013-12-11 02:45:00,MT_196,9916.66666666667,-1.7238093784626534,False,False,0.9798412959892618,False
2013-12-11 05:00:00,MT_196,9791.66666666667,-1.7172645106064124,False,False,1.0281100610768754,False
2013-12-11 06:15:00,MT_196,17041.6666666667,-0.22738750966785565,False,False,1.0457790804221652,False
2013-12-11 08:15:00,MT_196,21000.0,0.5931466555853866,False,False,1.0190195756071325,False
2013-12-11 09:00:00,MT_196,22791.6666666667,0.9925293051918789,False,False,1.0693324667554596,False
2013-12-11 10:45:00,MT_196,20333.3333333333,0.5021252863189114,False,False,0.9784596225891077,False
2013-12-11 14:15:00,MT_196,20000.0,0.45257932349694685,False,False,1.0402425994801536,False
2013-12-11 17:00:00,MT_196,23083.3333333333,1.096403669970138,False,False,1.0043300272153515,False
2013-12-11 20:00:00,MT_196,19833.3333333333,0.43003683199784165,False,False,0.989569692949475,False
2013-12-11 21:30:00,MT_196,19708.3333333333,0.40536807309123035,False,False,0.9876124710391441,False
2013-12-11 22:00:00,MT_196,19875.0,0.43756820383746503,False,False,0.9902997807250555,False
2013-12-12 00:15:00,MT_196,11375.0,-1.3920479116198186,False,False,1.0302136766756753,False
2013-12-12 00:30:00,MT_196,11041.6666666667,-1.4741955515253264,False,False,0.9776490920847262,False
2013-12-12 06:45:00,MT_196,16208.3333333333,-0.5767077909859284,False,False,0.9469775452769521,False
2013-12-12 09:30:00,MT_196,20916.6666666667,0.6222472339671314,False,False,0.9827332682906881,False
2013-12-12 12:30:00,MT_196,19958.3333333333,0.3542595590654626,False,False,1.0082039638119875,False
2013-12-12 13:00:00,MT_196,22291.6666666667,0.9483121416038551,False,False,0.9963115042443369,False
2013-12-12 14:30:00,MT_196,20791.6666666667,0.546203067486631,False,False,1.0298778475892043,False
2013-12-12 20:15:00,MT_196,21166.6666666667,0.6274811574473854,False,False,0.9862571861418341,False
2013-12-12 21:30:00,MT_196,19500.0,0.18927061423210298,False,False,0.9987877650542475,False
2013-12-12 23:15:00,MT_196,18125.0,-0.1547186656186965,False,False,1.0010274688158174,False
2013-12-13 00:30:00,MT_196,11208.3333333333,-1.8659764930469143,False,False,1.2192444629892274,False
2013-12-13 01:00:00,MT_196,10875.0,-1.9701251455036144,False,False,1.2002117156548855,False
2013-12-13 01:15:00,MT_196,10875.0,-1.9649513592006587,False,False,1.1668132791656658,False
2013-12-13 08:00:00,MT_196,19041.6666666667,0.06548660679650985,False,False,1.0286861028647643,False
2013-12-13 16:00:00,MT_196,23708.3333333333,1.161480585421238,False,False,0.9934781874365957,False
2013-12-13 22:45:00,MT_196,19541.6666666667,0.08247149847037923,False,False,0.9764134541752036,False
2013-12-14 00:30:00,MT_196,11541.6666666667,-1.7401590281324313,False,False,1.0446930496307865,False
2013-12-14 05:00:00,MT_196,9625.0,-1.9841478448584857,False,False,1.249097810144858,False
2013-12-14 13:15:00,MT_196,23958.3333333333,0.8149354237808255,False,False,0.9644602121680382,False
2013-12-15 12:00:00,MT_196,23333.3333333333,0.7037574417143757,False,False,0.9655248166304293,False
2013-12-15 16:00:00,MT_196,23500.0,0.8032051719515746,False,False,0.9917562071706973,False
2013-12-15 16:45:00,MT_196,22291.6666666667,0.5997415411931443,False,False,0.9803077747121167,False
2013-12-15 17:15:00,MT_196,23041.6666666667,0.7453453535429209,False,False,0.9863535825019049,False
2013-12-15 18:00:00,MT_196,22625.0,0.7040749450495525,False,False,0.9857957315972452,False
2013-12-15 19:45:00,MT_196,21416.6666666667,0.5074139585605926,False,False,0.9725480748779778,False
2013-12-15 21:00:00,MT_196,20250.0,0.31438480616937636,False,False,0.9773072973376509,False
2013-12-16 05:00:00,MT_196,10250.0,-1.6280357413999043,False,False,1.065579238772682,False
2013-12-16 08:00:00,MT_196,23916.6666666667,0.9847546199272449,False,False,1.1589934222968319,False
2013-12-16 08:45:00,MT_196,25416.6666666667,1.2583717934577994,False,False,1.1743019064738975,False
2013-12-16 10:00:00,MT_196,20041.6666666667,0.2339997345026781,False,False,0.9891395109209422,False
2013-12-16 14:30:00,MT_196,21291.6666666667,0.6485842633392171,False,False,0.9752454779353305,False
2013-12-16 14:45:00,MT_196,22583.3333333333,0.9179390764446715,False,False,0.984039182917281,False
2013-12-16 19:30:00,MT_196,21708.3333333333,0.7459379666564767,False,False,0.9777659836127915,False
2013-12-16 20:30:00,MT_196,19583.3333333333,0.30073509105832524,False,False,1.0027844893157238,False
2013-12-16 23:45:00,MT_196,13291.6666666667,-1.0472938341864086,False,False,1.024474077929858,False
2013-12-17 00:15:00,MT_196,11916.6666666667,-1.3429475945883058,False,False,1.0026583129884479,False
2013-12-17 04:30:00,MT_196,8833.33333333333,-1.8129300686030776,False,False,1.0201910554686187,False
2013-12-17 04:45:00,MT_196,9083.33333333333,-1.757323059582136,False,False,1.0372836127106333,False
2013-12-17 06:00:00,MT_196,14791.6666666667,-0.622083300451326,False,False,0.9960658497740784,False
2013-12-17 09:15:00,MT_196,25833.3333333333,1.5824807867488626,False,False,1.3894862706124835,False
2013-12-17 09:45:00,MT_196,20958.3333333333,0.6030718349914972,False,False,0.9617619110735678,False
2013-12-17 17:15:00,MT_196,23833.3333333333,1.0110581512279446,False,False,0.9674411020449554,False
2013-12-17 18:00:00,MT_196,24291.6666666667,1.0947211671979586,False,False,0.9998002539139157,False
2013-12-18 04:15:00,MT_196,11333.3333333333,-1.4883702332246116,False,False,0.9906679872329683,False
2013-12-18 06:15:00,MT_196,17625.0,-0.24447462965419048,False,False,1.0394623053419256,False
2013-12-18 10:45:00,MT_196,21083.3333333333,0.5266352393771212,False,False,0.9846639192473713,False
2013-12-18 12:00:00,MT_196,21333.3333333333,0.5904426428659905,False,False,0.9883124135995107,False
2013-12-18 19:15:00,MT_196,22541.6666666667,0.8622036885602717,False,False,0.9764804775946538,False
2013-12-19 04:00:00,MT_196,13791.6666666667,-1.1354834423366529,False,False,1.1803420214737212,False
2013-12-19 07:45:00,MT_196,18875.0,-0.05866546359447072,False,False,1.1178415495156013,False
2013-12-19 08:30:00,MT_196,22000.0,0.6864331807458952,False,False,1.014133976414717,False
2013-12-19 11:30:00,MT_196,19416.6666666667,0.05452584848845281,False,False,1.066219735632208,False
2013-12-19 14:15:00,MT_196,21166.6666666667,0.4991107114743692,False,False,1.0335383635958022,False
2013-12-19 14:30:00,MT_196,20791.6666666667,0.41240507184114494,False,False,1.0677058544278228,False
2013-12-19 15:15:00,MT_196,22416.6666666667,0.8067970362396604,False,False,0.9664402835977646,False
2013-12-19 18:15:00,MT_196,21750.0,0.6777908297504905,False,False,0.9949916364787291,False
2013-12-19 23:30:00,MT_196,17083.3333333333,-0.4111113905714718,False,False,1.0693216428217893,False
2013-12-20 01:45:00,MT_196,8708.33333333333,-2.480740746591955,False,False,1.856549498471692,False
2013-12-20 09:30:00,MT_196,20375.0,0.38067796994311326,False,False,0.9817374288026879,False
2013-12-20 11:45:00,MT_196,21625.0,0.6171871097386143,False,False,0.9615252634641317,False
2013-12-20 12:15:00,MT_196,20791.6666666667,0.45307004978243653,False,False,0.9935176801164902,False
2013-12-21 07:00:00,MT_196,13916.6666666667,-1.1453467556031194,False,False,1.3169961186499903,False
2013-12-21 09:15:00,MT_196,28208.3333333333,1.825752069127201,False,False,1.5369579864999738,False
2013-12-21 14:15:00,MT_196,23916.6666666667,0.7371911594023101,False,False,0.9893835030137971,False
2013-12-21 18:45:00,MT_196,23666.6666666667,0.6706962263682247,False,False,0.9751524871999439,False
2013-12-21 20:15:00,MT_196,21041.6666666667,0.16584406404714933,False,False,1.0054148056432162,False
2013-12-21 20:45:00,MT_196,21375.0,0.22945079112803166,False,False,0.9863525941958463,False
2013-12-21 21:15:00,MT_196,21000.0,0.16071357246957219,False,False,0.994950434446742,False
2013-12-22 03:00:00,MT_196,8583.33333333333,-2.1273813997626134,False,False,1.2087366886405175,False
2013-12-22 05:00:00,MT_196,10041.6666666667,-1.8199989559303795,False,False,1.0371577479176253,False
2013-12-22 05:15:00,MT_196,14000.0,-1.0936609361411926,False,False,1.0195451381173164,False
2013-12-22 07:30:00,MT_196,22291.6666666667,0.4209452923471867,False,False,1.1343513787242647,False
2013-12-22 08:15:00,MT_196,23291.6666666667,0.5954166852842029,False,False,1.0668565149890912,False
2013-12-22 10:00:00,MT_196,25833.3333333333,1.0658872305228841,False,False,1.1117990196195793,False
2013-12-22 19:45:00,MT_196,22083.3333333333,0.5184646770040935,False,False,0.9731355942242966,False
2013-12-22 21:15:00,MT_196,20333.3333333333,0.18546323881303614,False,False,0.9770781859407164,False
2013-12-23 00:30:00,MT_196,19375.0,-0.013869200778742492,False,False,1.1483416934671478,False
2013-12-23 02:00:00,MT_196,10291.6666666667,-1.7909123252253758,False,False,1.0087053115694846,False
2013-12-23 05:00:00,MT_196,11291.6666666667,-1.6997052998842723,False,False,1.103066948293187,False
2013-12-23 06:15:00,MT_196,15541.6666666667,-0.8276206638424779,False,False,0.9516305457782787,False
2013-12-23 08:30:00,MT_196,25583.3333333333,1.244144440045592,False,False,1.1924327436738233,False
2013-12-23 09:00:00,MT_196,26166.6666666667,1.3377656864925143,False,False,1.2065262629482416,False
2013-12-23 11:45:00,MT_196,21750.0,0.5382181963134471,False,False,0.9820041834076416,False
2013-12-23 21:15:00,MT_196,20833.3333333333,0.1918960871985583,False,False,1.0031245643958784,False
2013-12-24 02:00:00,MT_196,11208.3333333333,-1.77480226446123,False,False,1.0120469809289854,False
2013-12-24 04:30:00,MT_196,12083.3333333333,-1.5396491323897676,False,False,0.9988365307030236,False
2013-12-24 05:00:00,MT_196,12083.3333333333,-1.5474846171031196,False,False,1.0187185966852768,False
2013-12-24 09:00:00,MT_196,23666.6666666667,0.755111941638116,False,False,1.015533267482758,False
2013-12-24 09:15:00,MT_196,24750.0,0.9901010076566215,False,False,1.0570739167690817,False
2013-12-24 10:30:00,MT_196,21833.3333333333,0.3852577223696084,False,False,0.9639635249343641,False
2013-12-24 18:00:00,MT_196,20500.0,0.2339901151216872,False,False,1.1936960055762529,False
2013-12-24 20:15:00,MT_196,9500.0,-1.9901334840350138,False,False,3.559641863597856,True
2013-12-25 09:45:00,MT_196,8250.0,-0.9800687447895827,False,False,2.720397072677403,False
2013-12-25 11:00:00,MT_196,8208.33333333333,-0.8955161128219039,False,False,2.798005824705247,False
2013-12-25 18:00:00,MT_196,9583.33333333333,-0.05416741666543382,False,False,2.5221323402672056,False
2013-12-25 19:45:00,MT_196,9041.66666666667,-0.1716105974357087,False,False,2.7291883417924487,False
2013-12-26 11:30:00,MT_196,20291.6666666667,1.6686458082818028,False,False,1.8183643803121885,False
2013-12-26 14:45:00,MT_196,23041.6666666667,1.5582180699669759,False,False,1.2567737880905898,False
2013-12-26 16:00:00,MT_196,23250.0,1.422531144582983,False,False,1.1164702720502413,False
2013-12-26 16:30:00,MT_196,24750.0,1.5811463087997848,False,False,1.2095411443798143,False
2013-12-26 20:45:00,MT_196,21166.6666666667,0.6499683092802714,False,False,0.9995512773768441,False
2013-12-26 22:15:00,MT_196,20416.6666666667,0.44270016514563776,False,False,0.9762361776503641,False
2013-12-26 22:30:00,MT_196,18500.0,0.12414303501624577,False,False,0.9645260447941536,False
2013-12-26 23:15:00,MT_196,19208.3333333333,0.19147180727962948,False,False,0.9751222630135246,False
2013-12-26 23:30:00,MT_196,18541.6666666667,0.0655113234600337,False,False,0.9939034752232777,False
2013-12-27 00:45:00,MT_196,11291.6666666667,-1.310186143113044,False,False,0.9888010081233229,False
2013-12-27 03:00:00,MT_196,8541.66666666667,-1.8955267208371374,False,False,1.0808771689363974,False
2013-12-27 04:15:00,MT_196,8875.0,-1.8568097895406668,False,False,1.0486305906605586,False
2013-12-27 12:00:00,MT_196,21375.0,0.5161368373145723,False,False,0.9840179016201414,False
2013-12-27 15:00:00,MT_196,25875.0,1.3568614656513958,False,False,1.1195477225028663,False
2013-12-27 17:15:00,MT_196,23333.3333333333,0.839457896472512,False,False,0.9953316979958235,False
2013-12-27 23:45:00,MT_196,15791.6666666667,-0.5716091886355918,False,False,1.0266200983527025,False
2013-12-28 03:45:00,MT_196,9625.0,-1.7348283177183648,False,False,0.9753373640938279,False
2013-12-28 06:15:00,MT_196,16125.0,-0.5037668096480431,False,False,0.9768462625430585,False
2013-12-28 11:15:00,MT_196,23541.6666666667,0.7870759612793472,False,False,0.9764296253232485,False
2013-12-28 22:30:00,MT_196,18875.0,-0.09725264851952477,False,False,0.9922727111123714,False
2013-12-29 07:15:00,MT_196,19208.3333333333,-0.0075761652451836765,False,False,1.1150969797339687,False
2013-12-29 16:45:00,MT_196,22291.6666666667,0.5890275078618508,False,False,0.9837317140017396,False
2013-12-30 02:45:00,MT_196,8291.66666666667,-1.7343073114637297,False,False,1.003337596766402,False
2013-12-30 03:30:00,MT_196,8208.33333333333,-1.7475016871382962,False,False,1.0011593275207162,False
2013-12-30 07:30:00,MT_196,23500.0,0.9305297581435285,False,False,1.2195540924883435,False
2013-12-30 08:15:00,MT_196,23833.3333333333,0.9777389488352324,False,False,1.131297394083007,False
2013-12-30 11:00:00,MT_196,20500.0,0.44425220916701347,False,False,0.965193785377401,False
2013-12-30 15:15:00,MT_196,24750.0,1.1659153702322451,False,False,1.0366338669231803,False
2013-12-30 20:45:00,MT_196,22333.3333333333,0.5814113254704735,False,False,0.9766687149337193,False
2013-12-31 02:00:00,MT_196,8458.33333333333,-1.8313898220806513,False,False,0.9942351523503297,False
2013-12-31 03:45:00,MT_196,8916.66666666667,-1.7696627235482452,False,False,1.0042459441178027,False
2013-12-31 15:15:00,MT_196,22958.3333333333,0.617683258799272,False,False,0.9802442857893533,False
2013-12-31 17:15:00,MT_196,23250.0,0.6902520485691431,False,False,0.981366455851859,False
2013-12-31 18:30:00,MT_196,20833.3333333333,0.28427220668704095,False,False,1.0786142775421925,False
2013-12-31 20:15:00,MT_196,10291.6666666667,-1.6287106415767922,False,False,3.2774260736841967,True
2014-01-01 00:30:00,MT_196,10083.3333333333,-1.1521000668154597,False,False,1.1792731555479612,False
2014-01-01 01:15:00,MT_196,7833.33333333333,-1.4772331450677474,False,False,1.2840585828875704,False
2014-01-01 10:15:00,MT_196,8666.66666666667,-0.8852691475718473,False,False,2.687997627903625,False
2014-01-01 11:45:00,MT_196,7916.66666666667,-0.8829882387724036,False,False,2.6206839668902906,False
2014-01-01 15:15:00,MT_196,8583.33333333333,-0.5426044878817259,False,False,2.3914529864494263,False
2014-01-01 16:00:00,MT_196,7791.66666666667,-0.6499525153311657,False,False,2.3916412813329218,False
2014-01-01 19:00:00,MT_196,8791.66666666667,-0.2133573040247252,False,False,2.706246270152855,False
2014-01-01 19:45:00,MT_196,8541.66666666667,-0.309313970696853,False,False,2.738708044821472,False
2014-01-01 23:45:00,MT_196,9125.0,0.6397638554651778,False,False,3.000097496001261,False
2014-01-02 01:00:00,MT_196,7625.0,-1.2190919811338088,False,False,1.6998063096176697,False
2014-01-02 01:45:00,MT_196,8375.0,-0.28625683217984854,False,False,2.7850296691018643,False
2014-01-02 02:00:00,MT_196,8000.0,-0.7483445853131327,False,False,2.4931075059243666,False
2014-01-02 02:30:00,MT_196,7916.66666666667,-0.84047009190651,False,False,2.4964902124506256,False
2014-01-02 11:45:00,MT_196,20333.3333333333,1.7244941168923238,False,False,1.8404672091771435,False
2014-01-02 20:30:00,MT_196,20541.6666666667,0.6106912963112355,False,False,1.0085147095477087,False
2014-01-02 23:00:00,MT_196,18750.0,0.16838272699365758,False,False,0.9741682831555112,False
2014-01-02 23:45:00,MT_196,15083.3333333333,-0.5432199709518757,False,False,1.0762310209754686,False
2014-01-03 01:00:00,MT_196,9291.66666666667,-1.7059144784441456,False,False,1.0851157044300166,False
2014-01-03 04:00:00,MT_196,9541.66666666667,-1.745738804895746,False,False,0.9759031088560418,False
2014-01-03 06:15:00,MT_196,18250.0,-0.020601028302354395,False,False,1.2039912869625966,False
2014-01-03 10:00:00,MT_196,19291.6666666667,0.19784798137341197,False,False,1.0155668590727887,False
2014-01-03 10:15:00,MT_196,19500.0,0.2387787715839615,False,False,1.0030827425462694,False
2014-01-03 11:00:00,MT_196,20000.0,0.3373199650018628,False,False,0.9684223999890219,False
2014-01-03 11:15:00,MT_196,19833.3333333333,0.30133444333913156,False,False,0.9746237114764,False
2014-01-03 16:15:00,MT_196,23708.3333333333,1.108504226779858,False,False,0.9883967175310888,False
2014-01-03 16:30:00,MT_196,24000.0,1.1659890955647898,False,False,0.9973301022036186,False
2014-01-03 17:30:00,MT_196,23583.3333333333,1.06913908829971,False,False,1.0011699532332188,False
2014-01-03 23:00:00,MT_196,18666.6666666667,0.04999320602952776,False,False,0.9981736849283388,False
2014-01-04 01:30:00,MT_196,9083.33333333333,-1.8398242130815075,False,False,1.003867845213217,False
2014-01-04 19:15:00,MT_196,21291.6666666667,0.41770530996528743,False,False,0.988093069090624,False
2014-01-04 21:30:00,MT_196,19625.0,0.14997501364188268,False,False,0.9914553077114866,False
2014-01-05 00:45:00,MT_196,8333.33333333333,-1.7980309166482116,False,False,1.2043478569990262,False
2014-01-05 02:45:00,MT_196,8125.0,-1.8044853597057846,False,False,1.0312373861164337,False
2014-01-05 15:30:00,MT_196,20208.3333333333,0.37034511991333374,False,False,1.002257953304366,False
2014-01-05 16:00:00,MT_196,19416.6666666667,0.24019482380756452,False,False,1.0892918906375906,False
2014-01-05 21:15:00,MT_196,18750.0,0.19463934699667068,False,False,0.9996093049909573,False
2014-01-06 00:45:00,MT_196,8708.33333333333,-1.6558742011447516,False,False,1.1208314274584061,False
2014-01-06 05:45:00,MT_196,17708.3333333333,0.01346424816738065,False,False,1.4296130810757126,False
2014-01-06 07:30:00,MT_196,22166.6666666667,0.8580995728482673,False,False,1.22470314846065,False
2014-01-06 11:00:00,MT_196,19833.3333333333,0.4913511041831739,False,False,0.9754443018952252,False
2014-01-06 11:15:00,MT_196,19291.6666666667,0.39139391869596296,False,False,0.982249171466765,False
2014-01-06 13:30:00,MT_196,21750.0,0.9684649881054328,False,False,0.9735875193802106,False
2014-01-06 20:45:00,MT_196,20625.0,0.5280101157691979,False,False,0.9799972085588087,False
2014-01-06 21:30:00,MT_196,19458.3333333333,0.30060727339653176,False,False,0.9788500725986942,False
2014-01-06 22:15:00,MT_196,19250.0,0.2549811196978361,False,False,0.9745018563547477,False
2014-01-06 23:30:00,MT_196,18958.3333333333,0.17837625008062732,False,False,0.9898960614913339,False
2014-01-07 01:30:00,MT_196,8458.33333333333,-1.8774121861404085,False,False,1.0319023175943682,False
2014-01-07 02:30:00,MT_196,8708.33333333333,-1.8426793749285446,False,False,0.9892488405516832,False
2014-01-07 03:30:00,MT_196,8208.33333333333,-1.9500727388165435,False,False,1.1439649956939228,False
2014-01-07 04:15:00,MT_196,8458.33333333333,-1.8791424093081546,False,False,1.0384843727162398,False
2014-01-07 09:45:00,MT_196,21375.0,0.6200598597426752,False,False,0.9729553122569398,False
2014-01-07 10:30:00,MT_196,20750.0,0.4901670410907286,False,False,0.9589115068597275,False
2014-01-07 16:15:00,MT_196,22333.3333333333,0.8122885556672066,False,False,0.9867760953850498,False
2014-01-07 21:15:00,MT_196,18458.3333333333,0.09684154210038894,False,False,0.9994144888743001,False
2014-01-07 23:45:00,MT_196,13750.0,-0.8538210781452727,False,False,1.0236718501207602,False
2014-01-08 01:45:00,MT_196,8500.0,-1.8733610222414112,False,False,1.1078924647400776,False
2014-01-08 02:45:00,MT_196,8916.66666666667,-1.7728093150112783,False,False,1.0065552651143352,False
2014-01-08 03:15:00,MT_196,9166.66666666667,-1.7171779301689893,False,False,0.9931036705768601,False
2014-01-08 03:45:00,MT_196,9291.66666666667,-1.6975787055890286,False,False,0.9656564108048903,False
2014-01-08 09:00:00,MT_196,22666.6666666667,0.9045330715208958,False,False,1.0359712476929819,False
2014-01-08 11:15:00,MT_196,19083.3333333333,0.23672794002366768,False,False,1.006106385195513,False
2014-01-08 14:15:00,MT_196,20833.3333333333,0.5718055782502582,False,False,0.9878389175962377,False
2014-01-08 15:30:00,MT_196,22083.3333333333,0.8372336523135229,False,False,0.9838110414777298,False
2014-01-09 04:00:00,MT_196,8500.0,-1.8400886477421432,False,False,1.0789185885899693,False
2014-01-09 04:30:00,MT_196,9166.66666666667,-1.701572505214362,False,False,1.055512831981951,False
2014-01-09 09:30:00,MT_196,19916.6666666667,0.4289365138481635,False,False,0.9788814321152127,False
2014-01-09 10:00:00,MT_196,20125.0,0.4640981183325455,False,False,0.9687368224112273,False
2014-01-09 18:15:00,MT_196,20250.0,0.4385970976271737,False,False,1.0576269883138656,False
2014-01-10 00:00:00,MT_196,14333.3333333333,-0.7042581775536988,False,False,1.05115319430256,False
2014-01-10 16:00:00,MT_196,24166.6666666667,1.1852351256811249,False,False,1.0061803965832108,False
2014-01-10 20:15:00,MT_196,20791.6666666667,0.5138902368880123,False,False,0.9869916917405736,False
2014-01-10 21:45:00,MT_196,19083.3333333333,0.17255847127857762,False,False,0.9854032822025043,False
2014-01-11 00:30:00,MT_196,13750.0,-0.8459915538849061,False,False,1.0004113753768926,False
2014-01-11 02:00:00,MT_196,8416.66666666667,-1.883534172002462,False,False,1.0141509419281463,False
2014-01-11 09:30:00,MT_196,21125.0,0.6710846151010055,False,False,0.9797285257466221,False
2014-01-11 14:30:00,MT_196,20500.0,0.5322767967991301,False,False,1.0705899455464758,False
2014-01-11 16:45:00,MT_196,23958.3333333333,1.2868348797055473,False,False,1.0085320879465665,False
2014-01-11 21:30:00,MT_196,20375.0,0.5283095684685651,False,False,0.9953456556127307,False
2014-01-12 00:15:00,MT_196,13291.6666666667,-0.9201688602366189,False,False,0.9769178107968762,False
2014-01-12 07:00:00,MT_196,15666.6666666667,-0.4217770591679375,False,False,0.9722808308225837,False
2014-01-12 07:30:00,MT_196,15541.6666666667,-0.4397914384252159,False,False,0.9848199180544388,False
2014-01-12 08:45:00,MT_196,16708.3333333333,-0.19575175051636384,False,False,1.0803890555183082,False
2014-01-12 11:45:00,MT_196,20416.6666666667,0.5840445845945537,False,False,1.0232229488085618,False
2014-01-12 12:45:00,MT_196,21041.6666666667,0.7248174452428853,False,False,0.9992126611956748,False
2014-01-12 14:45:00,MT_196,21250.0,0.7835046217720144,False,False,1.0162351883664857,False
2014-01-12 20:30:00,MT_196,18791.6666666667,0.355323239392271,False,False,1.0169636655801628,False
2014-01-13 01:15:00,MT_196,9000.0,-1.673842465883553,False,False,1.0293854974498098,False
2014-01-13 05:00:00,MT_196,8125.0,-1.8007313551512034,False,False,1.3119597497397433,False
2014-01-13 10:00:00,MT_196,18958.3333333333,0.4901083193769716,False,False,1.005687042803327,False
2014-01-13 12:15:00,MT_196,18250.0,0.37668293217020876,False,False,1.084058787944793,False
2014-01-13 15:00:00,MT_196,19916.6666666667,0.7793018042631639,False,False,0.9691187797739041,False
2014-01-13 17:00:00,MT_196,22500.0,1.4059250784141837,False,False,1.0588458090086577,False
2014-01-13 18:30:00,MT_196,20375.0,0.9231755298732405,False,False,1.0022659670188283,False
2014-01-14 00:30:00,MT_196,12666.6666666667,-0.8616728544353722,False,False,0.9887636309439652,False
2014-01-14 10:00:00,MT_196,19250.0,0.5803441640383572,False,False,0.972883485454641,False
2014-01-14 11:00:00,MT_196,19916.6666666667,0.7299789610079543,False,False,0.9758829598247913,False
2014-01-14 13:00:00,MT_196,18875.0,0.4692455076430782,False,False,1.0577536018416678,False
2014-01-14 14:45:00,MT_196,19083.3333333333,0.5092706296331039,False,False,1.0617035724810504,False
2014-01-14 18:15:00,MT_196,19208.3333333333,0.5350871650008436,False,False,1.0604998649577857,False
2014-01-15 01:15:00,MT_196,8833.33333333333,-1.8128460315955968,False,False,1.0815098180490599,False
2014-01-15 01:30:00,MT_196,9083.33333333333,-1.7514910101803443,False,False,1.013942259555084,False
2014-01-15 02:00:00,MT_196,9458.33333333333,-1.6772832595032559,False,False,0.9903318227978037,False
2014-01-15 05:45:00,MT_196,15583.3333333333,-0.31194610249136473,False,False,1.0970422695108366,False
2014-01-15 12:00:00,MT_196,20458.3333333333,0.8563064626700325,False,False,1.014732073308211,False
2014-01-15 13:30:00,MT_196,19166.6666666667,0.5467027106671999,False,False,1.0238443791370682,False
2014-01-15 15:45:00,MT_196,20041.6666666667,0.7642552114865083,False,False,0.9927093783328027,False
2014-01-15 16:00:00,MT_196,18583.3333333333,0.4177964614091926,False,False,1.1179981665868142,False
2014-01-15 17:15:00,MT_196,19708.3333333333,0.722370850960199,False,False,1.0338158376991733,False
2014-01-15 17:30:00,MT_196,21666.6666666667,1.2077552860173881,False,False,1.0425280308823164,False
2014-01-15 21:30:00,MT_196,18125.0,0.3736450256997111,False,False,1.0175838834072675,False
2014-01-16 01:15:00,MT_196,10916.6666666667,-1.416173663388522,False,False,0.9670845115624697,False
2014-01-16 09:45:00,MT_196,17958.3333333333,0.3777092011475192,False,False,1.0005040689903784,False
2014-01-16 13:00:00,MT_196,19958.3333333333,0.9654775248614683,False,False,1.0297895796662022,False
2014-01-16 21:15:00,MT_196,18791.6666666667,0.5415213863967976,False,False,1.0012185807005303,False
2014-01-17 04:00:00,MT_196,8500.0,-1.8887116040285807,False,False,1.0669085280237507,False
2014-01-17 13:30:00,MT_196,21916.6666666667,1.0314458184541382,False,False,1.0187830415842039,False
2014-01-17 15:00:00,MT_196,25166.6666666667,1.6173847999320377,False,False,1.2647930877012135,False
2014-01-17 20:45:00,MT_196,20958.3333333333,0.6047481873411147,False,False,0.971935633290784,False
2014-01-18 03:45:00,MT_196,10250.0,-1.454109799737261,False,False,0.9867926178930972,False
2014-01-18 05:45:00,MT_196,15375.0,-0.5143147471886961,False,False,1.0068521745306025,False
2014-01-18 13:00:00,MT_196,21875.0,0.5547330130034358,False,False,0.9948244199840226,False
2014-01-18 14:30:00,MT_196,22541.6666666667,0.6828305511086993,False,False,1.001748957462507,False
2014-01-18 15:00:00,MT_196,25000.0,1.1260898197642837,False,False,0.9956878649958656,False
2014-01-18 16:45:00,MT_196,24958.3333333333,1.1174615715646903,False,False,0.9958783600856169,False
2014-01-18 19:00:00,MT_196,21333.3333333333,0.43422253615091727,False,False,0.9916198100817576,False
2014-01-19 00:30:00,MT_196,14208.3333333333,-0.838195411771467,False,False,1.0045758568853995,False
2014-01-19 05:30:00,MT_196,12958.3333333333,-1.026742750892082,False,False,1.013279553652644,False
2014-01-19 08:45:00,MT_196,21708.3333333333,0.5439986801963823,False,False,1.0377080307153272,False
2014-01-19 10:15:00,MT_196,23250.0,0.83819217642345,False,False,1.0109311117817443,False
2014-01-19 13:00:00,MT_196,19833.3333333333,0.26928841869547043,False,False,1.0435225953313687,False
2014-01-19 15:45:00,MT_196,20000.0,0.39883240125958874,False,False,1.008852766491081,False
2014-01-19 20:15:00,MT_196,18875.0,0.3071149467489054,False,False,1.0423172612744618,False
2014-01-20 02:30:00,MT_196,8000.0,-1.8804456862722354,False,False,1.1309525578969526,False
2014-01-20 03:15:00,MT_196,8875.0,-1.6857314399049999,False,False,0.975465443493383,False
2014-01-20 11:45:00,MT_196,19166.6666666667,0.5299764467618976,False,False,1.0043759400745125,False
2014-01-20 16:30:00,MT_196,21875.0,1.0156598460034785,False,False,1.0161264675153456,False
2014-01-20 20:00:00,MT_196,18583.3333333333,0.3104054445709021,False,False,1.0517691563818308,False
2014-01-21 06:30:00,MT_196,18041.6666666667,0.15676271875279793,False,False,1.2894424924856114,False
2014-01-21 09:45:00,MT_196,18250.0,0.20705121105190916,False,False,1.0085001574629842,False
2014-01-21 20:15:00,MT_196,19166.6666666667,0.3211718329804906,False,False,0.9733952708385496,False
2014-01-21 21:30:00,MT_196,18291.6666666667,0.14071480992781615,False,False,0.9845015472461234,False
2014-01-21 22:15:00,MT_196,18708.3333333333,0.22559234359098085,False,False,0.9829960919213446,False
2014-01-21 23:00:00,MT_196,18208.3333333333,0.12211145478790929,False,False,0.9859944705512725,False
2014-01-22 06:45:00,MT_196,14291.6666666667,-0.6650920046507538,False,False,0.9917176717218041,False
2014-01-22 08:15:00,MT_196,19833.3333333333,0.44960773966159506,False,False,1.04691566442959,False
2014-01-22 10:15:00,MT_196,18916.6666666667,0.26562558356222776,False,False,1.0102618643371413,False
2014-01-22 12:45:00,MT_196,22916.6666666667,1.0820869612424955,False,False,1.0437588927708727,False
2014-01-22 13:45:00,MT_196,20750.0,0.6612142992798988,False,False,0.9774833081554319,False
2014-01-22 23:45:00,MT_196,13458.3333333333,-0.8162606751582996,False,False,1.0358965552489874,False
2014-01-23 01:00:00,MT_196,8833.33333333333,-1.7503083399177315,False,False,1.040949703649461,False
2014-01-23 02:00:00,MT_196,8250.0,-1.8588563556361102,False,False,1.1501896887120961,False
2014-01-23 04:00:00,MT_196,8250.0,-1.8428806943533917,False,False,1.1057896727791998,False
2014-01-23 05:30:00,MT_196,12083.3333333333,-1.0543283671551675,False,False,1.0163973993584896,False
2014-01-23 06:30:00,MT_196,16666.6666666667,-0.12691628316312548,False,False,1.1017135494665153,False
2014-01-23 09:15:00,MT_196,24333.3333333333,1.3840327567248079,False,False,1.2012381695800924,False
2014-01-23 11:00:00,MT_196,19833.3333333333,0.49373591966366737,False,False,0.9595567887831876,False
2014-01-23 12:15:00,MT_196,19041.6666666667,0.32577448525450686,False,False,1.0294409671398232,False
2014-01-23 13:30:00,MT_196,19875.0,0.4991123815965912,False,False,1.0498815996704969,False
2014-01-23 16:30:00,MT_196,21500.0,0.8161279900984884,False,False,0.9950535644582312,False
2014-01-24 03:00:00,MT_196,9291.66666666667,-1.7086010067763713,False,False,0.9959035479202077,False
2014-01-24 03:15:00,MT_196,9458.33333333333,-1.6833409547071312,False,False,0.9865834943514088,False
2014-01-24 08:30:00,MT_196,21666.6666666667,0.8260802945041564,False,False,1.0743427056229349,False
2014-01-24 09:00:00,MT_196,22625.0,1.0205466165756454,False,False,1.0913180566041398,False
2014-01-24 14:15:00,MT_196,22958.3333333333,1.036008254271631,False,False,0.976664658715436,False
2014-01-24 18:45:00,MT_196,22541.6666666667,0.8610525251269993,False,False,1.0082569949895315,False
2014-01-25 03:00:00,MT_196,8500.0,-1.8556737541057795,False,False,1.009596115652071,False
2014-01-25 07:30:00,MT_196,21583.3333333333,0.6244870944300522,False,False,1.1087393472619957,False
2014-01-25 08:15:00,MT_196,21750.0,0.657551836782631,False,False,1.0266326301975552,False
2014-01-25 10:15:00,MT_196,22458.3333333333,0.7757170948047558,False,False,0.9763521111784558,False
2014-01-25 11:00:00,MT_196,22416.6666666667,0.7273968164309009,False,False,0.9787679679014969,False
2014-01-25 15:45:00,MT_196,22958.3333333333,0.7532443240494545,False,False,1.004628366208366,False
2014-01-25 16:00:00,MT_196,23708.3333333333,0.8896663631460591,False,False,0.9835801709829716,False
2014-01-25 16:15:00,MT_196,24000.0,0.9375210651566567,False,False,0.9850509836108472,False
2014-01-25 22:00:00,MT_196,19833.3333333333,0.18487466357419977,False,False,0.9720996970654633,False
2014-01-26 04:30:00,MT_196,8750.0,-1.7949522815650234,False,False,1.0209335771602581,False
2014-01-26 04:45:00,MT_196,8125.0,-1.9050488077266199,False,False,1.0893017481501508,False
2014-01-26 06:15:00,MT_196,16833.3333333333,-0.34115593304606534,False,False,1.0428052936968297,False
2014-01-26 07:00:00,MT_196,15333.3333333333,-0.6054628054345605,False,False,0.9779322423102087,False
2014-01-26 08:15:00,MT_196,21083.3333333333,0.4201554270411437,False,False,1.0454941816373864,False
2014-01-26 08:30:00,MT_196,21500.0,0.4960399694995371,False,False,1.0414004816793838,False
2014-01-26 13:15:00,MT_196,20583.3333333333,0.34463894941596324,False,False,0.9940710018008988,False
2014-01-26 16:30:00,MT_196,22375.0,0.7571331717901678,False,False,0.9794020071580902,False
2014-01-26 21:30:00,MT_196,20000.0,0.3773729689836274,False,False,0.9908317209838736,False
2014-01-27 01:15:00,MT_196,10000.0,-1.5344597800908033,False,False,0.9924890166647354,False
2014-01-27 02:45:00,MT_196,8625.0,-1.829419730385666,False,False,1.0122957808891078,False
2014-01-27 03:00:00,MT_196,8083.33333333333,-1.9254150079180714,False,False,1.0876809788343647,False
2014-01-27 03:45:00,MT_196,9541.66666666667,-1.6310217119877861,False,False,0.9639404008505708,False
2014-01-27 06:00:00,MT_196,15291.6666666667,-0.544385441819467,False,False,0.9907006125821354,False
2014-01-27 10:30:00,MT_196,18333.3333333333,0.09736535580198179,False,False,1.0177639283471978,False
2014-01-27 13:45:00,MT_196,21333.3333333333,0.8628322927762331,False,False,0.9706356387850134,False
2014-01-27 19:15:00,MT_196,20041.6666666667,0.530317455649107,False,False,1.0005817846042144,False
2014-01-28 02:45:00,MT_196,8625.0,-1.8952816220711923,False,False,1.0256924132585157,False
2014-01-28 03:00:00,MT_196,8583.33333333333,-1.9042706559983131,False,False,1.0613319315102274,False
2014-01-28 10:30:00,MT_196,18041.6666666667,0.1285695712062005,False,False,1.0424678654952673,False
2014-01-28 20:15:00,MT_196,19291.6666666667,0.2901890418435772,False,False,0.9731934112672244,False
2014-01-28 21:30:00,MT_196,18375.0,0.11364653986389418,False,False,0.9909001770371,False
2014-01-29 00:15:00,MT_196,12958.3333333333,-0.9352861040756855,False,False,1.0011412712182708,False
2014-01-29 03:45:00,MT_196,8000.0,-1.792100635770949,False,False,0.9987660768381695,False
2014-01-29 07:00:00,MT_196,14291.6666666667,-0.6065594187046475,False,False,0.995131117108758,False
2014-01-29 07:45:00,MT_196,19541.6666666667,0.3467080280018112,False,False,1.088511273958298,False
2014-01-29 12:00:00,MT_196,18625.0,0.19937019300051778,False,False,1.024552294530531,False
2014-01-29 18:15:00,MT_196,19833.3333333333,0.5270155846590675,False,False,1.07420139755103,False
2014-01-30 03:15:00,MT_196,8875.0,-1.7132478993991251,False,False,1.0088035227466638,False
2014-01-30 04:15:00,MT_196,7583.33333333333,-1.9986565635771598,False,False,1.350551230965393,False
2014-01-30 09:45:00,MT_196,17250.0,0.005741162194425099,False,False,1.0808323552530723,False
2014-01-30 14:30:00,MT_196,22500.0,1.0202056285010033,False,False,0.9740411817392732,False
2014-01-30 15:15:00,MT_196,22875.0,1.0617816709443566,False,False,0.9798487680314478,False
2014-01-30 19:30:00,MT_196,21333.3333333333,0.6689841239428596,False,False,0.9903180157317563,False
2014-01-30 21:00:00,MT_196,20166.6666666667,0.42962192136767613,False,False,0.9876665003503926,False
2014-01-30 23:00:00,MT_196,18666.6666666667,0.13865318451319883,False,False,0.9768230031465321,False
2014-01-31 00:45:00,MT_196,11000.0,-1.290221751324668,False,False,0.9998071123759966,False
2014-01-31 02:15:00,MT_196,12166.6666666667,-1.103810535933541,False,False,1.1921607697728203,False
2014-01-31 03:45:00,MT_196,11416.6666666667,-1.3376614361627763,False,False,1.0115576099707797,False
2014-01-31 11:15:00,MT_196,19458.3333333333,0.19762810185498583,False,False,1.0209538000378136,False
2014-01-31 12:30:00,MT_196,19916.6666666667,0.30364874481173876,False,False,1.047076972514225,False
2014-01-31 12:45:00,MT_196,23208.3333333333,1.0378170667389464,False,False,1.0376665890634276,False
2014-01-31 20:00:00,MT_196,21041.6666666667,0.6115989786498465,False,False,0.9779046785955077,False
2014-02-01 10:45:00,MT_196,22708.3333333333,0.8318832975542572,False,False,0.9750187833143787,False
2014-02-01 12:15:00,MT_196,22958.3333333333,0.8179385602133635,False,False,0.9745185864734984,False
2014-02-01 13:00:00,MT_196,22666.6666666667,0.7510841932089138,False,False,0.971101731822343,False
2014-02-01 19:45:00,MT_196,19333.3333333333,0.1287979312589742,False,False,1.1199071797139097,False
2014-02-02 04:15:00,MT_196,8583.33333333333,-1.7965599175744338,False,False,1.0084281419352288,False
2014-02-02 07:45:00,MT_196,20916.6666666667,0.4748296012250095,False,False,1.1015471381481639,False
2014-02-02 08:00:00,MT_196,21958.3333333333,0.66761875523214,False,False,1.098095124999715,False
2014-02-02 09:00:00,MT_196,21750.0,0.6304511833978694,False,False,1.028359853102769,False
2014-02-02 10:00:00,MT_196,23291.6666666667,0.9059458923274576,False,False,1.0455182186545084,False
2014-02-02 10:45:00,MT_196,24791.6666666667,1.163135982047728,False,False,1.1171834926051467,False
2014-02-02 11:30:00,MT_196,24666.6666666667,1.1368661099362822,False,False,1.0536764607513336,False
2014-02-02 14:00:00,MT_196,18416.6666666667,0.015213644239170926,False,False,1.1708144798009532,False
2014-02-02 19:45:00,MT_196,19250.0,0.27953407113166345,False,False,1.077528405745444,False
2014-02-02 20:15:00,MT_196,18500.0,0.13664393390891028,False,False,1.1376150757893841,False
2014-02-03 04:15:00,MT_196,7541.66666666667,-1.8736957262503777,False,False,1.220308721677482,False
2014-02-03 12:45:00,MT_196,22833.3333333333,1.310042334662685,False,False,1.1368968281198815,False
2014-02-03 15:00:00,MT_196,22500.0,1.1756428337927705,False,False,1.0285848560594937,False
2014-02-04 01:30:00,MT_196,11000.0,-1.2581441140093603,False,False,1.020048195767199,False
2014-02-04 05:00:00,MT_196,10708.3333333333,-1.534181402026173,False,False,1.049359405297675,False
2014-02-04 06:30:00,MT_196,15916.6666666667,-0.4009048572093027,False,False,0.9860564338155724,False
2014-02-04 12:30:00,MT_196,19166.6666666667,0.33010284843960114,False,False,1.0424949331287106,False
2014-02-04 16:00:00,MT_196,25000.0,1.5134495566579695,False,False,1.0812563668101536,False
2014-02-04 16:15:00,MT_196,24500.0,1.3916551956172172,False,False,1.053985428101042,False
2014-02-04 17:30:00,MT_196,24500.0,1.3621152525686913,False,False,1.026558132636676,False
2014-02-04 20:30:00,MT_196,18041.6666666667,-0.01142627439012873,False,False,1.1209740437388402,False
2014-02-04 23:15:00,MT_196,17208.3333333333,-0.19624250168223178,False,False,1.0178280946528602,False
2014-02-05 06:15:00,MT_196,16166.6666666667,-0.34212345255136767,False,False,1.0200990308755467,False
2014-02-05 08:00:00,MT_196,21416.6666666667,0.6588183384143801,False,False,1.032276127766164,False
2014-02-05 08:30:00,MT_196,21583.3333333333,0.6832269301822292,False,False,1.0057797742460532,False
2014-02-05 19:00:00,MT_196,20208.3333333333,0.5828584648266815,False,False,0.9940632950017024,False
2014-02-05 19:45:00,MT_196,21000.0,0.7532134532433292,False,False,0.9925650844032113,False
2014-02-05 20:15:00,MT_196,21041.6666666667,0.7550938668438612,False,False,0.9871140162091779,False
2014-02-05 23:15:00,MT_196,18458.3333333333,0.1820205609380094,False,False,0.9871367269061229,False
2014-02-05 23:30:00,MT_196,18375.0,0.16186470106035802,False,False,0.9920192771331529,False
2014-02-06 00:15:00,MT_196,14000.0,-0.7557539490772187,False,False,1.0716618725242795,False
2014-02-06 15:15:00,MT_196,22083.3333333333,0.8632802945191997,False,False,0.9733873127498395,False
2014-02-06 17:15:00,MT_196,26375.0,1.6963917466700682,False,False,1.3225074785015836,False
2014-02-06 18:00:00,MT_196,24083.3333333333,1.1941807544141412,False,False,1.0145304233380454,False
2014-02-06 18:30:00,MT_196,20583.3333333333,0.4922654011397128,False,False,1.0113735226826452,False
2014-02-06 20:45:00,MT_196,20000.0,0.38325895524580306,False,False,0.9961553012178789,False
2014-02-07 02:15:00,MT_196,9583.33333333333,-1.663563337322778,False,False,0.9821287007018473,False
2014-02-07 03:00:00,MT_196,8333.33333333333,-1.908880750699814,False,False,1.1104893754247567,False
2014-02-07 07:30:00,MT_196,22416.6666666667,0.8783144153942224,False,False,1.1831367160091406,False
2014-02-07 10:00:00,MT_196,18458.3333333333,0.07584029314303992,False,False,1.1043921131106074,False
2014-02-07 10:30:00,MT_196,20375.0,0.4476051080420183,False,False,0.9712055596781701,False
2014-02-07 11:00:00,MT_196,20541.6666666667,0.47597986440668155,False,False,0.9637087356070471,False
2014-02-07 15:00:00,MT_196,23208.3333333333,0.9988446516008106,False,False,0.9689984017572186,False
2014-02-07 19:15:00,MT_196,21875.0,0.7459093678473822,False,False,1.0073572237729254,False
2014-02-07 20:00:00,MT_196,21291.6666666667,0.6240271084901554,False,False,0.9770325602900649,False
2014-02-07 22:00:00,MT_196,18750.0,0.11699835506511037,False,False,0.982144619028648,False
2014-02-08 00:45:00,MT_196,8458.33333333333,-1.8652170231958536,False,False,1.101402149037829,False
2014-02-08 02:15:00,MT_196,8916.66666666667,-1.7341475568003408,False,False,0.9906751143154716,False
2014-02-08 04:45:00,MT_196,8083.33333333333,-1.8517709191727914,False,False,1.2187360198568378,False
2014-02-08 08:45:00,MT_196,23291.6666666667,0.9916979389975725,False,False,1.0626430865476029,False
2014-02-08 10:30:00,MT_196,23708.3333333333,1.0196467260049211,False,False,0.9913125987674442,False
2014-02-08 11:30:00,MT_196,23500.0,0.9448927446685866,False,False,0.9879906589198518,False
2014-02-09 00:15:00,MT_196,13333.3333333333,-0.8823119697714252,False,False,0.9817227194101736,False
2014-02-09 02:45:00,MT_196,8666.66666666667,-1.7303961087929933,False,False,0.9877661310245672,False
2014-02-09 03:30:00,MT_196,8000.0,-1.8508603435009388,False,False,1.019448835479982,False
2014-02-09 10:15:00,MT_196,25000.0,1.2461336699229197,False,False,1.1764938214474097,False
2014-02-09 13:00:00,MT_196,21208.3333333333,0.5342594491534538,False,False,0.9766636635126614,False
2014-02-09 22:15:00,MT_196,17583.3333333333,0.031515864824112436,False,False,1.0299924795541644,False
2014-02-10 02:30:00,MT_196,9375.0,-1.5096615711537509,False,False,0.9904940809902263,False
2014-02-10 06:45:00,MT_196,14791.6666666667,-0.48798902424001844,False,False,0.9927790818738776,False
2014-02-10 13:15:00,MT_196,20791.6666666667,0.9325661239576396,False,False,0.9858018387468267,False
2014-02-10 21:15:00,MT_196,19458.3333333333,0.46098518945579636,False,False,0.9653906496587054,False
2014-02-11 00:00:00,MT_196,14041.6666666667,-0.6836450165039978,False,False,1.0468654792580772,False
2014-02-11 01:15:00,MT_196,9041.66666666667,-1.7098696570635026,False,False,1.028075872696558,False
2014-02-11 01:30:00,MT_196,9000.0,-1.716289038842461,False,False,1.016715031222456,False
2014-02-11 01:45:00,MT_196,8750.0,-1.7657169816117457,False,False,0.9975055691399374,False
2014-02-11 03:15:00,MT_196,9500.0,-1.6174939238842114,False,False,0.9878949315235253,False
2014-02-11 06:00:00,MT_196,14500.0,-0.6044805419573346,False,False,0.9992528397486189,False
2014-02-12 00:30:00,MT_196,11375.0,-1.2038355422989613,False,False,1.0382804849502163,False
2014-02-12 05:00:00,MT_196,9833.33333333333,-1.6700200202276194,False,False,1.0183468169107237,False
2014-02-12 05:30:00,MT_196,12875.0,-0.9955637614266526,False,False,1.0224131963550065,False
2014-02-12 06:30:00,MT_196,14916.6666666667,-0.5337945051843159,False,False,0.9809907216894981,False
2014-02-12 10:00:00,MT_196,18000.0,0.1780792465366052,False,False,1.0373092476560364,False
2014-02-12 13:15:00,MT_196,21625.0,1.0303936104690041,False,False,0.9943278796720881,False
2014-02-12 14:00:00,MT_196,21833.3333333333,1.0955575183087007,False,False,1.0220097836024846,False
2014-02-12 14:30:00,MT_196,21791.6666666667,1.086102216411645,False,False,1.0134944468657647,False
2014-02-12 15:30:00,MT_196,20500.0,0.7787797773650937,False,False,0.9892228743177898,False
2014-02-12 23:30:00,MT_196,17541.6666666667,-0.0073973929717896375,False,False,0.9876301781882244,False
2014-02-13 00:45:00,MT_196,10458.3333333333,-1.6247287258869512,False,False,1.00225241560182,False
2014-02-13 04:00:00,MT_196,9625.0,-1.7939700458150993,False,False,0.9966692428109003,False
2014-02-13 09:15:00,MT_196,21000.0,0.7352818352507489,False,False,0.9992997749216045,False
2014-02-13 09:30:00,MT_196,19375.0,0.3743989918890621,False,False,0.9785069515657402,False
2014-02-13 11:30:00,MT_196,19333.3333333333,0.3411079260648398,False,False,1.0005186597634006,False
2014-02-13 16:30:00,MT_196,22083.3333333333,1.0156398191195846,False,False,0.9805651204127106,False
2014-02-13 19:15:00,MT_196,22041.6666666667,0.9884216669630258,False,False,1.005084695222378,False
2014-02-13 23:15:00,MT_196,17875.0,0.03393803691434992,False,False,1.0013665986319906,False
2014-02-14 03:30:00,MT_196,8333.33333333333,-2.038450269961221,False,False,1.140596676767435,False
2014-02-14 05:00:00,MT_196,8666.66666666667,-1.8940777162875322,False,False,1.2001652199346753,False
2014-02-14 07:45:00,MT_196,16500.0,-0.19767114769579233,False,False,1.044673023652858,False
2014-02-14 08:30:00,MT_196,20166.6666666667,0.5807581107795139,False,False,1.054785860140332,False
2014-02-14 14:00:00,MT_196,19750.0,0.4982797105711687,False,False,1.0503425856150144,False
2014-02-14 18:30:00,MT_196,20958.3333333333,0.711110427535208,False,False,1.0379478935679236,False
2014-02-14 20:15:00,MT_196,19666.6666666667,0.4664091722613741,False,False,0.989072989937362,False
2014-02-15 02:30:00,MT_196,9083.33333333333,-1.711256684029844,False,False,0.9805438125807842,False
2014-02-15 05:00:00,MT_196,9291.66666666667,-1.6899392585489488,False,False,1.078865070019813,False
2014-02-15 13:00:00,MT_196,22375.0,0.9284733507457592,False,False,0.9676595025674957,False
2014-02-15 13:15:00,MT_196,22416.6666666667,0.9324406332877881,False,False,0.9658852301038512,False
2014-02-15 20:30:00,MT_196,20833.3333333333,0.5950508237619635,False,False,0.9765844767359564,False
2014-02-15 21:30:00,MT_196,19583.3333333333,0.3284913725577485,False,False,0.9784664491275286,False
2014-02-15 23:45:00,MT_196,12458.3333333333,-1.091601618332592,False,False,1.0327636975908319,False
2014-02-16 07:30:00,MT_196,18458.3333333333,0.1763133229303007,False,False,1.1198323270773172,False
2014-02-16 08:00:00,MT_196,19625.0,0.38960792350748663,False,False,1.078807149597754,False
2014-02-16 12:45:00,MT_196,21833.3333333333,0.7826639447111922,False,False,0.9975598585492262,False
2014-02-16 13:00:00,MT_196,20583.3333333333,0.5560784842399284,False,False,0.9753080498932417,False
2014-02-16 13:45:00,MT_196,19750.0,0.4157000153389663,False,False,0.9892569442779179,False
2014-02-16 14:45:00,MT_196,18583.3333333333,0.21884721556668488,False,False,1.0904508877176715,False
2014-02-16 21:00:00,MT_196,19083.3333333333,0.4161318832021108,False,False,0.994328521785674,False
2014-02-17 00:45:00,MT_196,10041.6666666667,-1.3097244157531072,False,False,1.011652294803992,False
2014-02-17 07:15:00,MT_196,17583.3333333333,0.0913238552409462,False,False,1.0842421930858623,False
2014-02-17 14:00:00,MT_196,22083.3333333333,1.1549706740379453,False,False,1.0197825178119506,False
2014-02-17 19:15:00,MT_196,19083.3333333333,0.36572134784857885,False,False,1.0451094707153004,False
2014-02-18 04:45:00,MT_196,8541.66666666667,-1.879245074059234,False,False,1.0791634972948314,False
2014-02-18 08:15:00,MT_196,21833.3333333333,0.8886704179929994,False,False,1.1080164806782546,False
2014-02-18 12:45:00,MT_196,20500.0,0.6081466019589195,False,False,0.9847439053619198,False
2014-02-18 16:00:00,MT_196,19583.3333333333,0.5098705816757075,False,False,1.094639172833982,False
2014-02-19 02:45:00,MT_196,7750.0,-1.9831546215529465,False,False,1.2411985531313798,False
2014-02-19 03:15:00,MT_196,8791.66666666667,-1.745310819377238,False,False,0.9967788946562438,False
2014-02-19 09:30:00,MT_196,18916.6666666667,0.47430696859075516,False,False,1.008058057572643,False
2014-02-19 14:15:00,MT_196,18666.6666666667,0.4628237218442773,False,False,1.0797928555446228,False
2014-02-19 15:15:00,MT_196,19666.6666666667,0.6761936846141954,False,False,1.012750789469705,False
2014-02-19 16:00:00,MT_196,20875.0,0.9341610777809639,False,False,0.9742095937217119,False
2014-02-19 16:15:00,MT_196,20750.0,0.9021889041459874,False,False,0.9796396684066818,False
2014-02-19 17:00:00,MT_196,19625.0,0.6545341205411739,False,False,1.032000360832587,False
2014-02-19 20:45:00,MT_196,18083.3333333333,0.3415220501153426,False,False,1.0213848950593305,False
2014-02-20 04:15:00,MT_196,8708.33333333333,-1.8352153396215944,False,False,1.0901291808054516,False
2014-02-20 12:00:00,MT_196,18333.3333333333,0.398972281496217,False,False,1.0146203395925062,False
2014-02-20 16:45:00,MT_196,19791.6666666667,0.7162379863629045,False,False,1.0242127251881528,False
2014-02-20 17:15:00,MT_196,20875.0,0.9730835739623348,False,False,0.9957370093795728,False
2014-02-21 00:45:00,MT_196,9166.66666666667,-1.743020454412445,False,False,1.1793710166537394,False
2014-02-21 01:15:00,MT_196,9291.66666666667,-1.7045689003872884,False,False,1.0755972631238666,False
2014-02-21 04:15:00,MT_196,7833.33333333333,-2.0103100164582033,False,False,1.1716254220225766,False
2014-02-21 09:45:00,MT_196,18958.3333333333,0.49769696344606895,False,False,0.993009619918586,False
2014-02-21 19:45:00,MT_196,19458.3333333333,0.5056174076753795,False,False,1.0373796187046185,False
2014-02-22 00:30:00,MT_196,12708.3333333333,-0.9107243685217123,False,False,1.0097696809470895,False
2014-02-22 02:00:00,MT_196,8000.0,-1.8841054751173207,False,False,1.0361710623651021,False
2014-02-22 03:15:00,MT_196,9208.33333333333,-1.6219939545277968,False,False,0.9746455656856625,False
2014-02-22 09:00:00,MT_196,23666.6666666667,1.381658970688651,False,False,1.172097509532537,False
2014-02-22 12:45:00,MT_196,21375.0,0.7407465962624319,False,False,0.9813902453638002,False
2014-02-22 14:00:00,MT_196,21000.0,0.6523307113631625,False,False,1.0159323085914378,False
2014-02-22 14:30:00,MT_196,21541.6666666667,0.7528048081730274,False,False,1.0037395294540554,False
2014-02-22 15:00:00,MT_196,23333.3333333333,1.1070113224537321,False,False,0.9982531413274485,False
2014-02-22 15:45:00,MT_196,22916.6666666667,0.9965410032907787,False,False,0.9922543916780487,False
2014-02-22 19:45:00,MT_196,23958.3333333333,1.1233356267242045,False,False,1.1099933604863368,False
2014-02-23 01:15:00,MT_196,9208.33333333333,-1.6772646713208113,False,False,1.0216917380573394,False
2014-02-23 06:00:00,MT_196,13916.6666666667,-0.7615202804810561,False,False,1.0011002974088417,False
2014-02-23 07:45:00,MT_196,19916.6666666667,0.3456748169944109,False,False,1.1035751474224746,False
2014-02-23 10:15:00,MT_196,22833.3333333333,0.8773544617036405,False,False,1.0192361060927495,False
2014-02-23 17:30:00,MT_196,21166.6666666667,0.6814473881367247,False,False,0.9948775973446301,False
2014-02-23 18:00:00,MT_196,21125.0,0.6935392499631061,False,False,0.9961279313327734,False
2014-02-23 19:30:00,MT_196,20083.3333333333,0.5013617301002821,False,False,0.9890869093990077,False
2014-02-23 20:00:00,MT_196,20125.0,0.529500911158393,False,False,0.9906207117436523,False
2014-02-24 02:30:00,MT_196,8458.33333333333,-1.7449151016981685,False,False,1.0321607245999092,False
2014-02-24 04:15:00,MT_196,8166.66666666667,-1.8275119786037755,False,False,1.1071716749417737,False
2014-02-24 13:00:00,MT_196,21041.6666666667,0.8922488748986523,False,False,0.984803220200057,False
2014-02-25 05:00:00,MT_196,9208.33333333333,-1.861236816338857,False,False,1.0858764226657294,False
2014-02-25 10:30:00,MT_196,19708.3333333333,0.4080334967682768,False,False,0.9760340136407831,False
2014-02-25 12:30:00,MT_196,20000.0,0.4536946451684058,False,False,0.9962476166793743,False
2014-02-25 15:15:00,MT_196,22250.0,0.9088773856489204,False,False,0.9722051503700618,False
2014-02-25 15:45:00,MT_196,21458.3333333333,0.727559124643517,False,False,0.998019927245967,False
2014-02-25 17:15:00,MT_196,23666.6666666667,1.206076833416418,False,False,0.9856060387447345,False
2014-02-25 17:45:00,MT_196,21833.3333333333,0.8108308598254528,False,False,0.979207860193388,False
2014-02-25 19:15:00,MT_196,21208.3333333333,0.6787889533231096,False,False,0.9791738754622819,False
2014-02-25 20:00:00,MT_196,19666.6666666667,0.3458274321122812,False,False,0.9872215334790543,False
2014-02-25 21:00:00,MT_196,19458.3333333333,0.2954867801941171,False,False,0.9739715958176276,False
2014-02-25 21:30:00,MT_196,19166.6666666667,0.23527082587694625,False,False,0.9808502277681238,False
2014-02-26 01:00:00,MT_196,10125.0,-1.7216611458187812,False,False,1.0011111332675025,False
2014-02-26 05:30:00,MT_196,12500.0,-1.1482149423448573,False,False,1.0179870242461488,False
2014-02-26 13:15:00,MT_196,22708.3333333333,1.0379737927569883,False,False,1.0072983530028312,False
2014-02-26 14:00:00,MT_196,21708.3333333333,0.8196095942972228,False,False,0.9817875839498561,False
2014-02-26 15:45:00,MT_196,21000.0,0.6782826946981121,False,False,0.9948057023333405,False
2014-02-27 00:15:00,MT_196,14000.0,-0.7849089913490352,False,False,1.0674123054112037,False
2014-02-27 02:15:00,MT_196,12041.6666666667,-1.2804063038373552,False,False,1.1492478867021325,False
2014-02-27 03:45:00,MT_196,11250.0,-1.5329317362394772,False,False,0.9834759397322027,False
2014-02-27 10:30:00,MT_196,18916.6666666667,0.2595206647436446,False,False,0.9785055748275951,False
2014-02-27 12:45:00,MT_196,21791.6666666667,0.9786033829403469,False,False,0.9989407349269805,False
2014-02-27 16:00:00,MT_196,21833.3333333333,1.0601582273054955,False,False,0.9762131783188008,False
2014-02-27 19:00:00,MT_196,21333.3333333333,0.9297016053169669,False,False,0.9882857273094889,False
2014-02-28 06:15:00,MT_196,15458.3333333333,-0.46617047058727484,False,False,0.9738269249156383,False
2014-02-28 17:30:00,MT_196,23000.0,1.199697396660459,False,False,1.0113906153292047,False
2014-02-28 18:00:00,MT_196,23416.6666666667,1.2883543707234024,False,False,1.045275370370135,False
2014-02-28 21:45:00,MT_196,19250.0,0.3173412728727796,False,False,0.9805115403353171,False
2014-03-01 09:30:00,MT_196,21666.6666666667,0.8136924568602841,False,False,0.9739826305800836,False
2014-03-01 20:45:00,MT_196,20375.0,0.35187718123234996,False,False,0.9916957740480161,False
2014-03-01 23:30:00,MT_196,16875.0,-0.3368653076236371,False,False,1.0394758520090388,False
2014-03-02 03:30:00,MT_196,7833.33333333333,-2.010620429733904,False,False,1.1035729102208869,False
2014-03-02 12:15:00,MT_196,23333.3333333333,0.9878861794977462,False,False,1.0005007466063984,False
2014-03-02 15:45:00,MT_196,20916.6666666667,0.5803051306613374,False,False,0.9837979001717772,False
2014-03-02 19:00:00,MT_196,20541.6666666667,0.5655211684168583,False,False,0.9927788887864076,False
2014-03-03 06:15:00,MT_196,14250.0,-0.5987080787856915,False,False,0.9936546455286546,False
2014-03-03 08:15:00,MT_196,20208.3333333333,0.6149173761764665,False,False,1.102465881316596,False
2014-03-03 18:45:00,MT_196,19833.3333333333,0.6140006413143048,False,False,1.0154552539141464,False
2014-03-03 19:15:00,MT_196,20125.0,0.6793545713224308,False,False,0.991344585964834,False
2014-03-04 00:00:00,MT_196,12708.3333333333,-0.9109354750474419,False,False,0.9908266034607516,False
2014-03-04 08:15:00,MT_196,19875.0,0.5837375846856578,False,False,1.1135571030498852,False
2014-03-04 17:15:00,MT_196,22458.3333333333,1.037939003249385,False,False,0.9658410894904218,False
2014-03-04 18:30:00,MT_196,19666.6666666667,0.48591169137807283,False,False,1.0306753924851841,False
2014-03-04 18:45:00,MT_196,19375.0,0.4256387983697234,False,False,1.0491624255052021,False
2014-03-04 22:45:00,MT_196,18166.6666666667,0.1789449111503787,False,False,0.9831908656159687,False
2014-03-04 23:45:00,MT_196,13041.6666666667,-0.8447340476391564,False,False,1.0236905770158355,False
2014-03-05 04:15:00,MT_196,8791.66666666667,-1.7611709568718,False,False,1.001709849794152,False
2014-03-05 08:15:00,MT_196,19458.3333333333,0.4356718036014921,False,False,1.0575986845537968,False
2014-03-05 11:15:00,MT_196,19208.3333333333,0.4020722080386197,False,False,0.9892123285805016,False
2014-03-05 13:45:00,MT_196,21708.3333333333,0.9615862196216276,False,False,0.9686355303235804,False
2014-03-05 20:00:00,MT_196,19916.6666666667,0.6237823181061775,False,False,0.9807343971554827,False
2014-03-06 03:15:00,MT_196,10625.0,-1.553580269644118,False,False,0.9734992336543233,False
2014-03-06 07:45:00,MT_196,19291.6666666667,0.45027513917646256,False,False,1.112638104626051,False
2014-03-06 08:30:00,MT_196,21625.0,1.0099589502989206,False,False,1.1032378335917619,False
2014-03-06 09:30:00,MT_196,17958.3333333333,0.10546316462155793,False,False,1.0301673171610655,False
2014-03-06 11:15:00,MT_196,19333.3333333333,0.440710944423913,False,False,0.9887288195468752,False
2014-03-06 16:00:00,MT_196,19583.3333333333,0.5412007459660411,False,False,1.0999952859110433,False
2014-03-06 18:00:00,MT_196,21125.0,1.0000750833930219,False,False,0.9903109376327732,False
2014-03-06 21:30:00,MT_196,19041.6666666667,0.45261881564482226,False,False,0.9866726246835404,False
2014-03-07 00:45:00,MT_196,10083.3333333333,-1.878031366912111,False,False,1.1973486445021664,False
2014-03-07 02:00:00,MT_196,10000.0,-1.8714328918874301,False,False,1.0173747979660124,False
2014-03-07 06:00:00,MT_196,15625.0,-0.37100477287353045,False,False,1.0124875024454234,False
2014-03-07 10:15:00,MT_196,20208.3333333333,0.6998810307881832,False,False,0.9703967601939608,False
2014-03-07 11:30:00,MT_196,21666.6666666667,1.0457301065121642,False,False,1.0872242117432762,False
2014-03-07 11:45:00,MT_196,21916.6666666667,1.10017910445997,False,False,1.1101959139097848,False
2014-03-07 15:00:00,MT_196,20541.6666666667,0.7578702469228386,False,False,1.0068620476160157,False
2014-03-07 17:45:00,MT_196,21333.3333333333,0.8841950277910322,False,False,1.004745633731848,False
2014-03-07 20:45:00,MT_196,20500.0,0.6702154008120756,False,False,0.974128858426074,False
2014-03-07 22:45:00,MT_196,19208.3333333333,0.36282044120565776,False,False,0.9933094571352357,False
2014-03-08 02:00:00,MT_196,8291.66666666667,-2.115119067388293,False,False,1.156560662145082,False
2014-03-08 02:45:00,MT_196,9458.33333333333,-1.8119996239606493,False,False,0.9874545137603793,False
2014-03-08 07:30:00,MT_196,20750.0,0.7046342224036867,False,False,1.1390408166141432,False
2014-03-08 08:15:00,MT_196,20416.6666666667,0.6312671554723973,False,False,1.0413278974793203,False
2014-03-08 08:30:00,MT_196,18916.6666666667,0.3019816851201953,False,False,1.040030404733432,False
2014-03-08 16:00:00,MT_196,22916.6666666667,1.1540100871380363,False,False,0.9953227083237947,False
2014-03-08 22:15:00,MT_196,18708.3333333333,0.22944332104270496,False,False,0.9668081997203049,False
2014-03-09 00:30:00,MT_196,14625.0,-0.6579734403400533,False,False,1.0372288528408724,False
2014-03-09 01:30:00,MT_196,9458.33333333333,-1.7818153770750071,False,False,1.005318628955079,False
2014-03-09 05:45:00,MT_196,15833.3333333333,-0.39107572042678856,False,False,1.0585901374522817,False
2014-03-09 06:00:00,MT_196,16125.0,-0.3258980867890627,False,False,1.0638110608788418,False
2014-03-09 12:45:00,MT_196,20041.6666666667,0.5551787531379232,False,False,0.9854709355654405,False
2014-03-09 16:00:00,MT_196,21166.6666666667,0.8423137479777338,False,False,0.9823960205092265,False
2014-03-09 18:30:00,MT_196,20208.3333333333,0.6458054929374807,False,False,1.0174744479433273,False
2014-03-10 00:30:00,MT_196,13500.0,-0.7859647921077692,False,False,1.0242720842805928,False
2014-03-10 01:30:00,MT_196,9541.66666666667,-1.685135380221787,False,False,1.0159175443631823,False
2014-03-10 03:15:00,MT_196,9208.33333333333,-1.7962373927153499,False,False,0.9882954659840517,False
2014-03-10 03:45:00,MT_196,9041.66666666667,-1.8342248751356407,False,False,0.9970778715953049,False
2014-03-10 04:30:00,MT_196,8708.33333333333,-1.9132819780937937,False,False,1.1777325054014043,False
2014-03-10 14:00:00,MT_196,19291.6666666667,0.5159710796694205,False,False,1.0400097832844288,False
2014-03-10 18:30:00,MT_196,18291.6666666667,0.31152005710986097,False,False,1.200399426728654,False
2014-03-10 21:15:00,MT_196,18625.0,0.4289706734692657,False,False,0.9741612856476627,False
2014-03-10 23:00:00,MT_196,17375.0,0.12297081790272185,False,False,0.9821908084745571,False
2014-03-10 23:45:00,MT_196,14500.0,-0.595936748893564,False,False,1.1315307043798706,False
2014-03-11 01:30:00,MT_196,10375.0,-1.6273331251899008,False,False,1.0108451864877603,False
2014-03-11 02:30:00,MT_196,10666.6666666667,-1.5942197014404473,False,False,0.9849286404632184,False
2014-03-11 03:45:00,MT_196,11000.0,-1.5911865698892584,False,False,0.9753355375067595,False
2014-03-11 17:00:00,MT_196,23166.6666666667,1.6781116214234397,False,False,1.2035596601011955,False
2014-03-11 20:15:00,MT_196,20000.0,0.8092240819160215,False,False,1.0089489854842917,False
2014-03-12 00:00:00,MT_196,14416.6666666667,-0.6798795104093911,False,False,1.0381964936756045,False
2014-03-12 03:45:00,MT_196,8708.33333333333,-2.005821277800291,False,False,1.0624005046669098,False
2014-03-12 05:00:00,MT_196,8541.66666666667,-2.019820484641143,False,False,1.261246735587843,False
2014-03-12 13:00:00,MT_196,19166.6666666667,0.5287264860254234,False,False,1.0157306242889323,False
2014-03-12 13:15:00,MT_196,18625.0,0.3981172319610266,False,False,1.0819715353084498,False
2014-03-12 15:45:00,MT_196,18750.0,0.4431677357872271,False,False,1.0972727095973116,False
2014-03-12 16:15:00,MT_196,19791.6666666667,0.6881686255888021,False,False,1.0091788235335495,False
2014-03-12 23:45:00,MT_196,14958.3333333333,-0.5072888928005697,False,False,1.0779039770949992,False
2014-03-13 19:00:00,MT_196,19916.6666666667,0.6338821115252212,False,False,0.9951005831196021,False
2014-03-13 19:15:00,MT_196,19666.6666666667,0.5760848188755402,False,False,1.00704738439213,False
2014-03-13 21:45:00,MT_196,18833.3333333333,0.39988712904413687,False,False,0.9747607341823438,False
2014-03-13 22:30:00,MT_196,18208.3333333333,0.25802979229158624,False,False,0.9748737941370009,False
2014-03-14 00:15:00,MT_196,14541.6666666667,-0.6434822209157959,False,False,1.0724600744699064,False
2014-03-14 05:45:00,MT_196,17083.3333333333,-0.0027813872090412957,False,False,1.322152687546504,False
2014-03-14 07:00:00,MT_196,15875.0,-0.30576853878053284,False,False,0.9967438975967499,False
2014-03-14 07:15:00,MT_196,19333.3333333333,0.5444435377440143,False,False,1.2255847736397827,False
2014-03-14 07:45:00,MT_196,18958.3333333333,0.44325808740024664,False,False,1.1189012504049793,False
2014-03-14 09:00:00,MT_196,21250.0,0.992687902318806,False,False,1.1074631049546335,False
2014-03-14 11:15:00,MT_196,20833.3333333333,0.8841757524854327,False,False,1.0224178716967478,False
2014-03-14 11:30:00,MT_196,21625.0,1.0750597806458122,False,False,1.1062539329288537,False
2014-03-14 15:30:00,MT_196,20083.3333333333,0.6607429286063091,False,False,1.0674523608237445,False
2014-03-14 19:15:00,MT_196,21333.3333333333,0.9030490479344377,False,False,1.033936707375693,False
2014-03-14 21:15:00,MT_196,19291.6666666667,0.411311423181596,False,False,0.9901249585005041,False
2014-03-14 22:15:00,MT_196,17791.6666666667,0.06020283930417055,False,False,0.9822726516443477,False
2014-03-15 08:45:00,MT_196,22750.0,1.2096915861730757,False,False,1.128202569170216,False
2014-03-15 16:30:00,MT_196,22166.6666666667,0.9353928690486895,False,False,0.9994605600529409,False
2014-03-15 17:15:00,MT_196,23333.3333333333,1.1782895084089071,False,False,0.9969718043611534,False
2014-03-15 19:15:00,MT_196,21708.3333333333,0.7934975184543316,False,False,0.995298898306433,False
2014-03-15 22:45:00,MT_196,18833.3333333333,0.16463077491801825,False,False,0.9772353937423884,False
2014-03-16 03:30:00,MT_196,8041.66666666667,-2.029863018203141,False,False,1.1025568999793782,False
2014-03-16 04:45:00,MT_196,9041.66666666667,-1.8182198284269402,False,False,1.0201764519507996,False
2014-03-16 10:00:00,MT_196,19708.3333333333,0.40027710271586103,False,False,0.9916289333555278,False
2014-03-16 11:00:00,MT_196,19916.6666666667,0.45889063501719396,False,False,1.0213615088856154,False
2014-03-16 12:15:00,MT_196,21583.3333333333,0.7978799048316719,False,False,0.997558463132471,False
2014-03-16 19:30:00,MT_196,21583.3333333333,0.8849432765577101,False,False,1.029012993300445,False
2014-03-17 04:30:00,MT_196,8500.0,-2.193323526801161,False,False,1.6185076330805699,False
2014-03-17 06:00:00,MT_196,14791.6666666667,-0.6692579112283782,False,False,0.9802483451977055,False
2014-03-17 10:15:00,MT_196,17750.0,0.06490714768257844,False,False,1.0554731354282392,False
2014-03-17 10:45:00,MT_196,18916.6666666667,0.3526900158463166,False,False,0.9777641725908457,False
2014-03-17 18:00:00,MT_196,18541.6666666667,0.4406939269972363,False,False,1.1506881766492514,False
2014-03-17 22:30:00,MT_196,18666.6666666667,0.5668330472177501,False,False,0.9981170922757739,False
2014-03-18 04:45:00,MT_196,9000.0,-1.9476137826849174,False,False,1.0706884248241342,False
2014-03-18 07:45:00,MT_196,16083.3333333333,-0.17698398702548773,False,False,1.0475431950617196,False
2014-03-18 12:00:00,MT_196,21500.0,1.1829531179030002,False,False,1.1098530996235856,False
2014-03-18 16:30:00,MT_196,20666.6666666667,0.9443533347110755,False,False,0.9852593172806905,False
2014-03-18 17:00:00,MT_196,20416.6666666667,0.8773832564817946,False,False,0.9919693828975923,False
2014-03-18 18:30:00,MT_196,20000.0,0.7425697407256799,False,False,1.0083863712075376,False
2014-03-18 23:15:00,MT_196,18083.3333333333,0.24122458306466146,False,False,0.9895382126321379,False
2014-03-18 23:30:00,MT_196,18083.3333333333,0.2421256491669563,False,False,1.0039089281326263,False
2014-03-19 16:45:00,MT_196,21958.3333333333,1.1064284063457048,False,False,0.9987480859744208,False
2014-03-19 19:00:00,MT_196,21208.3333333333,0.9004058342356437,False,False,0.9831856341521633,False
2014-03-19 21:00:00,MT_196,19708.3333333333,0.5375477194432172,False,False,0.9844015886627864,False
2014-03-20 03:45:00,MT_196,10125.0,-1.7403537382111631,False,False,0.9620860028903752,False
2014-03-20 05:15:00,MT_196,11625.0,-1.3853253246240114,False,False,0.9963790068487018,False
2014-03-20 06:45:00,MT_196,16583.3333333333,-0.21956415603341806,False,False,1.058350790303774,False
2014-03-20 15:45:00,MT_196,19583.3333333333,0.5182560305244274,False,False,1.1103338175944462,False
2014-03-20 19:45:00,MT_196,20125.0,0.6765556818854758,False,False,0.9901635217314905,False
2014-03-20 21:30:00,MT_196,19500.0,0.5359357919485774,False,False,0.9869595632388543,False
2014-03-21 04:45:00,MT_196,9000.0,-2.0576620963503687,False,False,1.2188471351082644,False
2014-03-21 07:15:00,MT_196,18416.6666666667,0.2822840674944816,False,False,1.1348870271743159,False
2014-03-21 11:45:00,MT_196,21625.0,1.0407203703706627,False,False,1.0795215585414821,False
2014-03-21 13:00:00,MT_196,20125.0,0.6635084702651062,False,False,1.0063816646322923,False
2014-03-21 13:30:00,MT_196,19625.0,0.5360989839732653,False,False,1.0323127688229605,False
2014-03-21 20:45:00,MT_196,21083.3333333333,0.8093398737288787,False,False,0.988458432835199,False
2014-03-21 21:15:00,MT_196,19666.6666666667,0.47052285548199985,False,False,0.9930131879244539,False
2014-03-22 02:45:00,MT_196,10625.0,-1.6871993744618743,False,False,0.9754137548622235,False
2014-03-22 03:30:00,MT_196,9833.33333333333,-1.9022176557178987,False,False,0.9965723424899254,False
2014-03-22 10:45:00,MT_196,21083.3333333333,0.7980527269830424,False,False,0.9792946671557518,False
2014-03-22 16:45:00,MT_196,20750.0,0.6975475848480602,False,False,1.0999589777720968,False
2014-03-22 18:45:00,MT_196,19541.6666666667,0.41587628208719607,False,False,1.0805640965512961,False
2014-03-22 20:15:00,MT_196,21500.0,0.9417589081324939,False,False,1.0657729252310666,False
2014-03-22 20:30:00,MT_196,20375.0,0.6590876791636265,False,False,0.9901385987756797,False
2014-03-22 21:15:00,MT_196,19250.0,0.3872874809915474,False,False,0.9891366074548092,False
2014-03-22 22:30:00,MT_196,18541.6666666667,0.2204213616947814,False,False,0.9774690897261841,False
2014-03-22 23:30:00,MT_196,17208.3333333333,-0.1124665373125978,False,False,1.028515298282571,False
2014-03-23 02:15:00,MT_196,9333.33333333333,-1.9376272934365846,False,False,1.0165740599135449,False
2014-03-23 02:45:00,MT_196,8916.66666666667,-1.9866893074101863,False,False,1.0596892052609246,False
2014-03-23 10:00:00,MT_196,19166.6666666667,0.4694623798127537,False,False,1.0134471522762836,False
2014-03-23 12:30:00,MT_196,19750.0,0.590964873757053,False,False,1.0199849811487358,False
2014-03-23 15:45:00,MT_196,19000.0,0.4292124314691055,False,False,1.0477178846126358,False
2014-03-24 00:30:00,MT_196,13083.3333333333,-0.8008182794238496,False,False,1.0393480127524035,False
2014-03-24 05:30:00,MT_196,13333.3333333333,-0.9337935287502738,False,False,1.03091523256659,False
2014-03-24 06:45:00,MT_196,14958.3333333333,-0.5409042128294983,False,False,0.9808968708083352,False
2014-03-24 07:15:00,MT_196,19375.0,0.5510876549923068,False,False,1.249502291783677,False
2014-03-24 15:45:00,MT_196,18791.6666666667,0.4419298158235919,False,False,1.0895828991002572,False
2014-03-24 18:30:00,MT_196,21250.0,1.0934072084068913,False,False,1.0033203257014096,False
2014-03-24 19:30:00,MT_196,20208.3333333333,0.8172785881247597,False,False,0.9876448743605193,False
2014-03-25 00:00:00,MT_196,13541.6666666667,-0.9443255436392543,False,False,0.9903113227632783,False
2014-03-25 04:00:00,MT_196,8625.0,-1.8557610121351906,False,False,1.0107769041257615,False
2014-03-25 05:45:00,MT_196,16208.3333333333,-0.13913072914320992,False,False,1.1965434274083955,False
2014-03-25 07:45:00,MT_196,19083.3333333333,0.489519892851789,False,False,1.1796408975533703,False
2014-03-25 08:30:00,MT_196,20291.6666666667,0.7539584302187635,False,False,1.090049437166964,False
2014-03-25 15:30:00,MT_196,18750.0,0.4356570440851985,False,False,1.1634282771671631,False
2014-03-25 18:00:00,MT_196,19875.0,0.702061836507774,False,False,1.0196984930246484,False
2014-03-26 00:30:00,MT_196,11041.6666666667,-1.2809339773953123,False,False,1.036749850897154,False
2014-03-26 03:15:00,MT_196,9333.33333333333,-1.804367016589037,False,False,1.003039372489269,False
2014-03-26 08:45:00,MT_196,22166.6666666667,1.2891007171146103,False,False,1.231604606988965,False
2014-03-26 10:30:00,MT_196,18958.3333333333,0.5153112970139925,False,False,1.0033836840903854,False
2014-03-26 12:45:00,MT_196,19916.6666666667,0.738449545523106,False,False,0.9835794466414118,False
2014-03-26 23:30:00,MT_196,16791.6666666667,-0.012748260521631985,False,False,0.9982842978653657,False
2014-03-27 00:30:00,MT_196,11833.3333333333,-1.2105122536673925,False,False,1.0017015689684332,False
2014-03-27 01:30:00,MT_196,8416.66666666667,-2.025532231178428,False,False,1.2745363804823473,False
2014-03-27 01:45:00,MT_196,8458.33333333333,-2.0012439523855607,False,False,1.2469156539348443,False
2014-03-27 09:00:00,MT_196,21000.0,0.944231507146288,False,False,1.0716676215776095,False
2014-03-27 18:30:00,MT_196,19416.6666666667,0.5550932916725225,False,False,1.0256694892053335,False
2014-03-27 19:45:00,MT_196,19625.0,0.6218916960475942,False,False,0.9952001319212607,False
2014-03-27 20:15:00,MT_196,20541.6666666667,0.8316239298239017,False,False,1.0080966178021316,False
2014-03-27 21:00:00,MT_196,19958.3333333333,0.694228574748819,False,False,1.0158940673743844,False
2014-03-27 23:15:00,MT_196,18625.0,0.36915165904148367,False,False,0.9827552425074314,False
2014-03-27 23:30:00,MT_196,18291.6666666667,0.28859896107065075,False,False,0.9971888715245498,False
2014-03-28 00:45:00,MT_196,10291.6666666667,-1.5555470443856743,False,False,1.018278046677421,False
2014-03-28 02:45:00,MT_196,9291.66666666667,-1.8569016157289804,False,False,1.0080678543068011,False
2014-03-28 03:30:00,MT_196,8625.0,-2.037699334674037,False,False,1.1278596999576997,False
2014-03-28 08:15:00,MT_196,20041.6666666667,0.7135905640628845,False,False,1.0880362773831334,False
2014-03-28 10:00:00,MT_196,19250.0,0.5269130503286998,False,False,0.9831839453908113,False
2014-03-28 12:00:00,MT_196,19541.6666666667,0.5887734235251771,False,False,0.9810103919454661,False
2014-03-28 17:30:00,MT_196,20500.0,0.8009791738911367,False,False,1.0234723306935618,False
2014-03-28 18:15:00,MT_196,19333.3333333333,0.5179025037263429,False,False,1.1866372342385485,False
2014-03-28 20:00:00,MT_196,22583.3333333333,1.2474079735634007,False,False,1.1800862191207628,False
2014-03-28 23:45:00,MT_196,13708.3333333333,-0.827201941297567,False,False,1.0751612167048985,False
2014-03-29 01:45:00,MT_196,8583.33333333333,-1.9310452469561574,False,False,1.032078093700856,False
2014-03-29 06:00:00,MT_196,14958.3333333333,-0.437420021992594,False,False,1.0274316888079214,False
2014-03-29 10:30:00,MT_196,21541.6666666667,0.9002607075690153,False,False,0.9693757949850376,False
2014-03-29 11:45:00,MT_196,20041.6666666667,0.583860080569574,False,False,1.0860694785703215,False
2014-03-29 12:00:00,MT_196,20833.3333333333,0.7443180962607321,False,False,1.0200657108511646,False
2014-03-29 15:00:00,MT_196,20416.6666666667,0.632105180872827,False,False,1.0793796818328392,False
2014-03-29 19:30:00,MT_196,20625.0,0.6776774538221721,False,False,0.9950148982165329,False
2014-03-29 20:45:00,MT_196,20583.3333333333,0.674308060428387,False,False,1.0052492425826214,False
2014-03-30 12:15:00,MT_196,20250.0,0.6192224776171646,False,False,1.010306551439068,False
2014-03-30 17:00:00,MT_196,21375.0,0.8291632673339311,False,False,0.9902082218480099,False
2014-03-30 19:00:00,MT_196,20583.3333333333,0.6855696228103736,False,False,0.9966639120619809,False
2014-03-30 20:45:00,MT_196,19458.3333333333,0.49592866712742606,False,False,0.9792327330490977,False
2014-03-31 01:00:00,MT_196,9416.66666666667,-1.3074522445618564,False,False,1.0195807343366545,False
2014-03-31 06:00:00,MT_196,12583.3333333333,-1.0165862051836385,False,False,1.0763618794153078,False
2014-03-31 14:45:00,MT_196,19250.0,0.5762107073195708,False,False,1.0131176070271366,False
2014-03-31 15:30:00,MT_196,19791.6666666667,0.6948927686096749,False,False,0.9898640460482893,False
2014-03-31 20:45:00,MT_196,20416.6666666667,0.8869643708023279,False,False,1.0248284825429508,False
2014-04-01 09:00:00,MT_196,22708.3333333333,1.3867996950193051,False,False,1.2826593939214554,False
2014-04-01 12:30:00,MT_196,19125.0,0.4964307346101957,False,False,1.0055315758630334,False
2014-04-01 13:45:00,MT_196,18208.3333333333,0.28213365356139014,False,False,1.1380510530710528,False
2014-04-01 14:45:00,MT_196,18791.6666666667,0.4247191208631502,False,False,1.110455852220581,False
2014-04-01 15:00:00,MT_196,18458.3333333333,0.3481352189145986,False,False,1.2040730093183798,False
2014-04-01 23:00:00,MT_196,18125.0,0.3091141759604087,False,False,0.9988445497796974,False
2014-04-01 23:45:00,MT_196,14583.3333333333,-0.5393105173137122,False,False,1.085217318688443,False
2014-04-02 06:30:00,MT_196,18000.0,0.27318329159394944,False,False,1.301937126589614,False
2014-04-02 14:30:00,MT_196,18625.0,0.4232244919840801,False,False,1.1115356675008827,False
2014-04-02 16:45:00,MT_196,20291.6666666667,0.8182092451294647,False,False,0.998821825401044,False
2014-04-02 18:00:00,MT_196,19708.3333333333,0.6901381447714289,False,False,1.0390508372274152,False
2014-04-03 01:45:00,MT_196,9000.0,-1.886963211420533,False,False,1.0806063817323726,False
2014-04-03 04:45:00,MT_196,8708.33333333333,-1.8928124394480383,False,False,1.2094241075849776,False
2014-04-03 10:15:00,MT_196,20208.3333333333,0.8300676205765976,False,False,1.004956583243373,False
2014-04-03 10:30:00,MT_196,19583.3333333333,0.67628436709219,False,False,0.9777392246421136,False
2014-04-03 10:45:00,MT_196,19666.6666666667,0.700894513249553,False,False,0.9847976294669615,False
2014-04-03 20:00:00,MT_196,19708.3333333333,0.6394944713788971,False,False,0.9894084598385735,False
2014-04-04 04:30:00,MT_196,7916.66666666667,-2.0523937726986694,False,False,1.2470062058473965,False
2014-04-04 08:30:00,MT_196,21041.6666666667,0.95102338789529,False,False,1.1213244915815088,False
2014-04-04 09:15:00,MT_196,24250.0,1.6549736474344188,False,False,1.507549951387167,False
2014-04-04 11:00:00,MT_196,21458.3333333333,1.0192247226237914,False,False,1.0857598746801207,False
2014-04-04 15:30:00,MT_196,21541.6666666667,1.0058362375646315,False,False,0.9839563475216291,False
2014-04-04 19:45:00,MT_196,21250.0,0.8876501579542942,False,False,1.0185405114046497,False
2014-04-04 22:15:00,MT_196,18750.0,0.32817369545760294,False,False,0.9845406391000978,False
2014-04-04 22:45:00,MT_196,19208.3333333333,0.42396053636646336,False,False,1.0128890000851407,False
2014-04-04 23:00:00,MT_196,19041.6666666667,0.38780994345814057,False,False,1.0258256786073063,False
2014-04-05 02:00:00,MT_196,10291.6666666667,-1.5447385755502376,False,False,0.9909536328002765,False
2014-04-05 07:45:00,MT_196,16375.0,-0.3403194881922838,False,False,1.0202305060626824,False
2014-04-05 08:30:00,MT_196,19666.6666666667,0.4642477564745162,False,False,1.031595516305414,False
2014-04-05 12:30:00,MT_196,20541.6666666667,0.6529977895379606,False,False,1.022685154292669,False
2014-04-05 13:30:00,MT_196,20708.3333333333,0.6907414367547744,False,False,0.9961114476665959,False
2014-04-05 18:45:00,MT_196,20500.0,0.5687208010328159,False,False,1.0080939644071387,False
2014-04-05 20:15:00,MT_196,21041.6666666667,0.7249493881335956,False,False,0.9940357931626589,False
2014-04-05 22:30:00,MT_196,18375.0,0.06963495417537909,False,False,0.978913673689065,False
2014-04-05 23:45:00,MT_196,14458.3333333333,-0.8533360578546124,False,False,0.9997162854880163,False
2014-04-06 02:00:00,MT_196,9958.33333333333,-1.844320538719285,False,False,0.9765130699353352,False
2014-04-06 02:45:00,MT_196,9375.0,-1.9490873129030355,False,False,1.0369075096995068,False
2014-04-06 03:45:00,MT_196,8750.0,-2.06631989989868,False,False,1.1025670695667944,False
2014-04-06 14:45:00,MT_196,21083.3333333333,0.7692720370153902,False,False,1.0138282998052075,False
2014-04-06 15:30:00,MT_196,19708.3333333333,0.4749834803205563,False,False,1.008530415288053,False
2014-04-06 19:00:00,MT_196,21375.0,0.8298454949046469,False,False,1.0002146859672205,False
2014-04-06 20:45:00,MT_196,20291.6666666667,0.5889553191338742,False,False,0.9741869696113976,False
2014-04-07 02:15:00,MT_196,10666.6666666667,-1.558773122613381,False,False,0.9897470366149236,False
2014-04-07 04:30:00,MT_196,8000.0,-2.2345631262496775,False,False,1.7139590949624732,False
2014-04-07 04:45:00,MT_196,9333.33333333333,-1.9134463989740491,False,False,1.2180016269990133,False
2014-04-07 17:00:00,MT_196,20041.6666666667,0.6668754097457823,False,False,1.0796956326466494,False
2014-04-07 17:45:00,MT_196,20208.3333333333,0.7273605516848202,False,False,1.0357384112777377,False
2014-04-07 20:15:00,MT_196,20208.3333333333,0.7539456685982262,False,False,0.9838362910392281,False
2014-04-07 22:45:00,MT_196,19166.6666666667,0.5018849822773799,False,False,0.9911268091584643,False
2014-04-08 02:45:00,MT_196,10000.0,-1.8188909072998016,False,False,0.9832078735792861,False
2014-04-08 06:15:00,MT_196,16291.6666666667,-0.24984004537005478,False,False,1.0554630262332083,False
2014-04-08 07:45:00,MT_196,16041.6666666667,-0.31042093853385444,False,False,1.01732245523597,False
2014-04-08 16:00:00,MT_196,21458.3333333333,0.9458578144223355,False,False,0.9939537412768867,False
2014-04-08 17:00:00,MT_196,21000.0,0.8296913204428267,False,False,0.9868730703230207,False
2014-04-08 17:15:00,MT_196,21541.6666666667,0.9552223695856894,False,False,0.9846670981622121,False
2014-04-08 23:15:00,MT_196,18583.3333333333,0.21413850722053013,False,False,0.9876090588033807,False
2014-04-08 23:45:00,MT_196,15125.0,-0.5975579579578494,False,False,1.0802565878764903,False
2014-04-10 00:45:00,MT_196,10833.3333333333,-1.5078451572819995,False,False,0.974282703505909,False
2014-04-10 02:00:00,MT_196,11208.3333333333,-1.502165783758421,False,False,1.0116599869411484,False
2014-04-10 05:30:00,MT_196,16083.3333333333,-0.4770149712391485,False,False,1.0747025733381887,False
2014-04-10 05:45:00,MT_196,13875.0,-1.0704583446133888,False,False,1.003072341083756,False
2014-04-10 08:30:00,MT_196,18458.3333333333,0.15646686128687512,False,False,1.0294583560346136,False
2014-04-10 10:15:00,MT_196,20250.0,0.6361011172188241,False,False,0.9734048274113133,False
2014-04-10 10:30:00,MT_196,20166.6666666667,0.615583202167315,False,False,0.9775050612571777,False
2014-04-10 11:15:00,MT_196,20458.3333333333,0.6945939280081658,False,False,0.9697535768066221,False
2014-04-10 14:30:00,MT_196,20958.3333333333,0.7983857774131001,False,False,0.989349838346926,False
2014-04-10 18:30:00,MT_196,23125.0,1.2722169721072776,False,False,1.0464731807745373,False
2014-04-11 00:15:00,MT_196,13500.0,-1.183883360902721,False,False,1.0080423801228824,False
2014-04-11 02:15:00,MT_196,12333.3333333333,-1.529844633995256,False,False,0.997909658582631,False
2014-04-11 06:30:00,MT_196,16375.0,-0.5197090109968382,False,False,0.9593147904694537,False
2014-04-11 06:45:00,MT_196,15333.3333333333,-0.7843737095297709,False,False,0.963093170720287,False
2014-04-11 09:15:00,MT_196,20625.0,0.5749420794299519,False,False,0.995764630903615,False
2014-04-11 11:45:00,MT_196,22458.3333333333,1.0444039972053203,False,False,1.0764747368242118,False
2014-04-11 13:30:00,MT_196,19791.6666666667,0.35799695382725794,False,False,1.0881582140239159,False
2014-04-11 21:15:00,MT_196,21791.6666666667,0.6654466912500883,False,False,0.9849998988520907,False
2014-04-12 00:15:00,MT_196,15708.3333333333,-0.7019663697265685,False,False,1.006451524886846,False
2014-04-12 00:45:00,MT_196,10833.3333333333,-1.8078051489062885,False,False,1.0389929241287457,False
2014-04-12 17:45:00,MT_196,27041.6666666667,1.171230261310935,False,False,1.0363176634436566,False
2014-04-13 00:15:00,MT_196,15125.0,-0.837137025916324,False,False,0.9861552443740479,False
2014-04-13 02:15:00,MT_196,9708.33333333333,-1.6957836552944663,False,False,0.9704873726572198,False
2014-04-13 04:15:00,MT_196,8916.66666666667,-1.770642128279936,False,False,0.992456545566609,False
2014-04-13 09:30:00,MT_196,22500.0,0.4333035545943247,False,False,0.9779809595703369,False
2014-04-13 18:15:00,MT_196,23666.6666666667,0.7775749001215749,False,False,0.9900313400032368,False
2014-04-13 21:30:00,MT_196,21083.3333333333,0.31201134091383237,False,False,0.9810948940880451,False
2014-04-14 01:30:00,MT_196,11333.3333333333,-1.3897915587809748,False,False,0.9698539723379562,False
2014-04-14 02:30:00,MT_196,9875.0,-1.6737285306045346,False,False,0.9826553108957747,False
2014-04-14 06:30:00,MT_196,17833.3333333333,-0.2544888674815114,False,False,1.0760670489928286,False
2014-04-14 08:45:00,MT_196,21041.6666666667,0.32321293437111254,False,False,1.009123774559699,False
2014-04-14 09:15:00,MT_196,20666.6666666667,0.2509321695126437,False,False,0.9917309058232137,False
2014-04-14 10:30:00,MT_196,21666.6666666667,0.4521508979841725,False,False,0.9683083159867766,False
2014-04-14 13:30:00,MT_196,27416.6666666667,1.565283709125202,False,False,1.0618428699862974,False
2014-04-14 15:30:00,MT_196,23375.0,0.7519926547844877,False,False,0.9940536589130999,False
2014-04-14 17:30:00,MT_196,25875.0,1.2408862166203085,False,False,0.9964827378362244,False
2014-04-15 01:30:00,MT_196,10333.3333333333,-1.5865464245827356,False,False,1.009911673895828,False
2014-04-15 04:15:00,MT_196,9166.66666666667,-1.7960936920453225,False,False,1.0135451444636934,False
2014-04-15 05:00:00,MT_196,10250.0,-1.595535388411435,False,False,1.0540070010866143,False
2014-04-15 05:15:00,MT_196,16208.3333333333,-0.4964776407341966,False,False,1.0664681703092114,False
2014-04-15 11:45:00,MT_196,26041.6666666667,1.1954407224026486,False,False,1.0482139995802304,False
2014-04-15 12:15:00,MT_196,25708.3333333333,1.1014428947076893,False,False,1.022538656367176,False
2014-04-15 12:30:00,MT_196,25208.3333333333,1.0005868493088799,False,False,1.0085770193932229,False
2014-04-15 15:15:00,MT_196,26375.0,1.2066410175993398,False,False,1.013001162075439,False
2014-04-15 15:45:00,MT_196,31666.6666666667,2.091158599872369,False,False,1.2508998136082574,False
2014-04-16 11:45:00,MT_196,22583.3333333333,0.35718554333737534,False,False,0.9822316876944245,False
2014-04-16 12:15:00,MT_196,21000.0,0.13883129105389913,False,False,1.0418692744439308,False
2014-04-16 13:00:00,MT_196,26125.0,0.9166939738716554,False,False,1.033443408464988,False
2014-04-16 16:15:00,MT_196,27416.6666666667,1.1835785391875109,False,False,1.0016323274505803,False
2014-04-16 20:15:00,MT_196,21875.0,0.44282274416836315,False,False,0.9758039310324691,False
2014-04-16 22:00:00,MT_196,19916.6666666667,0.10549201102459074,False,False,0.9843632794790748,False
2014-04-17 00:15:00,MT_196,14166.6666666667,-0.869576194276411,False,False,1.0407530780094827,False
2014-04-17 05:30:00,MT_196,15333.3333333333,-0.675271880938752,False,False,1.0224686085001113,False
2014-04-17 07:00:00,MT_196,15500.0,-0.6505534734144076,False,False,0.9681564846955869,False
2014-04-17 17:15:00,MT_196,31041.6666666667,1.6457533484501976,False,False,1.1009830473326605,False
2014-04-17 22:00:00,MT_196,23250.0,0.40331751924307163,False,False,1.036535045302247,False
2014-04-18 04:00:00,MT_196,9833.33333333333,-1.6010521878267712,False,False,0.9662286566081385,False
2014-04-18 04:15:00,MT_196,9375.0,-1.6699774898975874,False,False,0.9837165420145717,False
2014-04-18 06:45:00,MT_196,16666.6666666667,-0.6131622083479096,False,False,0.9531200404502582,False
2014-04-18 09:15:00,MT_196,23458.3333333333,0.3814239386651142,False,False,1.0112965657148314,False
2014-04-19 04:30:00,MT_196,9250.0,-1.8798593553927028,False,False,1.050591570712801,False
2014-04-19 09:15:00,MT_196,23458.3333333333,0.7998250368994565,False,False,0.973900721847056,False
2014-04-19 17:45:00,MT_196,23958.3333333333,0.940414022449712,False,False,0.9773691146295139,False
2014-04-19 19:15:00,MT_196,21041.6666666667,0.4141250142530735,False,False,0.9895133440485044,False
2014-04-19 20:45:00,MT_196,21708.3333333333,0.5634197993260289,False,False,0.9787897142937857,False
2014-04-19 22:15:00,MT_196,20000.0,0.2295984565086498,False,False,0.9719205317899997,False
2014-04-19 22:30:00,MT_196,18375.0,-0.09408689995284437,False,False,0.9968585437759939,False
2014-04-20 03:00:00,MT_196,9250.0,-1.8899496372280709,False,False,1.0095151592179676,False
2014-04-20 04:15:00,MT_196,9416.66666666667,-1.8427046832845828,False,False,0.9990499909069931,False
2014-04-20 06:30:00,MT_196,18416.6666666667,-0.04743070695870314,False,False,1.2413083716827709,False
2014-04-20 10:30:00,MT_196,20000.0,0.3094973689243404,False,False,1.0112363041399082,False
2014-04-20 11:00:00,MT_196,19125.0,0.14469850555972727,False,False,1.1581520696554422,False
2014-04-20 11:45:00,MT_196,23250.0,0.9923816171121513,False,False,0.9970071571680595,False
2014-04-20 15:00:00,MT_196,21416.6666666667,0.6890261798207868,False,False,0.9990233773569386,False
2014-04-20 17:15:00,MT_196,19625.0,0.37915406900242477,False,False,1.1058772272208792,False
2014-04-20 17:30:00,MT_196,19333.3333333333,0.3284826149643604,False,False,1.1915316143032773,False
2014-04-20 18:30:00,MT_196,19041.6666666667,0.3185099649138349,False,False,1.2060107758462626,False
2014-04-21 01:00:00,MT_196,9916.66666666667,-1.2585563513551135,False,False,1.002895959775876,False
2014-04-21 07:30:00,MT_196,14291.6666666667,-0.29826904295792883,False,False,1.0921923488289365,False
2014-04-21 12:15:00,MT_196,21125.0,1.1377646069029848,False,False,1.0922990148098357,False
2014-04-21 13:15:00,MT_196,20208.3333333333,0.9516232806616235,False,False,0.9851890192384435,False
2014-04-21 14:15:00,MT_196,20541.6666666667,1.0368139461339527,False,False,0.9811618880190133,False
2014-04-21 14:30:00,MT_196,19958.3333333333,0.9152760163995203,False,False,0.9779032357333011,False
2014-04-21 21:45:00,MT_196,18750.0,0.4530972942693534,False,False,0.9782483606462188,False
2014-04-22 00:30:00,MT_196,13625.0,-0.8405558878844627,False,False,0.9872237380043463,False
2014-04-22 07:15:00,MT_196,15291.6666666667,-0.5010233290681161,False,False,0.9755080776435703,False
2014-04-22 13:15:00,MT_196,20541.6666666667,0.7761172392428791,False,False,0.9900427014723395,False
2014-04-22 13:30:00,MT_196,21208.3333333333,0.9343655088839463,False,False,0.990190360971578,False
2014-04-22 19:30:00,MT_196,19333.3333333333,0.43956044990314147,False,False,0.9823605700682773,False
2014-04-22 21:45:00,MT_196,20750.0,0.7550096620096169,False,False,1.0938860547009803,False
2014-04-22 22:30:00,MT_196,17875.0,0.08456035437671318,False,False,0.9812773685214586,False
2014-04-23 09:00:00,MT_196,19416.6666666667,0.46441894289678476,False,False,1.0079576106589376,False
2014-04-23 09:15:00,MT_196,21250.0,0.8719963953797143,False,False,1.015801650497464,False
2014-04-23 12:30:00,MT_196,19375.0,0.4534197750994515,False,False,0.9983730344981936,False
2014-04-23 16:30:00,MT_196,21416.6666666667,0.9200824003688143,False,False,0.9795976934215298,False
2014-04-23 16:45:00,MT_196,21500.0,0.9371633109377584,False,False,0.9891069350747733,False
2014-04-23 18:15:00,MT_196,21625.0,0.9539303444803182,False,False,0.9803896740546262,False
2014-04-23 18:45:00,MT_196,20958.3333333333,0.796199565637622,False,False,0.9784185434252539,False
2014-04-23 23:15:00,MT_196,17166.6666666667,-0.049304375203812235,False,False,0.9865640632128453,False
2014-04-24 00:45:00,MT_196,9250.0,-1.7745813418253835,False,False,1.0357124037534564,False
2014-04-24 01:15:00,MT_196,10083.3333333333,-1.5959442228770002,False,False,0.9697838859827947,False
2014-04-24 07:15:00,MT_196,14458.3333333333,-0.6433302266396107,False,False,0.9982705252619581,False
2014-04-24 08:15:00,MT_196,17708.3333333333,0.07367537573753319,False,False,1.1339797887287997,False
2014-04-24 09:15:00,MT_196,19416.6666666667,0.44155543019944204,False,False,0.9819064076969887,False
2014-04-24 11:00:00,MT_196,19000.0,0.37678269153503524,False,False,0.9909028695270446,False
2014-04-24 13:15:00,MT_196,20208.3333333333,0.6461191083694304,False,False,1.0088763428668182,False
2014-04-24 15:00:00,MT_196,20541.6666666667,0.7348248016022418,False,False,0.9965146740747715,False
2014-04-24 19:15:00,MT_196,19791.6666666667,0.5930721276806714,False,False,1.006904379285971,False
2014-04-25 01:45:00,MT_196,9875.0,-1.6426211010697997,False,False,1.0010634942128445,False
2014-04-25 04:30:00,MT_196,8833.33333333333,-1.879132857818124,False,False,1.0826438438202228,False
2014-04-25 22:30:00,MT_196,17875.0,0.13214993026954094,False,False,0.9935183249885219,False
2014-04-25 23:00:00,MT_196,18333.3333333333,0.23568406598170713,False,False,0.9917989242557123,False
2014-04-25 23:30:00,MT_196,16666.6666666667,-0.13383742533180001,False,False,1.0351466005410035,False
2014-04-26 02:00:00,MT_196,8916.66666666667,-1.834779242972544,False,False,0.9903074836807554,False
2014-04-26 05:30:00,MT_196,16833.3333333333,-0.0844923470227628,False,False,1.4098177746334197,False
2014-04-26 11:00:00,MT_196,22875.0,1.2168090469483246,False,False,1.0366694568554282,False
2014-04-26 12:00:00,MT_196,22583.3333333333,1.127221730342583,False,False,1.016962092216579,False
2014-04-26 14:30:00,MT_196,21500.0,0.8163622213440233,False,False,1.0041251115093326,False
2014-04-27 01:45:00,MT_196,9000.0,-1.7339219406476338,False,False,0.9868255031551257,False
2014-04-27 02:30:00,MT_196,8875.0,-1.7443580239988654,False,False,0.9892765477237505,False
2014-04-27 02:45:00,MT_196,9083.33333333333,-1.7031933067314737,False,False,0.9776845404749446,False
2014-04-27 05:15:00,MT_196,14125.0,-0.7003331770470483,False,False,1.0412377062516849,False
2014-04-27 10:00:00,MT_196,19333.3333333333,0.33091135347887296,False,False,1.0173819963770843,False
2014-04-27 14:45:00,MT_196,20291.6666666667,0.601651061293777,False,False,0.9898850909820616,False
2014-04-27 18:30:00,MT_196,21791.6666666667,1.019355678111157,False,False,1.0172379264750597,False
2014-04-27 19:30:00,MT_196,19833.3333333333,0.5949547330032084,False,False,0.9873715305201601,False
2014-04-27 21:45:00,MT_196,20041.6666666667,0.6217980601059879,False,False,1.0720118147306896,False
2014-04-28 01:00:00,MT_196,12208.3333333333,-1.0416477070734769,False,False,0.9895815882252701,False
2014-04-28 01:15:00,MT_196,13291.6666666667,-0.8291169964357074,False,False,1.1332997815483203,False
2014-04-28 05:15:00,MT_196,15458.3333333333,-0.6090731097463158,False,False,1.0772363898593214,False
2014-04-28 08:30:00,MT_196,17958.3333333333,0.0632357826387312,False,False,1.0161081730700987,False
2014-04-28 13:00:00,MT_196,23833.3333333333,1.7781926404514645,False,False,1.4183934025891116,False
2014-04-28 22:30:00,MT_196,19166.6666666667,0.39633018901043365,False,False,0.9755180404085623,False
2014-04-29 05:00:00,MT_196,9458.33333333333,-1.7874888800612108,False,False,1.067944256606306,False
2014-04-29 05:45:00,MT_196,14000.0,-0.7547456735205106,False,False,1.0002400453134013,False
2014-04-29 06:45:00,MT_196,14083.3333333333,-0.7333387759321282,False,False,0.993085128127761,False
2014-04-29 11:00:00,MT_196,19333.3333333333,0.44885570652361434,False,False,0.9845971268629624,False
2014-04-29 12:30:00,MT_196,19416.6666666667,0.45857913508239306,False,False,0.9986328272407781,False
2014-04-29 14:15:00,MT_196,24166.6666666667,1.486494296215714,False,False,1.1367833018199736,False
2014-04-29 17:30:00,MT_196,24083.3333333333,1.3027503418522697,False,False,1.01145452265067,False
2014-04-29 18:30:00,MT_196,21583.3333333333,0.7626442570513918,False,False,1.0023477455965297,False
2014-04-30 04:15:00,MT_196,8708.33333333333,-1.8377996350118377,False,False,1.0255371855379674,False
2014-04-30 04:30:00,MT_196,9041.66666666667,-1.7760849756246728,False,False,1.0301049478856363,False
2014-04-30 06:45:00,MT_196,16083.3333333333,-0.3613449654774536,False,False,0.9725059952197995,False
2014-04-30 07:00:00,MT_196,14875.0,-0.6118544461686831,False,False,0.9789677899241984,False
2014-04-30 08:00:00,MT_196,15708.3333333333,-0.44482365138191204,False,False,1.015144065834817,False
2014-04-30 18:30:00,MT_196,22083.3333333333,0.7703970573877931,False,False,0.9740195458835589,False
2014-04-30 20:15:00,MT_196,20541.6666666667,0.46051604255271666,False,False,0.9770424301173136,False
2014-04-30 20:45:00,MT_196,20916.6666666667,0.5323363747874473,False,False,0.9663096052878549,False
2014-04-30 22:30:00,MT_196,18291.6666666667,0.007300731007173931,False,False,0.9709482292244981,False
2014-05-01 00:00:00,MT_196,14500.0,-0.7241151348630973,False,False,1.0796869295456586,False
2014-05-01 00:45:00,MT_196,10166.6666666667,-1.5691463121917792,False,False,0.9936888946261738,False
2014-05-01 02:15:00,MT_196,9791.66666666667,-1.6472818072878077,False,False,0.989536056481248,False
2014-05-01 06:30:00,MT_196,16375.0,-0.3787683441184154,False,False,0.9990100627257906,False
2014-05-01 13:30:00,MT_196,26291.6666666667,1.5123083422930634,False,False,1.2231956083540019,False
2014-05-01 21:15:00,MT_196,20291.6666666667,0.18452864662915305,False,False,1.0009044039074588,False
2014-05-01 23:30:00,MT_196,14833.3333333333,-0.6938670535802639,False,False,1.0834215473680124,False
2014-05-02 14:00:00,MT_196,27416.6666666667,1.3968383923167478,False,False,1.0721449389270379,False
2014-05-03 00:00:00,MT_196,15208.3333333333,-0.7188273043202125,False,False,1.0011319897372148,False
2014-05-03 02:15:00,MT_196,10791.6666666667,-1.4262707463260915,False,False,1.0068052241207361,False
2014-05-03 02:45:00,MT_196,10291.6666666667,-1.5054081990053942,False,False,0.9899090918007291,False
2014-05-03 03:45:00,MT_196,9791.66666666667,-1.5852962370238093,False,False,0.9754452669434668,False
2014-05-03 05:00:00,MT_196,10416.6666666667,-1.48573016604807,False,False,1.0116754637214207,False
2014-05-03 05:45:00,MT_196,15916.6666666667,-0.6096230533902905,False,False,0.9847675749849687,False
2014-05-03 09:45:00,MT_196,21666.6666666667,0.29626813154727244,False,False,1.0044934447779905,False
2014-05-03 20:15:00,MT_196,20625.0,0.2874761444925062,False,False,0.979122847261059,False
2014-05-04 03:00:00,MT_196,9500.0,-1.7715443538400804,False,False,0.9833021261598436,False
2014-05-04 03:45:00,MT_196,9791.66666666667,-1.724488053276777,False,False,0.966809515877439,False
2014-05-04 08:15:00,MT_196,17666.6666666667,-0.2306508397515272,False,False,1.0343450370158551,False
2014-05-04 08:45:00,MT_196,18416.6666666667,-0.08667186453851826,False,False,1.0481747708722544,False
2014-05-04 10:45:00,MT_196,24875.0,1.1147915320922341,False,False,1.0766676223814995,False
2014-05-04 15:15:00,MT_196,23500.0,0.7791537339123749,False,False,1.000207078094463,False
2014-05-04 18:45:00,MT_196,21208.3333333333,0.413572546333288,False,False,1.026897610708131,False
2014-05-04 21:30:00,MT_196,19041.6666666667,0.02785086307212163,False,False,0.9916576659343883,False
2014-05-05 04:30:00,MT_196,8916.66666666667,-1.717611034125967,False,False,1.0628936221916068,False
2014-05-05 06:15:00,MT_196,14875.0,-0.6446778234641075,False,False,0.9727210395201821,False
2014-05-05 08:45:00,MT_196,21583.3333333333,0.5524927341470074,False,False,1.0123893081755702,False
2014-05-05 12:00:00,MT_196,23166.6666666667,0.8849236454707029,False,False,1.0241117309007863,False
2014-05-05 12:15:00,MT_196,22791.6666666667,0.8273653607535564,False,False,1.0022053882751147,False
2014-05-05 14:15:00,MT_196,27625.0,1.70080312786857,False,False,1.074166151787312,False
2014-05-05 19:15:00,MT_196,23333.3333333333,0.6908517393110943,False,False,0.9758913155081438,False
2014-05-05 20:15:00,MT_196,21708.3333333333,0.41912897142850336,False,False,0.9775607570996936,False
2014-05-05 22:45:00,MT_196,20041.6666666667,0.1273255851648732,False,False,0.9712597303539893,False
2014-05-05 23:30:00,MT_196,18541.6666666667,-0.12961415653268513,False,False,1.0093653222598278,False
2014-05-06 02:45:00,MT_196,10125.0,-1.474199300574246,False,False,1.01516480142499,False
2014-05-06 05:30:00,MT_196,16541.6666666667,-0.4667155183454992,False,False,1.0535438997989328,False
2014-05-06 08:15:00,MT_196,18458.3333333333,-0.17757964258037212,False,False,1.0397885384701424,False
2014-05-06 16:30:00,MT_196,27000.0,1.2811803985238408,False,False,1.0225812555922895,False
2014-05-06 17:00:00,MT_196,28083.3333333333,1.4669810052364687,False,False,1.0490129314084,False
2014-05-06 22:00:00,MT_196,21041.6666666667,0.329495754466646,False,False,0.9864893618053653,False
2014-05-06 23:30:00,MT_196,18541.6666666667,-0.10629371832645224,False,False,0.994803939534876,False
2014-05-07 02:45:00,MT_196,9750.0,-1.624316034449593,False,False,0.9714163935434568,False
2014-05-07 09:30:00,MT_196,18708.3333333333,-0.07591050556133132,False,False,1.0538858223772762,False
2014-05-07 12:00:00,MT_196,20375.0,0.2351062058835978,False,False,1.0000877251517264,False
2014-05-07 12:15:00,MT_196,20333.3333333333,0.23133231001598273,False,False,1.0058917554028395,False
2014-05-07 14:15:00,MT_196,27916.6666666667,1.5556574736707256,False,False,1.1365622445732377,False
2014-05-07 18:15:00,MT_196,23166.6666666667,0.6834017745618268,False,False,0.9747545072498914,False
2014-05-07 20:15:00,MT_196,20833.3333333333,0.2889935617669386,False,False,0.9737136032481418,False
2014-05-08 01:30:00,MT_196,9625.0,-1.5861351589271413,False,False,0.9708705366318929,False
2014-05-08 03:15:00,MT_196,10416.6666666667,-1.4452585939260132,False,False,0.9818397958933978,False
2014-05-08 04:30:00,MT_196,8583.33333333333,-1.755595930632043,False,False,1.1086361585617448,False
2014-05-08 05:15:00,MT_196,15291.6666666667,-0.6350273558864391,False,False,1.067676717738389,False
2014-05-08 07:15:00,MT_196,14791.6666666667,-0.7304946317214902,False,False,1.0046233230450483,False
2014-05-08 07:45:00,MT_196,16458.3333333333,-0.4490284602558881,False,False,1.009702980176697,False
2014-05-08 14:00:00,MT_196,27291.6666666667,1.3138388596268666,False,False,1.093898442169022,False
2014-05-08 19:00:00,MT_196,21875.0,0.39692258573090533,False,False,1.0132980818301105,False
2014-05-08 21:15:00,MT_196,21250.0,0.28200587309805863,False,False,0.9944218645670941,False
2014-05-09 04:00:00,MT_196,9250.0,-1.6628186353413692,False,False,0.9773085055198698,False
2014-05-09 05:30:00,MT_196,17291.6666666667,-0.3577050411336639,False,False,1.0807671113277273,False
2014-05-09 08:00:00,MT_196,16375.0,-0.5064428925059548,False,False,1.0301110456684452,False
2014-05-09 09:45:00,MT_196,20625.0,0.17789460961998887,False,False,1.0046421790265219,False
2014-05-09 13:15:00,MT_196,27875.0,1.2890410547997984,False,False,1.037763174422955,False
2014-05-09 19:00:00,MT_196,23041.6666666667,0.4163050543532032,False,False,1.0660873135745257,False
2014-05-10 02:00:00,MT_196,9708.33333333333,-1.549944540944511,False,False,0.989538333970621,False
2014-05-10 02:45:00,MT_196,9208.33333333333,-1.6175629494429076,False,False,0.9717162767755665,False
2014-05-10 03:30:00,MT_196,10000.0,-1.4945689113082044,False,False,0.9845639273659539,False
2014-05-10 07:45:00,MT_196,16291.6666666667,-0.5793420631171894,False,False,1.0253184721986768,False
2014-05-10 08:45:00,MT_196,22166.6666666667,0.27930148569625957,False,False,0.9924315071094225,False
2014-05-10 10:45:00,MT_196,23750.0,0.5065910039477016,False,False,1.0028590622481592,False
2014-05-11 06:45:00,MT_196,15791.6666666667,-0.6976694040813372,False,False,0.966548575898032,False
2014-05-11 08:45:00,MT_196,17500.0,-0.4216730416767767,False,False,1.0407530139287817,False
2014-05-11 10:30:00,MT_196,24458.3333333333,0.6509678506966003,False,False,0.9699867840594201,False
2014-05-11 11:15:00,MT_196,23833.3333333333,0.5560919582722017,False,False,0.9610174562821303,False
2014-05-11 17:30:00,MT_196,25250.0,1.0419653573335927,False,False,1.0339694180819983,False
2014-05-11 21:00:00,MT_196,21750.0,0.44380836544600777,False,False,0.9663912891877718,False
2014-05-12 03:30:00,MT_196,12333.3333333333,-1.3743607402419296,False,False,1.0623516609105623,False
2014-05-12 10:45:00,MT_196,18416.6666666667,-0.20506272439914341,False,False,1.1885123415781482,False
2014-05-12 11:45:00,MT_196,20791.6666666667,0.3176997920783571,False,False,0.9854916649829357,False
2014-05-12 18:30:00,MT_196,21500.0,0.308844469463686,False,False,1.085506066337679,False
2014-05-12 19:45:00,MT_196,20500.0,0.1537615155439048,False,False,1.06114330959069,False
2014-05-12 22:00:00,MT_196,19208.3333333333,-0.04967003871769323,False,False,1.0055490915889154,False
2014-05-13 00:30:00,MT_196,13333.3333333333,-1.1694796084243981,False,False,0.9742246009664312,False
2014-05-13 05:45:00,MT_196,15416.6666666667,-0.5594768981998925,False,False,1.0047722403962576,False
2014-05-13 08:45:00,MT_196,22000.0,0.4965048463548534,False,False,0.9985818289824272,False
2014-05-13 10:00:00,MT_196,20083.3333333333,0.18940280308251212,False,False,0.9801474351381038,False
2014-05-13 14:45:00,MT_196,27208.3333333333,1.3431161273337788,False,False,1.0322569803805652,False
2014-05-13 15:00:00,MT_196,25000.0,0.9825496033284297,False,False,0.9806495315386513,False
2014-05-13 15:30:00,MT_196,25416.6666666667,1.0773043038677215,False,False,0.9932822955110302,False
2014-05-13 15:45:00,MT_196,25958.3333333333,1.1769832882186444,False,False,1.0079403722820148,False
2014-05-13 17:00:00,MT_196,28208.3333333333,1.5918499068280483,False,False,1.079512597008404,False
2014-05-13 17:45:00,MT_196,26708.3333333333,1.3429574730069713,False,False,1.045445386177288,False
2014-05-13 19:00:00,MT_196,21958.3333333333,0.5463225983696998,False,False,0.9857864512959073,False
2014-05-13 21:30:00,MT_196,20250.0,0.2602058608496913,False,False,0.971402361909146,False
2014-05-13 22:00:00,MT_196,19625.0,0.155208530921174,False,False,0.9845852506051439,False
2014-05-13 23:15:00,MT_196,18583.3333333333,-0.022124221500013766,False,False,0.992774056005361,False
2014-05-14 00:30:00,MT_196,13791.6666666667,-0.8268957895762841,False,False,1.014251465877602,False
2014-05-14 01:45:00,MT_196,9750.0,-1.5227524266611234,False,False,0.9642305726220186,False
2014-05-14 04:00:00,MT_196,9208.33333333333,-1.633770371664151,False,False,0.970135546496386,False
2014-05-14 04:15:00,MT_196,8458.33333333333,-1.7633131801127375,False,False,1.0157033457573181,False
2014-05-14 07:15:00,MT_196,15500.0,-0.561503055064664,False,False,0.9743679609048371,False
2014-05-14 10:30:00,MT_196,20291.6666666667,0.26810558279998975,False,False,0.9892949692835511,False
2014-05-14 12:15:00,MT_196,21958.3333333333,0.5507990238348037,False,False,0.9783056055944795,False
2014-05-14 14:45:00,MT_196,27625.0,1.5325286097344397,False,False,1.0993614881431466,False
2014-05-14 18:30:00,MT_196,23458.3333333333,0.700834064663012,False,False,0.9744427102468797,False
2014-05-14 20:00:00,MT_196,20250.0,0.17500578118864912,False,False,1.024979947766636,False
2014-05-14 23:00:00,MT_196,19208.3333333333,0.015504297604172346,False,False,0.9650650081994829,False
2014-05-15 00:30:00,MT_196,14458.3333333333,-0.7361774958392039,False,False,1.0730110360964973,False
2014-05-15 04:00:00,MT_196,9500.0,-1.5151825199527058,False,False,0.9878296872184056,False
2014-05-15 07:00:00,MT_196,16166.6666666667,-0.4695120962169221,False,False,0.9563597801328348,False
2014-05-15 11:00:00,MT_196,20416.6666666667,0.2032427796314346,False,False,1.0027107538469189,False
2014-05-15 19:30:00,MT_196,20416.6666666667,0.0971033679176532,False,False,1.1743238459363354,False
2014-05-16 02:30:00,MT_196,11958.3333333333,-1.2077315915800872,False,False,1.123023559621909,False
2014-05-16 03:45:00,MT_196,9083.33333333333,-1.6822303228957305,False,False,0.9853409406108207,False
2014-05-16 07:00:00,MT_196,16708.3333333333,-0.5432245736251098,False,False,0.9701022790193132,False
2014-05-16 10:15:00,MT_196,21708.3333333333,0.20270906365442287,False,False,1.0049147269542533,False
2014-05-16 22:00:00,MT_196,20666.6666666667,-0.02715126378513721,False,False,1.0163972986486356,False
2014-05-16 23:00:00,MT_196,19291.6666666667,-0.22984506550734776,False,False,1.0093147180347648,False
2014-05-16 23:30:00,MT_196,18916.6666666667,-0.28217109861762446,False,False,1.013920769187165,False
2014-05-17 03:45:00,MT_196,10000.0,-1.4662473751876621,False,False,0.9807121716923953,False
2014-05-17 11:00:00,MT_196,26416.6666666667,0.8032433856168403,False,False,1.0229964782010066,False
2014-05-17 11:15:00,MT_196,24750.0,0.5613340075471078,False,False,1.0240491325161347,False
2014-05-17 12:30:00,MT_196,28625.0,1.079275608269817,False,False,1.0050684078976588,False
2014-05-17 15:15:00,MT_196,30375.0,1.3854971485216883,False,False,1.0413237455795807,False
2014-05-17 18:00:00,MT_196,28666.6666666667,1.184123960234147,False,False,1.038677775676683,False
2014-05-17 18:15:00,MT_196,23375.0,0.4226062583444288,False,False,1.0102263237435762,False
2014-05-17 19:30:00,MT_196,22833.3333333333,0.35392644432233883,False,False,1.0010962987962964,False
2014-05-17 22:00:00,MT_196,21375.0,0.1438589435991774,False,False,0.9764957415703569,False
2014-05-18 02:15:00,MT_196,9750.0,-1.5702969512244132,False,False,0.9717669439286553,False
2014-05-18 03:15:00,MT_196,9833.33333333333,-1.5480577705909546,False,False,0.9791483816634192,False
2014-05-18 09:30:00,MT_196,21125.0,0.11326631388619904,False,False,1.0025523977625672,False
2014-05-18 10:15:00,MT_196,22625.0,0.3396579335989861,False,False,0.970331782298573,False
2014-05-18 13:30:00,MT_196,29666.6666666667,1.308892786700967,False,False,1.1625092001754913,False
2014-05-18 13:45:00,MT_196,28875.0,1.1836388779255733,False,False,1.2044274443191216,False
2014-05-18 18:15:00,MT_196,24416.6666666667,0.6705075539783811,False,False,0.9912450529563651,False
2014-05-19 04:00:00,MT_196,11791.6666666667,-1.4192041056789406,False,False,0.9972238908059059,False
2014-05-19 05:15:00,MT_196,15458.3333333333,-0.8448337715634714,False,False,1.0105493954738811,False
2014-05-19 05:45:00,MT_196,14416.6666666667,-1.0282775396059287,False,False,1.0038140439261045,False
2014-05-19 10:30:00,MT_196,19166.6666666667,-0.1537089547241824,False,False,1.092179962803865,False
2014-05-19 14:00:00,MT_196,20333.3333333333,0.26490704518894714,False,False,1.1510920110519354,False
2014-05-19 16:30:00,MT_196,22291.6666666667,0.8716267876327515,False,False,1.0002391457670743,False
2014-05-19 18:00:00,MT_196,23250.0,1.340030775288922,False,False,1.0148650164810409,False
2014-05-19 18:15:00,MT_196,21958.3333333333,1.0185014140408708,False,False,0.9936901812343537,False
2014-05-19 18:45:00,MT_196,20375.0,0.6129924564967868,False,False,1.0090132505977834,False
2014-05-19 22:00:00,MT_196,19458.3333333333,0.4026517612523045,False,False,0.9843010629614242,False
2014-05-19 22:30:00,MT_196,18291.6666666667,0.08315637087861934,False,False,0.9632815500080145,False
2014-05-20 00:15:00,MT_196,13250.0,-1.39539380665169,False,False,0.9974380925802594,False
2014-05-20 01:45:00,MT_196,9125.0,-2.293230780493287,False,False,1.5017622204556094,False
2014-05-20 05:15:00,MT_196,14000.0,-0.7380474224792085,False,False,1.009076356370718,False
2014-05-20 20:15:00,MT_196,18041.6666666667,0.31511221841868775,False,False,1.0083832736592073,False
2014-05-20 21:15:00,MT_196,18875.0,0.5280633417604187,False,False,0.9942425938869724,False
2014-05-20 23:30:00,MT_196,17458.3333333333,0.21445989883236985,False,False,1.0107495608110841,False
2014-05-21 02:00:00,MT_196,8291.66666666667,-1.9979712856144134,False,False,1.205284465602497,False
2014-05-21 03:00:00,MT_196,8625.0,-1.8834557077737242,False,False,1.0460319741153603,False
2014-05-21 06:45:00,MT_196,15708.3333333333,-0.15271811963380896,False,False,1.0533495347232613,False
2014-05-21 09:30:00,MT_196,19916.6666666667,0.8307137074603756,False,False,1.0291475584179304,False
2014-05-21 12:00:00,MT_196,18375.0,0.4947683596354884,False,False,0.9914705373424312,False
2014-05-21 15:30:00,MT_196,18583.3333333333,0.5474150250977787,False,False,1.0743415029091932,False
2014-05-21 21:00:00,MT_196,18000.0,0.4715567522445909,False,False,1.0273429778204772,False
2014-05-22 06:30:00,MT_196,16666.6666666667,0.16820608987019148,False,False,1.2838550320761624,False
2014-05-22 17:45:00,MT_196,20583.3333333333,0.9919799377053309,False,False,1.0046412163416887,False
2014-05-22 22:30:00,MT_196,18125.0,0.30515012112171536,False,False,0.9758007378647899,False
2014-05-22 23:30:00,MT_196,18583.3333333333,0.39627699703003283,False,False,1.0233886560513261,False
2014-05-23 00:00:00,MT_196,14041.6666666667,-0.6080607594738785,False,False,1.0919523814344205,False
2014-05-23 00:45:00,MT_196,10291.6666666667,-1.4524809568864434,False,False,1.0112803336575735,False
2014-05-23 04:00:00,MT_196,8875.0,-1.8908588093028569,False,False,1.052811691919883,False
2014-05-23 05:00:00,MT_196,10125.0,-1.6081644284854808,False,False,1.0745973853554096,False
2014-05-23 05:15:00,MT_196,14708.3333333333,-0.5380906509259857,False,False,1.061023233522085,False
2014-05-23 07:00:00,MT_196,14291.6666666667,-0.6542576551517649,False,False,1.0005206475180044,False
2014-05-23 13:30:00,MT_196,19375.0,0.5281236203459175,False,False,1.0444901117654837,False
2014-05-23 16:45:00,MT_196,20875.0,0.9063524008562887,False,False,0.9890348538642779,False
2014-05-23 17:30:00,MT_196,20375.0,0.7787169096771737,False,False,1.0279340223574476,False
2014-05-23 20:45:00,MT_196,20208.3333333333,0.708875874118007,False,False,0.973137733326796,False
2014-05-23 21:15:00,MT_196,19166.6666666667,0.460903848658566,False,False,0.9948915174202487,False
2014-05-23 21:30:00,MT_196,18875.0,0.39501214235132764,False,False,0.982359976538989,False
2014-05-23 21:45:00,MT_196,18875.0,0.39733346585855667,False,False,0.9824460915644709,False
2014-05-24 01:00:00,MT_196,8875.0,-1.91398293823566,False,False,1.0567551992232787,False
2014-05-24 01:30:00,MT_196,9000.0,-1.8739387856613974,False,False,1.0066508800112972,False
2014-05-24 13:00:00,MT_196,24458.3333333333,1.407772747929853,False,False,1.200195646290845,False
2014-05-24 13:45:00,MT_196,22666.6666666667,0.9895686862207506,False,False,0.9702230527073352,False
2014-05-24 15:15:00,MT_196,22875.0,0.9755164196419489,False,False,0.9885292678863314,False
2014-05-24 20:45:00,MT_196,19250.0,0.17434920641280516,False,False,1.0084265461076922,False
2014-05-25 03:45:00,MT_196,9250.0,-1.6562727697848083,False,False,0.9722957389218442,False
2014-05-25 04:15:00,MT_196,8041.66666666667,-1.8760825089655915,False,False,1.0586648616008048,False
2014-05-25 05:00:00,MT_196,9750.0,-1.555557384626297,False,False,1.0131989092055245,False
2014-05-25 13:00:00,MT_196,21333.3333333333,0.6691863141347242,False,False,0.9891135877959801,False
2014-05-25 15:15:00,MT_196,20125.0,0.5001977283697412,False,False,1.017124275714271,False
2014-05-25 22:15:00,MT_196,18625.0,0.2927103346165314,False,False,1.0492221140519082,False
2014-05-26 16:00:00,MT_196,19250.0,0.5915362538153706,False,False,1.032641519452131,False
2014-05-26 19:45:00,MT_196,19458.3333333333,0.7454686262471604,False,False,0.9897167056511196,False
2014-05-27 00:00:00,MT_196,13291.6666666667,-0.7791142744847294,False,False,1.0320524047160697,False
2014-05-27 06:45:00,MT_196,16375.0,-0.07606432019294641,False,False,1.1099320173796545,False
2014-05-27 07:00:00,MT_196,14791.6666666667,-0.4836719315047924,False,False,0.9831054858166177,False
2014-05-27 08:00:00,MT_196,16041.6666666667,-0.16935818260055877,False,False,1.0763213887677971,False
2014-05-27 09:45:00,MT_196,18250.0,0.3856176597683172,False,False,0.9975717014462316,False
2014-05-27 12:15:00,MT_196,21791.6666666667,1.217443624790778,False,False,1.0959532419694558,False
2014-05-27 19:15:00,MT_196,19916.6666666667,0.6869541859590192,False,False,0.9931107268949865,False
2014-05-27 19:45:00,MT_196,19541.6666666667,0.5924162763554625,False,False,0.9722556059065651,False
2014-05-28 14:15:00,MT_196,19375.0,0.5737812038686735,False,False,1.025645917202335,False
2014-05-29 03:15:00,MT_196,10708.3333333333,-1.5668355254832285,False,False,0.9673742929381709,False
2014-05-29 15:15:00,MT_196,19500.0,0.5635592900345551,False,False,1.0593506796566083,False
2014-05-30 02:15:00,MT_196,11791.6666666667,-1.4141193364898486,False,False,1.0248746449237582,False
2014-05-30 04:45:00,MT_196,11791.6666666667,-1.5858037148558888,False,False,1.0321507759725577,False
2014-05-30 05:45:00,MT_196,15750.0,-0.5352617313825233,False,False,0.9694553109093288,False
2014-05-30 06:45:00,MT_196,15833.3333333333,-0.5243729653878256,False,False,0.9682913244455394,False
2014-05-30 07:00:00,MT_196,15291.6666666667,-0.675636590497964,False,False,0.9847224764611722,False
2014-05-30 07:15:00,MT_196,15250.0,-0.6899593652924119,False,False,0.9989584572783508,False
2014-05-30 09:15:00,MT_196,21083.3333333333,0.9208213094987269,False,False,1.067690535392526,False
2014-05-30 16:30:00,MT_196,24791.6666666667,1.718352990280267,False,False,1.2862288326130484,False
2014-05-31 08:45:00,MT_196,20875.0,0.3122187310074516,False,False,1.005367426545138,False
2014-05-31 14:15:00,MT_196,23833.3333333333,0.7036176909664659,False,False,0.9952736013255363,False
2014-05-31 17:30:00,MT_196,26000.0,1.026583426190287,False,False,0.9962654784373498,False
2014-06-01 01:30:00,MT_196,9208.33333333333,-1.7319280582432774,False,False,1.0005305734981962,False
2014-06-01 05:45:00,MT_196,14583.3333333333,-0.7706418161607212,False,False,0.9982194897929052,False
2014-06-01 07:00:00,MT_196,14833.3333333333,-0.7092775466726363,False,False,0.9811237606645804,False
2014-06-01 12:00:00,MT_196,25416.6666666667,1.1020039816895877,False,False,1.0605611874265601,False
2014-06-01 12:15:00,MT_196,25791.6666666667,1.1562201588823886,False,False,1.1062337616427942,False
2014-06-01 15:00:00,MT_196,26458.3333333333,1.202287117638229,False,False,1.2610612168004862,False
2014-06-01 15:15:00,MT_196,28291.6666666667,1.49700016136204,False,False,1.376625611322532,False
2014-06-01 18:30:00,MT_196,25833.3333333333,0.9882507714319707,False,False,0.9949529203227582,False
2014-06-01 19:45:00,MT_196,23583.3333333333,0.6065704060770137,False,False,1.0034387411299466,False
2014-06-01 22:15:00,MT_196,19125.0,-0.06836840876783348,False,False,1.0096207058709055,False
2014-06-02 01:30:00,MT_196,10250.0,-1.3746218585140737,False,False,0.9664019688888579,False
2014-06-02 02:00:00,MT_196,10125.0,-1.4014850175649338,False,False,0.9806953821064806,False
2014-06-02 03:00:00,MT_196,10000.0,-1.4371698879639354,False,False,1.0155061047888272,False
2014-06-02 05:45:00,MT_196,14041.6666666667,-0.8507394429412837,False,False,1.00363025162942,False
2014-06-02 06:00:00,MT_196,14333.3333333333,-0.8043490384697097,False,False,0.9934065882898236,False
2014-06-02 07:30:00,MT_196,15291.6666666667,-0.6723526253742111,False,False,1.008376452266437,False
2014-06-02 10:45:00,MT_196,21125.0,0.24041988087383498,False,False,0.9597498148989554,False
2014-06-02 13:30:00,MT_196,20041.6666666667,0.12280901793646735,False,False,1.3131728553820177,False
2014-06-02 17:15:00,MT_196,22291.6666666667,0.7262614348167673,False,False,1.0091154262457667,False
2014-06-02 22:45:00,MT_196,21333.3333333333,0.7356581096494569,False,False,1.0847682789962858,False
2014-06-03 02:45:00,MT_196,9708.33333333333,-1.764753454310693,False,False,0.9678898357991412,False
2014-06-03 03:15:00,MT_196,9541.66666666667,-1.7959238654698946,False,False,1.0135179592763228,False
2014-06-03 09:15:00,MT_196,20708.3333333333,0.5826879404678913,False,False,0.9878238773781147,False
2014-06-03 10:00:00,MT_196,19375.0,0.3081448256946845,False,False,0.9734444017880743,False
2014-06-03 14:30:00,MT_196,20541.6666666667,0.6218100055395417,False,False,1.0063812611042806,False
2014-06-04 00:00:00,MT_196,12958.3333333333,-1.0185647440083105,False,False,1.00005013748203,False
2014-06-04 07:00:00,MT_196,14833.3333333333,-0.6001320067749645,False,False,0.9791642215588009,False
2014-06-04 07:15:00,MT_196,14875.0,-0.588312332892766,False,False,0.984640925641908,False
2014-06-04 07:30:00,MT_196,14250.0,-0.7273294095258415,False,False,1.0488828117391251,False
2014-06-04 11:30:00,MT_196,21125.0,0.8364681149607962,False,False,1.0162526781069976,False
2014-06-04 19:15:00,MT_196,21708.3333333333,0.9078289785416653,False,False,0.9781939472219591,False
2014-06-05 09:45:00,MT_196,18541.6666666667,0.191719185124006,False,False,1.0022527534043768,False
2014-06-05 16:15:00,MT_196,23083.3333333333,1.146206561192685,False,False,0.9885441848201542,False
2014-06-05 18:00:00,MT_196,21750.0,0.8462765802314338,False,False,0.9839588759279384,False
2014-06-05 19:30:00,MT_196,22916.6666666667,1.1015808398303286,False,False,1.054272430767475,False
2014-06-06 09:00:00,MT_196,21208.3333333333,0.6115800603092388,False,False,1.0077581500868737,False
2014-06-06 12:45:00,MT_196,22875.0,0.946434018876529,False,False,1.010588851858658,False
2014-06-06 14:15:00,MT_196,21291.6666666667,0.5722298811773752,False,False,1.0033761584226941,False
2014-06-06 20:45:00,MT_196,21416.6666666667,0.5926316065807745,False,False,0.982132537403037,False
2014-06-06 23:00:00,MT_196,20083.3333333333,0.31630027543168976,False,False,1.024266937218984,False
2014-06-07 01:00:00,MT_196,11083.3333333333,-1.6418554254704798,False,False,0.9933267316388308,False
2014-06-07 08:00:00,MT_196,16166.6666666667,-0.5414373425047201,False,False,1.0226536877988,False
2014-06-07 09:00:00,MT_196,20208.3333333333,0.3684718751719362,False,False,1.0123624727555494,False
2014-06-07 13:30:00,MT_196,24000.0,1.1362043344095996,False,False,1.0402306126734395,False
2014-06-07 15:45:00,MT_196,23208.3333333333,0.9478344390684854,False,False,0.9838259695939084,False
2014-06-07 16:30:00,MT_196,23875.0,1.095776444161247,False,False,0.9914877959271207,False
2014-06-07 17:00:00,MT_196,23041.6666666667,0.9152258322924821,False,False,0.9950421533266279,False
2014-06-07 19:00:00,MT_196,21708.3333333333,0.6377724526879369,False,False,0.9966349669532725,False
2014-06-07 19:30:00,MT_196,21125.0,0.5079552885644212,False,False,0.9891836887836366,False
2014-06-07 21:00:00,MT_196,21541.6666666667,0.6012139940798864,False,False,0.9969459720062019,False
2014-06-07 22:00:00,MT_196,21000.0,0.4921386652413612,False,False,1.013213338514178,False
2014-06-08 04:30:00,MT_196,10666.6666666667,-1.6591268328467463,False,False,0.9917314894117893,False
2014-06-08 10:45:00,MT_196,22291.6666666667,0.8026051464000593,False,False,0.9797289413445692,False
2014-06-08 11:00:00,MT_196,22083.3333333333,0.7631555443078041,False,False,0.9732494829607662,False
2014-06-08 12:15:00,MT_196,24250.0,1.2047819949783172,False,False,1.1065595070941174,False
2014-06-08 14:00:00,MT_196,20250.0,0.3943179155181566,False,False,0.9852351217232964,False
2014-06-09 00:30:00,MT_196,11666.6666666667,-1.328576767580621,False,False,0.9960806615886987,False
2014-06-09 00:45:00,MT_196,10416.6666666667,-1.6132202503174746,False,False,1.0335490659346738,False
2014-06-09 01:45:00,MT_196,10250.0,-1.6574439205254454,False,False,0.9830020035217493,False
2014-06-09 02:15:00,MT_196,11166.6666666667,-1.4554400559651217,False,False,0.9986372942290761,False
2014-06-09 04:30:00,MT_196,10791.6666666667,-1.5515139975693653,False,False,1.0037757595305659,False
2014-06-09 05:30:00,MT_196,19083.3333333333,0.3591675865741368,False,False,1.7704203342069094,False
2014-06-09 14:00:00,MT_196,20375.0,0.724291228561879,False,False,0.9747950101442417,False
2014-06-09 14:15:00,MT_196,20125.0,0.6607126674021077,False,False,0.9951874050776981,False
2014-06-09 16:30:00,MT_196,22791.6666666667,1.3187316832216245,False,False,1.0372690898825077,False
2014-06-10 02:30:00,MT_196,9791.66666666667,-1.863464360011451,False,False,0.9741574265437312,False
2014-06-10 06:15:00,MT_196,17500.0,-0.09766189877449272,False,False,1.1368040739858678,False
2014-06-10 09:15:00,MT_196,19416.6666666667,0.32957990362461753,False,False,1.0006443358238555,False
2014-06-10 18:15:00,MT_196,21500.0,0.460376983097485,False,False,1.0270190698032233,False
2014-06-10 19:15:00,MT_196,20458.3333333333,0.28911762311538075,False,False,1.0112647412210647,False
2014-06-10 20:15:00,MT_196,19541.6666666667,0.13104558304247646,False,False,1.0122944323257501,False
2014-06-10 21:15:00,MT_196,19083.3333333333,0.051548836859662515,False,False,1.0063750659886153,False
2014-06-11 04:15:00,MT_196,9625.0,-1.5976367763389396,False,False,0.9620554086915699,False
2014-06-11 15:45:00,MT_196,28083.3333333333,1.5104110639349322,False,False,1.0631522865465093,False
2014-06-11 16:30:00,MT_196,29541.6666666667,1.7135986848996185,False,False,1.1142671812557687,False
2014-06-11 20:00:00,MT_196,21083.3333333333,0.25435908332126905,False,False,1.0049366628078682,False
2014-06-11 21:30:00,MT_196,23583.3333333333,0.6153967562780998,False,False,1.0091019922707527,False
2014-06-11 23:45:00,MT_196,14875.0,-0.7515075831190196,False,False,1.0322647100366014,False
2014-06-12 05:15:00,MT_196,14166.6666666667,-0.9436833992541244,False,False,1.0160508302420228,False
2014-06-12 11:30:00,MT_196,25541.6666666667,0.81726795058522,False,False,1.0219709295716737,False
2014-06-12 14:45:00,MT_196,34291.6666666667,1.8593809693136654,False,False,1.0446932716482615,False
2014-06-12 16:30:00,MT_196,32416.6666666667,1.4600939916991553,False,False,1.0139585926251813,False
2014-06-12 18:30:00,MT_196,27541.6666666667,0.7291693783029021,False,False,1.004981082399897,False
2014-06-13 00:45:00,MT_196,11916.6666666667,-1.2494869605509982,False,False,0.9847709772112436,False
2014-06-13 01:45:00,MT_196,9958.33333333333,-1.5055038912700454,False,False,0.9967682772278162,False
2014-06-13 03:30:00,MT_196,10333.3333333333,-1.4579715042029637,False,False,1.002378681321738,False
2014-06-13 10:00:00,MT_196,28750.0,0.8317984980722644,False,False,1.0567197212885688,False
2014-06-13 10:15:00,MT_196,31458.3333333333,1.1591563039415005,False,False,1.2815060905860618,False
2014-06-13 14:15:00,MT_196,33833.3333333333,1.3785889937920237,False,False,1.0031644022660826,False
2014-06-13 17:30:00,MT_196,35583.3333333333,1.4993887532590413,False,False,0.9841132874292445,False
2014-06-13 19:15:00,MT_196,26625.0,0.4268911433369257,False,False,1.0121698675494375,False
2014-06-13 19:45:00,MT_196,27041.6666666667,0.46425553083845345,False,False,0.992496188857414,False
2014-06-14 03:00:00,MT_196,10541.6666666667,-1.473793700392172,False,False,1.008343951617481,False
2014-06-14 08:15:00,MT_196,21166.6666666667,-0.25841613032506067,False,False,1.0347291619812187,False
2014-06-14 14:30:00,MT_196,34375.0,1.1626113342754676,False,False,1.0009618466412695,False
2014-06-15 04:30:00,MT_196,10750.0,-1.490030773909866,False,False,0.9827911394770956,False
2014-06-15 09:30:00,MT_196,23208.3333333333,-0.03743821651430178,False,False,1.0824166321727617,False
2014-06-15 17:15:00,MT_196,30833.3333333333,1.1970590478640046,False,False,1.094625700835264,False
2014-06-15 19:15:00,MT_196,24791.6666666667,0.4550553963877515,False,False,1.0341796745155691,False
2014-06-15 22:15:00,MT_196,22666.6666666667,0.13368725581637855,False,False,1.0297652068135341,False
2014-06-16 02:15:00,MT_196,14541.6666666667,-1.032918766333073,False,False,1.253296143684791,False
2014-06-16 03:30:00,MT_196,12416.6666666667,-1.3935655067782131,False,False,1.0591472750035429,False
2014-06-16 04:15:00,MT_196,12791.6666666667,-1.3621984288238034,False,False,1.0448805669764607,False
2014-06-16 08:30:00,MT_196,19750.0,-0.3140384711141388,False,False,1.016213188842855,False
2014-06-16 08:45:00,MT_196,23333.3333333333,0.23005576363270114,False,False,1.002191845434948,False
2014-06-16 18:45:00,MT_196,24458.3333333333,0.5303023698838323,False,False,1.022857616449696,False
2014-06-16 19:30:00,MT_196,23791.6666666667,0.4343932671519146,False,False,1.0185660598504016,False
2014-06-17 00:00:00,MT_196,14708.3333333333,-1.108704658840394,False,False,0.9927133746763366,False
2014-06-17 08:30:00,MT_196,19916.6666666667,-0.13376084060498897,False,False,1.0609363749536094,False
2014-06-17 11:15:00,MT_196,22875.0,0.3117534966191852,False,False,1.0124801152843979,False
2014-06-18 08:30:00,MT_196,19083.3333333333,-0.25467489823633915,False,False,1.0587554626374056,False
2014-06-18 16:30:00,MT_196,32416.6666666667,1.5324007748042274,False,False,0.9955653646811529,False
2014-06-18 18:45:00,MT_196,24083.3333333333,0.3865277089314541,False,False,1.0476871983074971,False
2014-06-19 03:30:00,MT_196,10041.6666666667,-1.4858465592753516,False,False,0.973444487038661,False
2014-06-19 12:45:00,MT_196,24666.6666666667,0.4786109121237857,False,False,0.9937919712549991,False
2014-06-19 23:45:00,MT_196,14250.0,-0.9116285560360479,False,False,1.0519667792958014,False
2014-06-20 06:00:00,MT_196,14375.0,-0.7077938041861642,False,False,0.993455582247304,False
2014-06-20 12:15:00,MT_196,25791.6666666667,0.6768906055203803,False,False,0.9820390943891482,False
2014-06-20 16:15:00,MT_196,32041.6666666667,1.3029761323207003,False,False,0.9817874471312523,False
2014-06-20 18:30:00,MT_196,33375.0,1.4584524553640879,False,False,1.0391071774501615,False
2014-06-20 20:15:00,MT_196,22208.3333333333,0.15392027125728255,False,False,1.128346122685918,False
2014-06-21 00:30:00,MT_196,11375.0,-1.157325425146052,False,False,1.0342612821900743,False
2014-06-21 04:15:00,MT_196,9833.33333333333,-1.53561842010381,False,False,0.968563735486685,False
2014-06-21 06:00:00,MT_196,15666.6666666667,-0.7806893275184702,False,False,0.976233635299549,False
2014-06-21 06:45:00,MT_196,17000.0,-0.6124756975584834,False,False,0.9510590332626015,False
2014-06-21 10:00:00,MT_196,23875.0,0.27586514927561223,False,False,1.0017251083448626,False
2014-06-21 14:00:00,MT_196,25041.6666666667,0.4180801640954662,False,False,1.0631791332438651,False
2014-06-21 17:30:00,MT_196,27291.6666666667,0.9291346623224314,False,False,1.0193635436466997,False
2014-06-21 18:15:00,MT_196,26416.6666666667,0.8407559946410126,False,False,0.982045809437355,False
2014-06-21 23:15:00,MT_196,18750.0,-0.28057561737239506,False,False,1.0120012678362764,False
2014-06-22 06:00:00,MT_196,13916.6666666667,-1.0537804723630961,False,False,1.0083724558423528,False
2014-06-22 12:15:00,MT_196,27500.0,1.1268567347192997,False,False,1.0927891050019065,False
2014-06-22 18:30:00,MT_196,25250.0,0.8822896826783835,False,False,0.9909096839863873,False
2014-06-22 21:45:00,MT_196,21041.6666666667,0.19777514088174478,False,False,0.9815371742944068,False
2014-06-23 01:15:00,MT_196,10500.0,-1.4834255073855265,False,False,0.9775618583454937,False
2014-06-23 08:00:00,MT_196,17458.3333333333,-0.3239238234331612,False,False,0.9921157539484008,False
2014-06-23 11:15:00,MT_196,21000.0,0.284905627393125,False,False,0.9647744880712779,False
2014-06-23 22:30:00,MT_196,19083.3333333333,0.002574652689188643,False,False,0.9715246785933405,False
2014-06-23 23:45:00,MT_196,14791.6666666667,-0.7532371909935067,False,False,1.0744330765788472,False
2014-06-24 02:15:00,MT_196,10083.3333333333,-1.5661450863267925,False,False,0.9993835180978623,False
2014-06-24 02:30:00,MT_196,9041.66666666667,-1.7398180943637744,False,False,0.9661315515083422,False
2014-06-24 03:15:00,MT_196,9833.33333333333,-1.5949940621901801,False,False,0.9816035184406744,False
2014-06-24 08:00:00,MT_196,17875.0,-0.2281649947280155,False,False,1.027300463020941,False
2014-06-24 13:30:00,MT_196,23666.6666666667,0.787249598214185,False,False,0.9830779478254134,False
2014-06-24 21:15:00,MT_196,20250.0,0.3624906049757351,False,False,0.9741179244689485,False
2014-06-24 23:00:00,MT_196,20500.0,0.39035479891311414,False,False,1.0115635761609234,False
2014-06-25 00:00:00,MT_196,13041.6666666667,-1.0858232816138718,False,False,0.9986736578066951,False
2014-06-25 02:45:00,MT_196,9958.33333333333,-1.6951367410904437,False,False,0.9810112878901152,False
2014-06-25 09:15:00,MT_196,20250.0,0.3701200924099797,False,False,0.9873825491355802,False
2014-06-25 20:00:00,MT_196,20875.0,0.5697116347627816,False,False,0.977796473183659,False
2014-06-26 01:00:00,MT_196,10583.3333333333,-1.5977618659492658,False,False,0.9712707596043865,False
2014-06-26 06:00:00,MT_196,13541.6666666667,-0.9468417844115979,False,False,1.0178037160169942,False
2014-06-26 06:15:00,MT_196,16458.3333333333,-0.33011309915931836,False,False,1.0410385643795488,False
2014-06-27 01:30:00,MT_196,9958.33333333333,-1.709454872594418,False,False,1.0341701408146697,False
2014-06-27 01:45:00,MT_196,9416.66666666667,-1.8260718005874788,False,False,1.050450531679381,False
2014-06-27 02:30:00,MT_196,9791.66666666667,-1.7523522474690831,False,False,0.9817699627924457,False
2014-06-27 02:45:00,MT_196,10625.0,-1.5816122311755054,False,False,0.9723893555561781,False
2014-06-27 09:15:00,MT_196,22666.6666666667,0.9667228239752144,False,False,1.0841539377319318,False
2014-06-27 10:30:00,MT_196,21833.3333333333,0.7553566367378933,False,False,0.995127184308258,False
2014-06-28 01:00:00,MT_196,10291.6666666667,-1.6211593395330879,False,False,0.9941235297769351,False
2014-06-28 01:30:00,MT_196,10583.3333333333,-1.5708728365390785,False,False,0.9662279757078209,False
2014-06-28 06:30:00,MT_196,19166.6666666667,-0.028094678716602286,False,False,1.1916291785209374,False
2014-06-28 07:00:00,MT_196,16083.3333333333,-0.5897265693192957,False,False,0.9731326079595405,False
2014-06-28 09:15:00,MT_196,24958.3333333333,0.9742319863352886,False,False,1.0356470297403741,False
2014-06-28 13:30:00,MT_196,25916.6666666667,1.01661428980393,False,False,1.0348944432464244,False
2014-06-28 22:00:00,MT_196,20916.6666666667,0.106251272570072,False,False,0.9812806636885812,False
2014-06-29 08:00:00,MT_196,19250.0,-0.20775528406051708,False,False,1.0127087129359307,False
2014-06-29 08:15:00,MT_196,19083.3333333333,-0.2354995378049744,False,False,1.0121044623699753,False
2014-06-29 09:00:00,MT_196,19666.6666666667,-0.11767181186770985,False,False,1.0321098909506996,False
2014-06-29 13:30:00,MT_196,22500.0,0.4297547284819893,False,False,0.968427227960218,False
2014-06-29 15:45:00,MT_196,22291.6666666667,0.47401146180094333,False,False,0.9625129301337537,False
2014-06-29 20:45:00,MT_196,20166.6666666667,0.14992694037909524,False,False,1.0079276722556114,False
2014-06-29 22:15:00,MT_196,20208.3333333333,0.16055902117642945,False,False,0.9901252225600422,False
2014-06-30 23:00:00,MT_196,19916.6666666667,0.36534122796379864,False,False,0.9909142243466793,False
2014-07-01 01:45:00,MT_196,9541.66666666667,-1.7553726474448947,False,False,0.9854662500857807,False
2014-07-01 05:00:00,MT_196,9333.33333333333,-1.833943782044944,False,False,1.0794153091397913,False
2014-07-01 05:15:00,MT_196,13833.3333333333,-0.9169485648542622,False,False,0.997274722038361,False
2014-07-01 16:45:00,MT_196,22125.0,0.8586608570060841,False,False,0.9788414597968619,False
2014-07-02 01:30:00,MT_196,9958.33333333333,-1.7740196352140487,False,False,0.9966046693142945,False
2014-07-02 03:00:00,MT_196,9375.0,-1.9031777675236596,False,False,1.0235983316038948,False
2014-07-02 04:45:00,MT_196,10000.0,-1.7488502906238241,False,False,1.00622119794256,False
2014-07-02 05:00:00,MT_196,9666.66666666667,-1.8241540035190429,False,False,1.0712264131761557,False
2014-07-02 08:15:00,MT_196,17416.6666666667,-0.06347682312759317,False,False,1.07406809017478,False
2014-07-02 13:00:00,MT_196,21000.0,0.7810305448734169,False,False,0.9720337845554742,False
2014-07-02 18:30:00,MT_196,21916.6666666667,1.0022471600508753,False,False,0.9776428293358606,False
2014-07-03 00:30:00,MT_196,11583.3333333333,-1.38241409621137,False,False,0.9972670038402746,False
2014-07-03 01:00:00,MT_196,10125.0,-1.7228152073769096,False,False,0.9940022906606407,False
2014-07-03 02:45:00,MT_196,9625.0,-1.8379550848043078,False,False,1.0110023587025976,False
2014-07-03 10:45:00,MT_196,20333.3333333333,0.6486571433817404,False,False,0.9817047152021497,False
2014-07-03 19:00:00,MT_196,28916.6666666667,2.3104084453599185,False,False,1.8091164754171594,False
2014-07-03 21:15:00,MT_196,19708.3333333333,0.34959382010405904,False,False,0.9862413415339399,False
2014-07-03 22:45:00,MT_196,20458.3333333333,0.5055985295393508,False,False,1.0212520721035885,False
2014-07-03 23:00:00,MT_196,20500.0,0.5127538539368357,False,False,1.054385987814668,False
2014-07-03 23:15:00,MT_196,19291.6666666667,0.26521844020733015,False,False,0.9797464423949667,False
2014-07-04 00:45:00,MT_196,10833.3333333333,-1.4502071015241051,False,False,0.9947282486529941,False
2014-07-04 11:45:00,MT_196,25500.0,1.3679959744914494,False,False,1.2246438532330355,False
2014-07-04 12:45:00,MT_196,26875.0,1.5776959020244852,False,False,1.2107131907793267,False
2014-07-04 16:00:00,MT_196,30791.6666666667,1.6352429559172152,False,False,1.0304075076579486,False
2014-07-04 16:30:00,MT_196,32208.3333333333,1.7860179451549882,False,False,1.0344373517318093,False
2014-07-04 17:45:00,MT_196,30541.6666666667,1.3696663032895235,False,False,1.0185783512216302,False
2014-07-04 18:00:00,MT_196,30875.0,1.390962665194225,False,False,1.0191196567838814,False
2014-07-04 20:45:00,MT_196,23208.3333333333,0.29042701717439384,False,False,1.0482744025404018,False
2014-07-04 21:15:00,MT_196,20625.0,-0.06145065223487123,False,False,1.1398715122806387,False
2014-07-04 22:00:00,MT_196,19958.3333333333,-0.15049987986466448,False,False,1.0313540420740417,False
2014-07-05 00:15:00,MT_196,13333.3333333333,-1.0323855455347954,False,False,0.99463263846284,False
2014-07-05 03:00:00,MT_196,9541.66666666667,-1.539102096488571,False,False,0.9877602648624895,False
2014-07-05 16:30:00,MT_196,31458.3333333333,1.3190213424007604,False,False,1.0286085921277164,False
2014-07-05 21:15:00,MT_196,21083.3333333333,-0.019304726385919648,False,False,1.0146190808344855,False
2014-07-05 23:00:00,MT_196,20291.6666666667,-0.12889038805091332,False,False,0.9979466332602905,False
2014-07-05 23:45:00,MT_196,14708.3333333333,-0.8680358209538003,False,False,0.9990658031676194,False
2014-07-06 06:45:00,MT_196,16666.6666666667,-0.6026029179417072,False,False,0.9537926752027959,False
2014-07-06 07:15:00,MT_196,17041.6666666667,-0.5497971303584073,False,False,0.9547649149905573,False
2014-07-06 11:00:00,MT_196,25750.0,0.6120905544816315,False,False,0.9646649934912876,False
2014-07-06 12:00:00,MT_196,26000.0,0.6459043798894033,False,False,0.9876510183515581,False
2014-07-06 13:45:00,MT_196,21083.3333333333,0.027050266527782238,False,False,1.087407420682583,False
2014-07-06 14:45:00,MT_196,23833.3333333333,0.44037528295959166,False,False,0.9812886204791056,False
2014-07-06 16:45:00,MT_196,26291.6666666667,0.97515215156832,False,False,1.0462701396270178,False
2014-07-06 21:30:00,MT_196,19125.0,-0.04608810296188466,False,False,1.0033078252741199,False
2014-07-07 00:15:00,MT_196,13041.6666666667,-1.0621707038121588,False,False,0.9982611399998425,False
2014-07-07 03:45:00,MT_196,9000.0,-1.7688082276233303,False,False,0.9857310293828935,False
2014-07-07 10:45:00,MT_196,20166.6666666667,0.22718567116418228,False,False,0.9573579257145998,False
2014-07-07 13:00:00,MT_196,26791.6666666667,1.57494913911258,False,False,1.0858541988873198,False
2014-07-07 17:15:00,MT_196,29208.3333333333,1.779162365549792,False,False,1.1492279597656903,False
2014-07-07 21:30:00,MT_196,19083.3333333333,-0.004488080797779984,False,False,1.0436689338835556,False
2014-07-07 21:45:00,MT_196,19333.3333333333,0.035352264426404365,False,False,1.0098208020508037,False
2014-07-07 22:00:00,MT_196,18666.6666666667,-0.07022319266881533,False,False,1.013372244584951,False
2014-07-08 02:45:00,MT_196,10416.6666666667,-1.431155371477114,False,False,1.0205223402311099,False
2014-07-08 05:00:00,MT_196,9500.0,-1.5877775999972916,False,False,1.0765822571170336,False
2014-07-08 05:30:00,MT_196,16458.3333333333,-0.4614165939264579,False,False,1.0522452723424098,False
2014-07-08 10:45:00,MT_196,22541.6666666667,0.526230756057187,False,False,0.9732543352552471,False
2014-07-08 15:45:00,MT_196,30916.6666666667,1.599523306983037,False,False,1.031759278365017,False
2014-07-08 16:30:00,MT_196,31291.6666666667,1.6022062327414257,False,False,1.0187275718995914,False
2014-07-08 18:30:00,MT_196,30333.3333333333,1.3788117602975631,False,False,1.0613108065057812,False
2014-07-08 19:45:00,MT_196,24125.0,0.5332021251869707,False,False,1.0080223334005505,False
2014-07-08 20:15:00,MT_196,22083.3333333333,0.24661833252859766,False,False,1.0199031993533834,False
2014-07-09 01:30:00,MT_196,9916.66666666667,-1.480887539208221,False,False,0.9684578957849743,False
2014-07-09 10:30:00,MT_196,22708.3333333333,0.27997420359125413,False,False,0.9730337996675704,False
2014-07-09 13:15:00,MT_196,28625.0,1.1489004533511862,False,False,1.047570389621594,False
2014-07-09 21:30:00,MT_196,20000.0,-0.05967300693052658,False,False,1.0660926272383346,False
2014-07-10 03:30:00,MT_196,9458.33333333333,-1.6189797592595323,False,False,0.973683558121659,False
2014-07-10 13:00:00,MT_196,30833.3333333333,1.5314437958898843,False,False,1.1076709859717184,False
2014-07-10 15:45:00,MT_196,31000.0,1.480455476020766,False,False,1.037640182105249,False
2014-07-10 17:45:00,MT_196,33166.6666666667,1.6775166903561554,False,False,1.0804948917928172,False
2014-07-10 20:45:00,MT_196,22791.6666666667,0.2449324730871329,False,False,1.0271962852054317,False
2014-07-11 00:15:00,MT_196,14000.0,-0.9373144497191583,False,False,1.0332724650440304,False
2014-07-11 08:30:00,MT_196,19375.0,-0.2417925601317372,False,False,1.0191719659611111,False
2014-07-11 11:30:00,MT_196,21708.3333333333,0.06213362500130786,False,False,1.1064423789965094,False
2014-07-12 02:45:00,MT_196,10833.3333333333,-1.3631800162467154,False,False,1.0525270225006502,False
2014-07-12 04:45:00,MT_196,10291.6666666667,-1.4295544531725102,False,False,0.9981115856585882,False
2014-07-12 11:00:00,MT_196,34125.0,1.420302831876886,False,False,1.1281496176597867,False
2014-07-12 12:30:00,MT_196,36625.0,1.530816637254082,False,False,1.1358209894564235,False
2014-07-12 12:45:00,MT_196,36416.6666666667,1.4727031950209923,False,False,1.0849333906138217,False
2014-07-12 18:00:00,MT_196,37666.6666666667,1.374409292101909,False,False,1.0455924265052765,False
2014-07-12 19:15:00,MT_196,34541.6666666667,1.0065905570445453,False,False,1.1160521124017864,False
2014-07-12 20:30:00,MT_196,32208.3333333333,0.707512239629678,False,False,1.0577998316795365,False
2014-07-13 00:15:00,MT_196,15333.3333333333,-0.9408542421101468,False,False,0.9867916992368552,False
2014-07-13 02:30:00,MT_196,11791.6666666667,-1.300892419164474,False,False,1.1925352665734383,False
2014-07-13 10:15:00,MT_196,31750.0,0.6520652345355218,False,False,1.042822689279445,False
2014-07-13 15:15:00,MT_196,29291.6666666667,0.4928094867797832,False,False,1.0226316914398408,False
2014-07-14 00:45:00,MT_196,13583.3333333333,-1.086897119401065,False,False,0.9755545958376124,False
2014-07-14 18:30:00,MT_196,36583.3333333333,1.6080193700369452,False,False,1.0064857067338424,False
2014-07-15 06:15:00,MT_196,18958.3333333333,-0.5000650647440027,False,False,1.0213820637530526,False
2014-07-15 07:45:00,MT_196,18041.6666666667,-0.6255539508367768,False,False,0.9970161943707225,False
2014-07-15 13:00:00,MT_196,36375.0,1.4628928726990067,False,False,1.073734205346035,False
2014-07-15 19:45:00,MT_196,24250.0,0.036182010227738634,False,False,1.228931798065709,False
2014-07-15 20:15:00,MT_196,23916.6666666667,0.003029119390651079,False,False,1.2479339692405855,False
2014-07-15 21:15:00,MT_196,21541.6666666667,-0.2585537914972093,False,False,1.2949988073914396,False
2014-07-15 22:30:00,MT_196,21250.0,-0.2886608344452868,False,False,1.1036939324125814,False
2014-07-16 04:15:00,MT_196,10708.3333333333,-1.4415366908345246,False,False,0.9837958865016424,False
2014-07-16 08:45:00,MT_196,24041.6666666667,0.05296687140764837,False,False,1.0214986722281574,False
2014-07-16 11:15:00,MT_196,25208.3333333333,0.1864053175155254,False,False,1.0154949221857195,False
2014-07-16 19:15:00,MT_196,26416.6666666667,0.33176654672753836,False,False,1.0447770677461305,False
2014-07-16 20:45:00,MT_196,24791.6666666667,0.1444904671967612,False,False,1.0517549385305538,False
2014-07-16 21:30:00,MT_196,21708.3333333333,-0.20179041685531687,False,False,1.1377977070855132,False
2014-07-17 05:00:00,MT_196,11166.6666666667,-1.3879246971311616,False,False,1.0080936935744453,False
2014-07-17 05:30:00,MT_196,17958.3333333333,-0.6299335687814681,False,False,1.0656585973548232,False
2014-07-17 06:00:00,MT_196,15916.6666666667,-0.8593725698924531,False,False,0.9837695872700389,False
2014-07-17 10:00:00,MT_196,21833.3333333333,-0.1725052678432196,False,False,1.0867709965339118,False
2014-07-17 17:45:00,MT_196,33208.3333333333,1.407346226811911,False,False,1.041002637870022,False
2014-07-17 21:30:00,MT_196,20833.3333333333,-0.12618183432573604,False,False,1.0887363324397483,False
2014-07-18 06:15:00,MT_196,18833.3333333333,-0.3459762927716472,False,False,1.046904599597264,False
2014-07-18 08:00:00,MT_196,16583.3333333333,-0.6390389411722476,False,False,1.0374586660287528,False
2014-07-18 11:15:00,MT_196,23791.6666666667,0.27377500085439294,False,False,1.0144869728799208,False
2014-07-18 13:15:00,MT_196,29000.0,0.9262028386126399,False,False,0.9921423609364849,False
2014-07-18 19:15:00,MT_196,24958.3333333333,0.6233041362680727,False,False,0.9859720967995612,False
2014-07-18 22:30:00,MT_196,19958.3333333333,-0.1222708169397736,False,False,0.9910622695425683,False
2014-07-18 22:45:00,MT_196,20625.0,-0.02156250103403155,False,False,1.0053845918276014,False
2014-07-19 00:45:00,MT_196,9541.66666666667,-1.6889284919853629,False,False,1.026949807106273,False
2014-07-19 05:00:00,MT_196,10791.6666666667,-1.4914680095818014,False,False,1.0128306681095733,False
2014-07-19 07:00:00,MT_196,17083.3333333333,-0.5528047314584729,False,False,0.9558012781541488,False
2014-07-19 14:15:00,MT_196,25375.0,0.6435092040032233,False,False,1.013355595193165,False
2014-07-19 15:45:00,MT_196,28041.6666666667,1.074397153172771,False,False,1.0241515175816651,False
2014-07-19 17:30:00,MT_196,26416.6666666667,0.8826078095267847,False,False,0.9987130782969231,False
2014-07-19 19:45:00,MT_196,24833.3333333333,0.6475845139551926,False,False,0.9937929292698746,False
2014-07-19 20:15:00,MT_196,24333.3333333333,0.557515106732997,False,False,1.0124453583857116,False
2014-07-20 11:30:00,MT_196,24416.6666666667,0.6116698690373138,False,False,0.9588204428706503,False
2014-07-20 15:45:00,MT_196,25875.0,0.9224746092528013,False,False,1.0350890332559612,False
2014-07-20 16:15:00,MT_196,25666.6666666667,0.8945797385141426,False,False,1.032253776371868,False
2014-07-20 20:00:00,MT_196,21958.3333333333,0.3512320398811251,False,False,0.9681202601164924,False
2014-07-20 22:30:00,MT_196,18541.6666666667,-0.21691315336779507,False,False,1.006785222123663,False
2014-07-21 00:15:00,MT_196,13166.6666666667,-1.0956388763759326,False,False,0.9978137936947563,False
2014-07-21 02:00:00,MT_196,9958.33333333333,-1.6363748192671659,False,False,0.9911471620811654,False
2014-07-21 16:45:00,MT_196,34583.3333333333,1.8193022425136844,False,False,0.987249791283636,False
2014-07-21 23:30:00,MT_196,18291.6666666667,-0.4133573441580558,False,False,1.0536696993237673,False
2014-07-22 00:45:00,MT_196,10583.3333333333,-1.3492686436811676,False,False,1.021618254925787,False
2014-07-22 02:00:00,MT_196,10333.3333333333,-1.393793107717866,False,False,1.0537331220683346,False
2014-07-22 03:15:00,MT_196,9958.33333333333,-1.4468190645543753,False,False,1.0238667067211047,False
2014-07-22 05:00:00,MT_196,11208.3333333333,-1.3154038473440006,False,False,1.0301228371145907,False
2014-07-22 16:30:00,MT_196,35750.0,1.4195921147287336,False,False,0.9755891702941765,False
2014-07-22 20:45:00,MT_196,23666.6666666667,0.02532244124828388,False,False,1.1895336509589634,False
2014-07-23 07:30:00,MT_196,16625.0,-0.7931958235415842,False,False,0.9768555848036728,False
2014-07-23 09:00:00,MT_196,22541.6666666667,-0.12614168446651133,False,False,1.023356380446402,False
2014-07-23 09:15:00,MT_196,22208.3333333333,-0.16193451378326967,False,False,1.0330576696923175,False
2014-07-23 13:00:00,MT_196,25333.3333333333,0.2989626257761503,False,False,1.0757097072698885,False
2014-07-23 14:15:00,MT_196,25041.6666666667,0.32750687192229566,False,False,1.180414584927566,False
2014-07-23 23:00:00,MT_196,20750.0,0.04947777429029117,False,False,0.9724663028489289,False
2014-07-24 03:00:00,MT_196,11166.6666666667,-1.5385695958717214,False,False,0.9815792139316805,False
2014-07-24 05:00:00,MT_196,11541.6666666667,-1.4689843868581973,False,False,1.007140378352576,False
2014-07-24 06:15:00,MT_196,19041.6666666667,-0.22060830526069805,False,False,1.0775744041363988,False
2014-07-24 11:00:00,MT_196,21916.6666666667,0.25901582075053015,False,False,1.0059212727605693,False
2014-07-24 14:45:00,MT_196,25666.6666666667,0.8861895347429328,False,False,0.9965061272387902,False
2014-07-25 01:30:00,MT_196,10416.6666666667,-1.688422743792522,False,False,1.0176634767828132,False
2014-07-25 09:45:00,MT_196,23416.6666666667,0.5256349355135197,False,False,1.0011809562106069,False
2014-07-25 12:00:00,MT_196,24041.6666666667,0.5670481077216691,False,False,0.977385802931315,False
2014-07-25 17:30:00,MT_196,35666.6666666667,1.5345336471875173,False,False,0.9853486333250748,False
2014-07-25 23:45:00,MT_196,15333.3333333333,-0.9020516339871121,False,False,1.0314727406105881,False
2014-07-26 00:15:00,MT_196,14500.0,-0.9956216617672402,False,False,0.9998827289025477,False
2014-07-26 00:30:00,MT_196,12666.6666666667,-1.201687816452084,False,False,1.0166900826495286,False
2014-07-26 00:45:00,MT_196,11166.6666666667,-1.370397686039403,False,False,1.0039475355340488,False
2014-07-26 01:30:00,MT_196,10708.3333333333,-1.4241987308349742,False,False,0.9853468853745397,False
2014-07-26 08:00:00,MT_196,20291.6666666667,-0.37982598295307285,False,False,1.023860506982335,False
2014-07-26 10:15:00,MT_196,33000.0,1.0241523940026276,False,False,1.038503667109191,False
2014-07-26 17:45:00,MT_196,37041.6666666667,1.2146160828743184,False,False,1.0297755587917885,False
2014-07-26 22:45:00,MT_196,22125.0,-0.3487489100238632,False,False,1.0827064094000212,False
2014-07-27 01:45:00,MT_196,11208.3333333333,-1.4190628180527733,False,False,1.0129417921064114,False
2014-07-27 02:30:00,MT_196,11166.6666666667,-1.4253914175621973,False,False,1.074467645691147,False
2014-07-27 03:00:00,MT_196,11500.0,-1.3933759630357518,False,False,1.088290937874364,False
2014-07-27 06:00:00,MT_196,15791.6666666667,-0.9727433569002659,False,False,1.0023369346795956,False
2014-07-27 11:00:00,MT_196,33791.6666666667,0.8184725235149723,False,False,1.0462475108295364,False
2014-07-27 22:45:00,MT_196,20375.0,-0.3780812237508246,False,False,1.018347755510333,False
2014-07-28 01:15:00,MT_196,12791.6666666667,-1.2830616136139121,False,False,0.9830502579733678,False
2014-07-28 04:45:00,MT_196,11833.3333333333,-1.4066297777074648,False,False,1.0304950083060196,False
2014-07-28 05:15:00,MT_196,15125.0,-1.01289069282008,False,False,1.0262047407812291,False
2014-07-28 06:00:00,MT_196,15708.3333333333,-0.9398213706917923,False,False,0.9567431777697014,False
2014-07-28 08:00:00,MT_196,17958.3333333333,-0.6749421192239607,False,False,0.9966667405020248,False
2014-07-28 12:15:00,MT_196,29916.6666666667,0.9487892745805382,False,False,1.0298618563820454,False
2014-07-28 12:30:00,MT_196,34583.3333333333,1.5927510887055318,False,False,1.1081391112188528,False
2014-07-28 19:00:00,MT_196,23416.6666666667,-0.012858441352123893,False,False,1.2484347054865397,False
2014-07-29 02:15:00,MT_196,12375.0,-1.3266842878375291,False,False,1.0555610792445032,False
2014-07-29 07:45:00,MT_196,20416.6666666667,-0.3918407833368116,False,False,1.0500982922366724,False
2014-07-29 10:15:00,MT_196,22291.6666666667,-0.16424274798367067,False,False,1.1634581735833465,False
2014-07-29 11:00:00,MT_196,23875.0,0.0469534645384451,False,False,1.1080131195104848,False
2014-07-29 12:15:00,MT_196,32083.3333333333,0.995209941477869,False,False,1.051323219119895,False
2014-07-29 16:30:00,MT_196,36833.3333333333,1.623195908627281,False,False,0.9786321165454356,False
2014-07-29 17:00:00,MT_196,35250.0,1.416169885049202,False,False,0.9710486527193672,False
2014-07-29 19:45:00,MT_196,34208.3333333333,1.1688787892538945,False,False,1.1590055455228543,False
2014-07-29 20:15:00,MT_196,32458.3333333333,0.9387897756909628,False,False,1.1550009364204674,False
2014-07-30 08:30:00,MT_196,20375.0,-0.44894038703766176,False,False,1.0663975981605536,False
2014-07-30 13:45:00,MT_196,33791.6666666667,0.9657114422415379,False,False,1.0155288276548362,False
2014-07-30 23:00:00,MT_196,21291.6666666667,-0.400242206927163,False,False,1.043172242051823,False
2014-07-30 23:30:00,MT_196,19458.3333333333,-0.5828937419708728,False,False,1.0404084296012501,False
2014-07-31 07:00:00,MT_196,16791.6666666667,-0.8408350202266932,False,False,0.9827730022954914,False
2014-07-31 07:30:00,MT_196,17833.3333333333,-0.7369239348737964,False,False,1.0408296652877451,False
2014-07-31 11:00:00,MT_196,25875.0,0.04527701318040518,False,False,1.0676819194059537,False
2014-07-31 13:30:00,MT_196,34875.0,0.9341869233723309,False,False,1.008819496547587,False
2014-07-31 21:15:00,MT_196,27250.0,0.21817050887676798,False,False,1.003335521895696,False
2014-08-01 00:45:00,MT_196,11125.0,-1.416863522784147,False,False,0.9930086934274105,False
2014-08-01 04:00:00,MT_196,10541.6666666667,-1.459394853527886,False,False,0.9714043366563845,False
2014-08-01 12:30:00,MT_196,31125.0,0.7006082064623586,False,False,1.0209199617357496,False
2014-08-01 13:30:00,MT_196,32250.0,0.8568859789485697,False,False,1.0012953915062923,False
2014-08-01 14:15:00,MT_196,30958.3333333333,0.7322001915864802,False,False,1.014748547827908,False
2014-08-01 17:30:00,MT_196,31166.6666666667,0.9362517642406896,False,False,1.0147299399520433,False
2014-08-01 20:15:00,MT_196,23666.6666666667,0.13453499101908645,False,False,1.1585183653250792,False
2014-08-02 07:30:00,MT_196,16333.3333333333,-0.76036707242521,False,False,1.0458459316890332,False
2014-08-02 08:00:00,MT_196,20041.6666666667,-0.2695761731584183,False,False,1.0222854559447343,False
2014-08-02 13:45:00,MT_196,28250.0,0.8575509841504999,False,False,0.9913862917622568,False
2014-08-02 23:45:00,MT_196,15000.0,-0.9623681641866181,False,False,0.9956505986595179,False
2014-08-03 01:00:00,MT_196,11416.6666666667,-1.4798257909181614,False,False,0.9898578793544214,False
2014-08-03 01:15:00,MT_196,12000.0,-1.3985310773040158,False,False,1.006106971089617,False
2014-08-03 02:45:00,MT_196,11666.6666666667,-1.4611390311196102,False,False,1.0803449123147988,False
2014-08-03 04:30:00,MT_196,10083.3333333333,-1.7049936921352566,False,False,0.9953265013361323,False
2014-08-03 11:15:00,MT_196,25875.0,0.5818542491994092,False,False,0.9729129408257114,False
2014-08-03 11:45:00,MT_196,25500.0,0.5269802386394491,False,False,0.979936779253925,False
2014-08-03 13:00:00,MT_196,26000.0,0.6050220700459901,False,False,1.0451177774638882,False
2014-08-03 15:00:00,MT_196,25250.0,0.5353949065884348,False,False,0.9736094208269458,False
2014-08-04 08:00:00,MT_196,18833.3333333333,-0.3261409358834958,False,False,0.9929298742154016,False
2014-08-04 13:15:00,MT_196,29750.0,1.7670591342597377,False,False,1.073170953732535,False
2014-08-04 15:45:00,MT_196,36333.3333333333,2.449287652794464,False,False,1.2532889374507448,False
2014-08-04 17:30:00,MT_196,34541.6666666667,1.7940039755568746,False,False,1.005820936236509,False
2014-08-05 05:00:00,MT_196,11750.0,-1.4253090393037626,False,False,1.006301041187535,False
2014-08-05 05:30:00,MT_196,18666.6666666667,-0.5347231044650737,False,False,1.0631352759697856,False
2014-08-05 06:15:00,MT_196,17458.3333333333,-0.69192879344929,False,False,0.9792426127148618,False
2014-08-05 09:45:00,MT_196,20958.3333333333,-0.2655375136504749,False,False,1.1575033585301722,False
2014-08-05 22:30:00,MT_196,20333.3333333333,-0.41294018229807444,False,False,1.1506937642950403,False
2014-08-06 01:15:00,MT_196,11625.0,-1.4367617357395501,False,False,0.9776182600981999,False
2014-08-06 04:15:00,MT_196,10708.3333333333,-1.4784513508963844,False,False,0.9779202156700202,False
2014-08-06 07:45:00,MT_196,18250.0,-0.6172031918510341,False,False,0.987714920360339,False
2014-08-06 08:45:00,MT_196,22791.6666666667,-0.10343948040548888,False,False,1.032369804685982,False
2014-08-06 11:45:00,MT_196,29666.6666666667,0.6848142514563033,False,False,1.0148765646682971,False
2014-08-06 21:15:00,MT_196,25000.0,0.13954620311007815,False,False,1.0073497802662943,False
2014-08-06 22:00:00,MT_196,23875.0,0.015132010613126868,False,False,1.0137839470432073,False
2014-08-06 22:45:00,MT_196,21000.0,-0.3042847255747313,False,False,1.0064647466175898,False
2014-08-06 23:45:00,MT_196,15125.0,-0.9582535199289083,False,False,1.0101362027763083,False
2014-08-07 05:45:00,MT_196,16625.0,-0.7505972564668019,False,False,0.9950902288624182,False
2014-08-07 06:15:00,MT_196,17541.6666666667,-0.6476263781278265,False,False,0.9757560721695492,False
2014-08-07 07:30:00,MT_196,17916.6666666667,-0.607501239158723,False,False,0.9869879711297525,False
2014-08-07 12:30:00,MT_196,32041.6666666667,0.8810236038690673,False,False,1.059543318453333,False
2014-08-07 17:30:00,MT_196,37208.3333333333,1.4118377245178784,False,False,1.0314171494937538,False
2014-08-07 20:45:00,MT_196,29750.0,0.6028734257295135,False,False,1.0214858085090923,False
2014-08-07 22:00:00,MT_196,24916.6666666667,0.0888072851755137,False,False,1.0422413388855674,False
2014-08-07 23:45:00,MT_196,14958.3333333333,-0.9552509712890717,False,False,1.0407046636807524,False
2014-08-08 02:00:00,MT_196,11250.0,-1.3532591517888048,False,False,1.013353256189449,False
2014-08-08 07:15:00,MT_196,16833.3333333333,-0.810086182346648,False,False,0.9940832623103615,False
2014-08-08 07:45:00,MT_196,19791.6666666667,-0.49194182888476473,False,False,1.0109045305138988,False
2014-08-08 09:15:00,MT_196,24750.0,0.0442878015853968,False,False,1.057776426355813,False
2014-08-08 10:45:00,MT_196,21916.6666666667,-0.2613682155329432,False,False,1.2953578604694225,False
2014-08-08 14:45:00,MT_196,32416.6666666667,0.9194098601749409,False,False,1.0008861789601442,False
2014-08-08 19:30:00,MT_196,30458.3333333333,0.7791409996141554,False,False,1.000194324710126,False
2014-08-08 21:30:00,MT_196,24833.3333333333,0.12411264259755439,False,False,1.0074394947466931,False
2014-08-09 00:00:00,MT_196,14791.6666666667,-1.04898589293078,False,False,0.9984431080528685,False
2014-08-09 04:00:00,MT_196,11166.6666666667,-1.4715580923367424,False,False,0.9949735705692981,False
2014-08-09 04:45:00,MT_196,10125.0,-1.588185992139296,False,False,0.9906705606021676,False
2014-08-09 06:15:00,MT_196,18458.3333333333,-0.6108998510583082,False,False,0.9961287058089048,False
2014-08-09 08:45:00,MT_196,24625.0,0.10792410402640112,False,False,1.010507289921301,False
2014-08-09 10:00:00,MT_196,23333.3333333333,-0.04476799400304595,False,False,1.0803020731849318,False
2014-08-09 16:30:00,MT_196,34916.6666666667,1.3385315102417623,False,False,0.996250356046383,False
2014-08-09 18:00:00,MT_196,35750.0,1.4569401595823088,False,False,1.0297253494905034,False
2014-08-09 20:15:00,MT_196,25833.3333333333,0.25265546176959774,False,False,1.0689530417809279,False
2014-08-09 22:00:00,MT_196,23166.6666666667,-0.029513845973411137,False,False,1.0135292146340653,False
2014-08-10 01:00:00,MT_196,11291.6666666667,-1.4678765473021218,False,False,0.9956360869725808,False
2014-08-10 03:30:00,MT_196,11291.6666666667,-1.463967408324084,False,False,1.0201319353857625,False
2014-08-10 14:15:00,MT_196,27208.3333333333,0.4335723312514047,False,False,1.0234589833246606,False
2014-08-10 14:30:00,MT_196,27083.3333333333,0.4278634519921666,False,False,1.0062316522799752,False
2014-08-10 15:00:00,MT_196,28125.0,0.5737008571224552,False,False,1.006755144652874,False
2014-08-10 22:30:00,MT_196,20041.6666666667,-0.25214913216761525,False,False,0.9938729142067739,False
2014-08-11 00:30:00,MT_196,13000.0,-1.2902803145121637,False,False,0.9884323515042248,False
2014-08-11 00:45:00,MT_196,10541.6666666667,-1.654588701015769,False,False,1.0493015308763216,False
2014-08-11 04:30:00,MT_196,10875.0,-1.618173660814818,False,False,1.0058452596545253,False
2014-08-11 07:15:00,MT_196,18208.3333333333,-0.524874431862888,False,False,0.9968534748823925,False
2014-08-11 08:00:00,MT_196,20375.0,-0.20030667307264247,False,False,1.0186776450643775,False
2014-08-11 13:00:00,MT_196,34500.0,1.9291460987602869,False,False,1.0946968627962512,False
2014-08-11 13:30:00,MT_196,35333.3333333333,2.004756390879846,False,False,1.094365592716093,False
2014-08-11 18:30:00,MT_196,33791.6666666667,1.253764277558937,False,False,1.040994770426611,False
2014-08-11 22:15:00,MT_196,20750.0,-0.3522359394422275,False,False,1.0799496482082929,False
2014-08-11 22:30:00,MT_196,19791.6666666667,-0.46155412492162534,False,False,1.0833356895881419,False
2014-08-12 20:00:00,MT_196,26833.3333333333,0.5118074019613457,False,False,1.012185278946438,False
2014-08-13 04:00:00,MT_196,9750.0,-1.633828121008836,False,False,0.9674787080553859,False
2014-08-13 09:15:00,MT_196,22291.6666666667,-0.04371059602949374,False,False,1.0064225294916047,False
2014-08-13 11:15:00,MT_196,21958.3333333333,-0.07581591723053499,False,False,1.0773804070404218,False
2014-08-13 15:30:00,MT_196,29750.0,1.1214084915152456,False,False,0.9917436180484771,False
2014-08-13 19:15:00,MT_196,26583.3333333333,0.7761125304973117,False,False,1.0084089536966587,False
2014-08-13 23:00:00,MT_196,19541.6666666667,-0.23231097623406277,False,False,0.9759470602097614,False
2014-08-14 00:15:00,MT_196,13500.0,-1.1305012814588917,False,False,0.9970187953126989,False
2014-08-14 05:45:00,MT_196,18041.6666666667,-0.4202386879944519,False,False,1.0567301255631603,False
2014-08-14 06:00:00,MT_196,15541.6666666667,-0.7868059151497704,False,False,0.9893319025803293,False
2014-08-14 08:30:00,MT_196,21958.3333333333,0.17073315876877687,False,False,1.0124312947372687,False
2014-08-14 09:45:00,MT_196,19250.0,-0.22322455564268331,False,False,1.0619516277855037,False
2014-08-14 23:00:00,MT_196,19833.3333333333,-0.3088464403407983,False,False,1.0390070961850384,False
2014-08-15 02:30:00,MT_196,9958.33333333333,-1.4691047636329704,False,False,1.0249982283085912,False
2014-08-15 03:15:00,MT_196,10625.0,-1.386943290906568,False,False,1.0588068835095814,False
2014-08-15 05:30:00,MT_196,17750.0,-0.5568660824055265,False,False,1.020348475715569,False
2014-08-15 11:15:00,MT_196,27458.3333333333,0.5588539393634084,False,False,0.9936144608188204,False
2014-08-15 14:00:00,MT_196,35625.0,1.4462971840412246,False,False,1.029136850870039,False
2014-08-15 22:00:00,MT_196,23958.3333333333,0.05392565271784938,False,False,1.037690316995035,False
2014-08-16 05:15:00,MT_196,12958.3333333333,-1.1159708534375905,False,False,1.0250502547576528,False
2014-08-16 08:15:00,MT_196,19958.3333333333,-0.36705369821461176,False,False,1.0276859157611944,False
2014-08-16 22:15:00,MT_196,21041.6666666667,-0.22868299208534448,False,False,1.0331698229521473,False
2014-08-17 10:30:00,MT_196,27583.3333333333,0.45396640631770546,False,False,1.017964235694354,False
2014-08-17 11:30:00,MT_196,32291.6666666667,0.9556347377853205,False,False,1.0407374036504153,False
2014-08-17 15:45:00,MT_196,30791.6666666667,0.817169593525011,False,False,1.070553428618146,False
2014-08-17 19:30:00,MT_196,29166.6666666667,0.7982764344067245,False,False,1.0604916488105538,False
2014-08-18 05:45:00,MT_196,16666.6666666667,-0.9354480957124934,False,False,0.9820328492755879,False
2014-08-18 11:00:00,MT_196,23916.6666666667,0.09913343595551068,False,False,1.0972830911635645,False
2014-08-18 15:15:00,MT_196,36208.3333333333,1.5809541362231558,False,False,0.9710628526171582,False
2014-08-18 17:15:00,MT_196,36958.3333333333,1.4991480955323315,False,False,0.988823723877697,False
2014-08-18 19:00:00,MT_196,34333.3333333333,1.111719829039813,False,False,1.0372403726926887,False
2014-08-18 20:00:00,MT_196,31291.6666666667,0.7466499242135527,False,False,1.0322087274610823,False
2014-08-18 23:45:00,MT_196,14000.0,-1.2250297762070728,False,False,1.0151304524432463,False
2014-08-19 01:00:00,MT_196,10791.6666666667,-1.5480519784416877,False,False,1.0361479188625249,False
2014-08-19 01:30:00,MT_196,11083.3333333333,-1.49620937140996,False,False,1.0289730055055655,False
2014-08-19 03:00:00,MT_196,9708.33333333333,-1.5766685481849505,False,False,0.9947002077323484,False
2014-08-19 06:30:00,MT_196,17666.6666666667,-0.6859452294456058,False,False,0.9685079687767371,False
2014-08-19 10:30:00,MT_196,23791.6666666667,-0.05848695037558455,False,False,1.1510859597366416,False
2014-08-19 15:45:00,MT_196,6416.66666666667,-1.6081898825970626,False,False,1.822419826331407,False
2014-08-19 19:30:00,MT_196,29250.0,0.38682728437100244,False,False,1.0850323154332617,False
2014-08-19 20:45:00,MT_196,28250.0,0.32032039496100256,False,False,1.008703789934534,False
2014-08-20 00:15:00,MT_196,14000.0,-0.7349274071718186,False,False,1.0257342971029206,False
2014-08-20 00:30:00,MT_196,11875.0,-0.8942234484882223,False,False,1.0324088614754874,False
2014-08-20 01:15:00,MT_196,11041.6666666667,-0.9559418954320194,False,False,1.3022232600356871,False
2014-08-20 04:30:00,MT_196,10041.6666666667,-1.0302334981023444,False,False,1.2656553222566114,False
2014-08-20 05:45:00,MT_196,17375.0,-0.48117434441575063,False,False,1.021093833392247,False
2014-08-20 11:45:00,MT_196,28875.0,0.39380103291738144,False,False,1.0111848917956061,False
2014-08-20 14:00:00,MT_196,32625.0,0.695256798090021,False,False,1.0137379881825703,False
2014-08-20 17:45:00,MT_196,34541.6666666667,1.3531135860624037,False,False,0.9964071004804694,False
2014-08-20 20:00:00,MT_196,27375.0,0.5373427187672485,False,False,1.0038109500650951,False
2014-08-20 20:30:00,MT_196,26125.0,0.3989884051326961,False,False,1.002239216642657,False
2014-08-20 21:45:00,MT_196,21833.3333333333,-0.0912498192402274,False,False,1.0337631567688856,False
2014-08-21 10:15:00,MT_196,21958.3333333333,-0.07901950736805177,False,False,1.0484407247338194,False
2014-08-21 12:00:00,MT_196,30916.6666666667,0.9731426211659254,False,False,1.0631414056822506,False
2014-08-21 15:45:00,MT_196,33125.0,1.2525542300665669,False,False,0.9904932116809089,False
2014-08-21 21:00:00,MT_196,24125.0,0.21159584419519262,False,False,1.0035468247467252,False
2014-08-21 22:00:00,MT_196,23250.0,0.1008698903426297,False,False,1.0312503511471622,False
2014-08-22 00:45:00,MT_196,12208.3333333333,-1.25274183479576,False,False,0.9846391670198529,False
2014-08-22 03:30:00,MT_196,10375.0,-1.4805860823425727,False,False,0.9935762654323937,False
2014-08-22 07:00:00,MT_196,18208.3333333333,-0.5209115837362543,False,False,0.9557488634332667,False
2014-08-22 13:15:00,MT_196,31083.3333333333,1.0683816217468345,False,False,0.999539010103332,False
2014-08-22 15:00:00,MT_196,33375.0,1.3449813257254133,False,False,0.9854112851065538,False
2014-08-22 16:00:00,MT_196,34583.3333333333,1.48578917860114,False,False,0.9755638345326578,False
2014-08-22 22:30:00,MT_196,19666.6666666667,-0.3491867920984818,False,False,1.0375559713640703,False
2014-08-23 14:15:00,MT_196,32250.0,1.0832162711573463,False,False,1.023189171704566,False
2014-08-23 14:30:00,MT_196,32833.3333333333,1.1512355401497623,False,False,1.002584861971966,False
2014-08-23 16:30:00,MT_196,35500.0,1.4334498074798279,False,False,1.0091172349086404,False
2014-08-23 18:30:00,MT_196,34333.3333333333,1.2623622590405676,False,False,1.0589633339013897,False
2014-08-24 02:45:00,MT_196,11083.3333333333,-1.38712159359029,False,False,1.0963018731069463,False
2014-08-24 10:15:00,MT_196,27791.6666666667,0.48750584854031487,False,False,1.0056555496406994,False
2014-08-24 13:00:00,MT_196,33416.6666666667,1.1001739867615439,False,False,1.0432810245363273,False
2014-08-24 14:15:00,MT_196,27625.0,0.46300037514966086,False,False,1.0327125432942343,False
2014-08-25 01:45:00,MT_196,10291.6666666667,-1.595550191205892,False,False,0.9754304318670469,False
2014-08-25 02:00:00,MT_196,10291.6666666667,-1.593500612958309,False,False,0.9828395824796132,False
2014-08-25 02:15:00,MT_196,11375.0,-1.4459631322599493,False,False,1.007185615623685,False
2014-08-25 05:30:00,MT_196,18708.3333333333,-0.4536100828418011,False,False,1.1570938951552106,False
2014-08-25 06:15:00,MT_196,18625.0,-0.46269213193792197,False,False,1.0647481359966182,False
2014-08-25 09:30:00,MT_196,23833.3333333333,0.23966151020978754,False,False,0.992263622348742,False
2014-08-25 10:30:00,MT_196,22333.3333333333,0.057922096890964274,False,False,1.0200248469184796,False
2014-08-25 12:00:00,MT_196,29333.3333333333,1.095295944958225,False,False,1.0337205593253402,False
2014-08-25 18:00:00,MT_196,35333.3333333333,1.513707301274461,False,False,0.9971846533109343,False
2014-08-25 20:30:00,MT_196,27041.6666666667,0.417080626483889,False,False,1.0074464271295016,False
2014-08-26 07:45:00,MT_196,19458.3333333333,-0.576183835974647,False,False,1.0091187008407798,False
2014-08-26 17:15:00,MT_196,34125.0,1.173706156585185,False,False,0.9773961722867479,False
2014-08-27 02:45:00,MT_196,11666.6666666667,-1.535871554371663,False,False,0.9906873928076223,False
2014-08-27 05:15:00,MT_196,13791.6666666667,-1.2148366008380396,False,False,1.0188498408254412,False
2014-08-27 05:30:00,MT_196,18041.6666666667,-0.6985143067624242,False,False,1.0693475613368653,False
2014-08-27 06:00:00,MT_196,15625.0,-0.984120401268527,False,False,0.9868295136310197,False
2014-08-27 06:45:00,MT_196,17625.0,-0.7446087916925143,False,False,0.9707804702924708,False
2014-08-27 07:00:00,MT_196,17541.6666666667,-0.7533870260209006,False,False,0.9708047693583668,False
2014-08-27 09:15:00,MT_196,24333.3333333333,0.05922104119246734,False,False,1.015152105815709,False
2014-08-27 11:15:00,MT_196,27000.0,0.37798971922438945,False,False,0.9913595145326409,False
2014-08-27 16:15:00,MT_196,37500.0,1.5041345290877297,False,False,0.9940175603787443,False
2014-08-27 18:15:00,MT_196,35375.0,1.208778515347628,False,False,1.0363099730315868,False
2014-08-27 21:15:00,MT_196,25500.0,0.12117661458630069,False,False,1.0038777076199292,False
2014-08-27 23:30:00,MT_196,19041.6666666667,-0.5819471346802233,False,False,1.0356807194827067,False
2014-08-28 00:30:00,MT_196,12500.0,-1.2899308362994732,False,False,1.001979423160227,False
2014-08-28 07:15:00,MT_196,17375.0,-0.7317693561195969,False,False,0.9801588668804472,False
2014-08-28 07:30:00,MT_196,19958.3333333333,-0.4562039089795105,False,False,1.071747410362634,False
2014-08-28 14:15:00,MT_196,30666.6666666667,0.7677446895382086,False,False,1.0657861283794436,False
2014-08-29 01:30:00,MT_196,10333.3333333333,-1.5576153447327314,False,False,0.9787101552537338,False
2014-08-29 02:30:00,MT_196,10666.6666666667,-1.516010020008448,False,False,0.9618024760226338,False
2014-08-29 03:15:00,MT_196,11375.0,-1.4283849951786387,False,False,1.0309226224403796,False
2014-08-29 03:30:00,MT_196,10458.3333333333,-1.5454245076345543,False,False,0.9889211482629601,False
2014-08-29 06:15:00,MT_196,18041.6666666667,-0.5680993815627754,False,False,0.9779901861982522,False
2014-08-29 10:30:00,MT_196,21000.0,-0.18221591616365707,False,False,1.1956800963967698,False
2014-08-29 14:45:00,MT_196,34791.6666666667,1.473325724166219,False,False,0.9991612406132847,False
2014-08-29 18:00:00,MT_196,35625.0,1.4599206919082943,False,False,1.0019225023442266,False
2014-08-29 19:30:00,MT_196,30666.6666666667,0.8365813793873413,False,False,1.0055965934161473,False
2014-08-29 22:00:00,MT_196,23625.0,0.022636623323898108,False,False,1.0478560533059251,False
2014-08-29 22:15:00,MT_196,21375.0,-0.22437499218813023,False,False,1.102424359116621,False
2014-08-30 02:15:00,MT_196,10625.0,-1.3805343306354014,False,False,1.030100632940082,False
2014-08-30 11:15:00,MT_196,31416.6666666667,0.8402032725107814,False,False,0.9938430202583094,False
2014-08-30 11:45:00,MT_196,33416.6666666667,1.0338906804031878,False,False,1.0143730051216362,False
2014-08-30 12:45:00,MT_196,33125.0,0.9811569394803717,False,False,1.0151116937252418,False
2014-08-30 21:15:00,MT_196,21708.3333333333,-0.222601957560855,False,False,1.155449550019812,False
2014-08-31 07:45:00,MT_196,17291.6666666667,-0.6733098024098044,False,False,1.0001017918597932,False
2014-08-31 11:15:00,MT_196,33916.6666666667,0.9771197082437546,False,False,1.055818875700183,False
2014-08-31 16:30:00,MT_196,31875.0,0.842257893921525,False,False,1.05799893580334,False
2014-08-31 20:00:00,MT_196,24166.6666666667,0.1304010667749449,False,False,1.1407500990806985,False
2014-08-31 22:15:00,MT_196,20875.0,-0.2406944438539199,False,False,0.9932643947576187,False
2014-09-01 00:00:00,MT_196,13416.6666666667,-1.0967853443135498,False,False,0.996151957110935,False
2014-09-01 04:15:00,MT_196,9625.0,-1.5391283084443457,False,False,0.9798525595584167,False
2014-09-01 07:45:00,MT_196,19916.6666666667,-0.36577174643773613,False,False,1.0185033729117479,False
2014-09-01 08:15:00,MT_196,21291.6666666667,-0.21076719489929785,False,False,1.032829152820124,False
2014-09-01 13:15:00,MT_196,37250.0,1.7676237559921824,False,False,1.0994853418045163,False
2014-09-01 16:30:00,MT_196,38583.3333333333,1.567019656314681,False,False,1.0104545755979282,False
2014-09-01 18:30:00,MT_196,38208.3333333333,1.387473766177517,False,False,1.0245081137179775,False
2014-09-01 19:00:00,MT_196,36250.0,1.1669480024550078,False,False,1.0577607636164874,False
2014-09-01 20:15:00,MT_196,32875.0,0.7862686139203537,False,False,1.0916928309979241,False
2014-09-01 22:45:00,MT_196,20875.0,-0.4241380539214897,False,False,1.0876039295303872,False
2014-09-01 23:15:00,MT_196,19958.3333333333,-0.5122511488148112,False,False,1.0856653103872524,False
2014-09-01 23:45:00,MT_196,14875.0,-0.9929562444820295,False,False,1.0240198878778672,False
2014-09-02 01:00:00,MT_196,11208.3333333333,-1.3456898818848502,False,False,0.9957359992034666,False
2014-09-02 05:15:00,MT_196,13708.3333333333,-1.1180849600652407,False,False,0.9892222056559029,False
2014-09-02 06:30:00,MT_196,19541.6666666667,-0.5743756573935329,False,False,1.01483193119204,False
2014-09-02 07:45:00,MT_196,20500.0,-0.4828676432972503,False,False,1.0383641753725894,False
2014-09-02 08:00:00,MT_196,20666.6666666667,-0.4676497331996427,False,False,1.0534852937454242,False
2014-09-02 09:45:00,MT_196,24541.6666666667,-0.10880040529927272,False,False,1.1005411565733334,False
2014-09-02 13:15:00,MT_196,37791.6666666667,1.1345799026512573,False,False,1.0843218272982813,False
2014-09-02 15:45:00,MT_196,38625.0,1.2233752778756442,False,False,1.0031633422907567,False
2014-09-02 17:30:00,MT_196,36916.6666666667,1.0683050873210538,False,False,0.9973169488839391,False
2014-09-02 21:15:00,MT_196,27083.3333333333,0.16926059342653185,False,False,1.0029024172707397,False
2014-09-03 02:00:00,MT_196,11083.3333333333,-1.3908297152846936,False,False,0.9868015000859559,False
2014-09-03 09:30:00,MT_196,21166.6666666667,-0.3711667003227853,False,False,1.1047238078500372,False
2014-09-03 11:45:00,MT_196,30541.6666666667,0.5917786678669519,False,False,1.0354741811330959,False
2014-09-03 14:30:00,MT_196,28541.6666666667,0.51038106231016,False,False,1.0728083250265126,False
2014-09-03 15:00:00,MT_196,24208.3333333333,0.07201980343965068,False,False,1.4160098590797792,False
2014-09-03 17:15:00,MT_196,24500.0,0.27789599889940103,False,False,1.2729502816653646,False
2014-09-03 18:30:00,MT_196,24916.6666666667,0.450334895328986,False,False,1.0220495901496198,False
2014-09-04 03:30:00,MT_196,9958.33333333333,-1.652443414103956,False,False,0.956167976517811,False
2014-09-04 04:15:00,MT_196,9541.66666666667,-1.7159548132698397,False,False,1.0139815413236775,False
2014-09-04 06:15:00,MT_196,18333.3333333333,-0.31204732652870254,False,False,1.03303489007992,False
2014-09-04 07:30:00,MT_196,16583.3333333333,-0.5844833224580378,False,False,0.975054371388404,False
2014-09-04 14:30:00,MT_196,24708.3333333333,1.0570704748506181,False,False,1.0109815397389903,False
2014-09-04 15:00:00,MT_196,25500.0,1.225852062427117,False,False,1.033321666204797,False
2014-09-04 22:45:00,MT_196,20000.0,0.11692452788123858,False,False,0.9681414270901799,False
2014-09-05 12:00:00,MT_196,24583.3333333333,0.9273316502789607,False,False,1.0120939115707561,False
2014-09-05 14:15:00,MT_196,26333.3333333333,1.1923735792348507,False,False,1.059400533794357,False
2014-09-05 16:15:00,MT_196,36916.6666666667,2.693466209007576,False,False,1.7638165447143823,False
2014-09-05 16:30:00,MT_196,35416.6666666667,2.3561553691979134,False,False,1.459425322817301,False
2014-09-06 01:15:00,MT_196,11458.3333333333,-1.2551277813125625,False,False,1.0081481727047708,False
2014-09-06 03:45:00,MT_196,10333.3333333333,-1.4026237001381305,False,False,1.0118800395690033,False
2014-09-06 08:45:00,MT_196,24583.3333333333,0.4333077238139545,False,False,0.9855332941009362,False
2014-09-06 16:30:00,MT_196,30500.0,1.1518989635630055,False,False,1.0543623944778286,False
2014-09-06 19:00:00,MT_196,29958.3333333333,1.1898037809379438,False,False,1.076859392066587,False
2014-09-06 20:00:00,MT_196,27041.6666666667,0.7512279957332764,False,False,0.9683096726512742,False
2014-09-06 20:30:00,MT_196,24000.0,0.3248902978675504,False,False,1.0272233752195097,False
2014-09-07 11:00:00,MT_196,24666.6666666667,0.41244150741907387,False,False,0.9893669223599109,False
2014-09-07 15:15:00,MT_196,23833.3333333333,0.36754614422246046,False,False,0.9935424188668613,False
2014-09-07 23:00:00,MT_196,18625.0,-0.25434536768753924,False,False,1.0062880776828291,False
2014-09-08 05:45:00,MT_196,16291.6666666667,-0.7057531657253782,False,False,0.9672220236976963,False
2014-09-08 10:00:00,MT_196,20708.3333333333,0.13856805399308192,False,False,1.0006095588821682,False
2014-09-08 10:15:00,MT_196,22250.0,0.42986189902293376,False,False,0.980078079981542,False
2014-09-08 13:00:00,MT_196,32500.0,2.3947663390265825,False,False,1.2759702296295963,False
2014-09-08 13:15:00,MT_196,33916.6666666667,2.597107041626904,False,False,1.3581854370055628,False
2014-09-08 18:45:00,MT_196,25458.3333333333,0.5275861854526506,False,False,1.0289832152733223,False
2014-09-08 19:45:00,MT_196,22250.0,0.09931371589033382,False,False,1.0993984647048076,False
2014-09-08 20:15:00,MT_196,21958.3333333333,0.061406136541518316,False,False,1.1066874570482619,False
2014-09-08 20:30:00,MT_196,22000.0,0.06780817868684995,False,False,1.1003488638661065,False
2014-09-08 21:15:00,MT_196,21291.6666666667,-0.025825236511391438,False,False,1.096012852638541,False
2014-09-09 03:00:00,MT_196,10250.0,-1.428551481476914,False,False,1.0269657285060874,False
2014-09-09 03:30:00,MT_196,10041.6666666667,-1.4486799579679963,False,False,1.0009253390820763,False
2014-09-09 06:15:00,MT_196,17958.3333333333,-0.42877247648430783,False,False,1.0037158402192465,False
2014-09-09 07:45:00,MT_196,17041.6666666667,-0.5457138241634483,False,False,1.000010404342389,False
2014-09-09 12:30:00,MT_196,28791.6666666667,0.9492140326282004,False,False,1.0073714587568425,False
2014-09-09 17:30:00,MT_196,35041.6666666667,1.6131672681640916,False,False,0.9933134077977948,False
2014-09-09 18:00:00,MT_196,33291.6666666667,1.3833361161603106,False,False,1.0080816744200494,False
2014-09-09 22:15:00,MT_196,20916.6666666667,-0.11195172342472147,False,False,1.0404118374133662,False
2014-09-09 22:45:00,MT_196,20625.0,-0.1485304014709276,False,False,0.9969115015840249,False
2014-09-10 03:15:00,MT_196,11791.6666666667,-1.2339600476721821,False,False,1.0768189400391595,False
2014-09-10 13:45:00,MT_196,22250.0,0.16624887926238616,False,False,1.1754384173692454,False
2014-09-10 18:00:00,MT_196,24208.3333333333,0.9939543436880844,False,False,0.9843879687735507,False
2014-09-10 20:15:00,MT_196,22708.3333333333,0.7689841508568448,False,False,0.9955508606802963,False
2014-09-11 03:30:00,MT_196,9458.33333333333,-1.8447225944017538,False,False,1.0081854258986376,False
2014-09-11 05:30:00,MT_196,17958.3333333333,-0.1384467680614047,False,False,1.2163860119100185,False
2014-09-11 07:45:00,MT_196,15000.0,-0.6871364399317463,False,False,1.0299902578260416,False
2014-09-11 11:15:00,MT_196,18875.0,0.08488541652648703,False,False,1.0658454147740453,False
2014-09-11 14:30:00,MT_196,23750.0,1.0366984698176502,False,False,0.9840759481977263,False
2014-09-11 15:00:00,MT_196,26291.6666666667,1.5226339689375237,False,False,1.1819949720958434,False
2014-09-11 18:15:00,MT_196,24541.6666666667,1.1480743742170596,False,False,1.0181469494912725,False
2014-09-11 19:30:00,MT_196,27500.0,1.5938347975465608,False,False,1.32865365639102,False
2014-09-12 01:15:00,MT_196,10958.3333333333,-1.3947295538242819,False,False,0.9771107758882827,False
2014-09-12 01:30:00,MT_196,10458.3333333333,-1.4910650443955624,False,False,0.9776338950610949,False
2014-09-12 08:15:00,MT_196,18666.6666666667,-0.08464721637751565,False,False,1.0250851841167923,False
2014-09-12 10:30:00,MT_196,23250.0,0.7488740277540329,False,False,1.0192381857579622,False
2014-09-12 13:30:00,MT_196,32625.0,2.1627245583214543,False,False,1.4113508981280167,False
2014-09-13 00:30:00,MT_196,11583.3333333333,-1.2826589446977712,False,False,1.0230148146960225,False
2014-09-13 01:15:00,MT_196,11125.0,-1.3374692614924293,False,False,0.9925662951583208,False
2014-09-13 02:30:00,MT_196,10000.0,-1.4801930268216617,False,False,0.9971727080438371,False
2014-09-13 12:30:00,MT_196,28875.0,0.8947235912362702,False,False,0.9906412823108383,False
2014-09-13 13:30:00,MT_196,31708.3333333333,1.2308700901236145,False,False,1.0230734654908982,False
2014-09-14 03:15:00,MT_196,11250.0,-1.3526265949329948,False,False,1.103696249886358,False
2014-09-14 06:00:00,MT_196,17166.6666666667,-0.610706335520579,False,False,0.9975809996698205,False
2014-09-14 06:45:00,MT_196,16416.6666666667,-0.7103105704104684,False,False,0.9563380142785901,False
2014-09-14 11:15:00,MT_196,23375.0,0.17890430229234885,False,False,1.1327465291054193,False
2014-09-14 12:00:00,MT_196,24041.6666666667,0.2755198860847483,False,False,1.0801486620814535,False
2014-09-14 13:00:00,MT_196,30625.0,1.1225020749568098,False,False,1.0652962610809336,False
2014-09-14 14:15:00,MT_196,24708.3333333333,0.4115875176482167,False,False,0.9986132731485122,False
2014-09-14 23:30:00,MT_196,18750.0,-0.22559486170514956,False,False,1.0324800565957837,False
2014-09-15 01:45:00,MT_196,13000.0,-1.2627921530761643,False,False,1.0295090510403273,False
2014-09-15 09:45:00,MT_196,19958.3333333333,-0.04014304125907794,False,False,1.0385545187910774,False
2014-09-15 14:45:00,MT_196,30000.0,1.9883572705483807,False,False,1.0729671282963498,False
2014-09-15 15:30:00,MT_196,31791.6666666667,2.1912538826294368,False,False,1.1442875735678057,False
2014-09-15 17:00:00,MT_196,26625.0,1.0997137869139015,False,False,1.00605231661055,False
2014-09-15 20:45:00,MT_196,22375.0,0.38370251824840945,False,False,0.9728530951396627,False
2014-09-16 02:15:00,MT_196,11375.0,-1.475532278742945,False,False,1.013787402832616,False
2014-09-16 08:30:00,MT_196,18541.6666666667,-0.20613803159544394,False,False,1.036372180224481,False
2014-09-16 09:00:00,MT_196,19666.6666666667,-0.024498108037471114,False,False,1.0609061278370484,False
2014-09-16 11:45:00,MT_196,21500.0,0.25965323688384917,False,False,1.0159223963541726,False
2014-09-16 13:15:00,MT_196,25458.3333333333,0.894993983738777,False,False,1.0035383017523405,False
2014-09-16 17:45:00,MT_196,25041.6666666667,1.1386022863452234,False,False,1.0012771576266561,False
2014-09-16 19:45:00,MT_196,21208.3333333333,0.426951300909442,False,False,0.9679597713785906,False
2014-09-17 03:45:00,MT_196,10291.6666666667,-1.696109255180453,False,False,0.9583569492512165,False
2014-09-17 11:30:00,MT_196,21208.3333333333,0.4665435362393264,False,False,0.972715834215934,False
2014-09-17 13:00:00,MT_196,29416.6666666667,2.0926588494195766,False,False,1.6583626701323266,False
2014-09-17 16:00:00,MT_196,26041.6666666667,1.2823789895867128,False,False,1.0267859590314816,False
2014-09-17 21:15:00,MT_196,21125.0,0.3465969458873478,False,False,0.9732173372248135,False
2014-09-18 02:45:00,MT_196,10666.6666666667,-1.558477429388403,False,False,0.9960386113063425,False
2014-09-18 09:30:00,MT_196,21500.0,0.4032566521726915,False,False,0.9585062511032624,False
2014-09-18 18:45:00,MT_196,20791.6666666667,0.5299679289065062,False,False,0.9924023794173562,False
2014-09-18 20:00:00,MT_196,20250.0,0.4234949481134755,False,False,0.9920562493941111,False
2014-09-19 00:30:00,MT_196,11125.0,-1.5844879072261042,False,False,1.0533478158340346,False
2014-09-19 01:45:00,MT_196,10291.6666666667,-1.7497473926852278,False,False,0.9985984245767128,False
2014-09-19 03:15:00,MT_196,11125.0,-1.5520525806815004,False,False,1.0018003873049666,False
2014-09-19 06:30:00,MT_196,19958.3333333333,0.4131532463371747,False,False,1.352602752672217,False
2014-09-19 06:45:00,MT_196,18708.3333333333,0.13230309804198145,False,False,1.1701124678012307,False
2014-09-19 14:00:00,MT_196,26666.6666666667,1.7285339303761815,False,False,1.1698673513717093,False
2014-09-20 03:45:00,MT_196,10416.6666666667,-1.6098273730339254,False,False,0.9773280842974575,False
2014-09-20 04:30:00,MT_196,9708.33333333333,-1.7381482263822994,False,False,1.0038849809258934,False
2014-09-20 08:00:00,MT_196,17166.6666666667,-0.44046687588715827,False,False,1.009344060412258,False
2014-09-20 15:45:00,MT_196,29291.6666666667,1.525408833834771,False,False,1.1553962092859709,False
2014-09-20 18:00:00,MT_196,28166.6666666667,1.256138451047419,False,False,1.055575093653305,False
2014-09-21 04:45:00,MT_196,9375.0,-1.704546517237999,False,False,1.0126412559321776,False
2014-09-21 05:00:00,MT_196,9458.33333333333,-1.6928917099238738,False,False,1.0317804261664791,False
2014-09-21 09:15:00,MT_196,21916.6666666667,0.283683628251599,False,False,0.9953011229427898,False
2014-09-21 13:45:00,MT_196,26958.3333333333,0.999010742299466,False,False,1.0932475316657788,False
2014-09-21 20:15:00,MT_196,22500.0,0.43167635084168243,False,False,0.9709809008033387,False
2014-09-22 00:15:00,MT_196,13541.6666666667,-1.0604582147156136,False,False,0.9873865642633295,False
2014-09-22 03:30:00,MT_196,12500.0,-1.3438186896696673,False,False,1.0793149284785712,False
2014-09-22 08:00:00,MT_196,16750.0,-0.6299381212667375,False,False,0.9946884421848011,False
2014-09-22 09:45:00,MT_196,20458.3333333333,0.06846607868269149,False,False,1.0071632402446622,False
2014-09-22 13:45:00,MT_196,21625.0,0.5165971534957546,False,False,0.9965798968603703,False
2014-09-22 17:45:00,MT_196,21583.3333333333,0.7050269358845632,False,False,1.0183633329675468,False
2014-09-22 20:30:00,MT_196,20916.6666666667,0.6417762045272275,False,False,0.9777089360223699,False
2014-09-23 01:15:00,MT_196,10875.0,-1.9600927094479925,False,False,1.087654967396369,False
2014-09-23 05:15:00,MT_196,12666.6666666667,-1.2227626832273473,False,False,1.0155157379466884,False
2014-09-23 07:00:00,MT_196,18291.6666666667,0.03259691726751983,False,False,1.134885974300681,False
2014-09-23 10:30:00,MT_196,19791.6666666667,0.39397761105554857,False,False,0.9732037850733272,False
2014-09-23 18:15:00,MT_196,22125.0,0.6779407017801364,False,False,1.0004439253120172,False
2014-09-23 18:30:00,MT_196,21291.6666666667,0.5130628445081491,False,False,1.0117886612163283,False
2014-09-23 23:00:00,MT_196,18458.3333333333,-0.043414536457484554,False,False,0.9870696662112225,False
2014-09-24 02:45:00,MT_196,10291.6666666667,-1.6005279801495373,False,False,0.9640010861153365,False
2014-09-24 08:45:00,MT_196,20125.0,0.30551172352958583,False,False,1.0021395772600918,False
2014-09-24 11:30:00,MT_196,20125.0,0.30500590447934667,False,False,0.9866396031942494,False
2014-09-24 13:45:00,MT_196,24583.3333333333,1.1364238084059348,False,False,1.0539636000117139,False
2014-09-24 21:30:00,MT_196,20791.6666666667,0.33246230719064435,False,False,0.9845878254972404,False
2014-09-24 23:45:00,MT_196,14250.0,-0.8045473091122428,False,False,1.0275068002340897,False
2014-09-25 05:00:00,MT_196,9166.66666666667,-1.6995360484553714,False,False,1.1466126270512644,False
2014-09-25 07:15:00,MT_196,15791.6666666667,-0.5502318722225431,False,False,0.9725835009144763,False
2014-09-25 12:45:00,MT_196,23000.0,0.6728108564837851,False,False,0.9745342022514958,False
2014-09-25 14:30:00,MT_196,23125.0,0.7306840530984731,False,False,0.967763509805174,False
2014-09-25 18:30:00,MT_196,23500.0,1.046172879306224,False,False,1.0004950188005906,False
2014-09-25 19:45:00,MT_196,21875.0,0.6773265746222004,False,False,0.9857834629793493,False
2014-09-26 03:30:00,MT_196,9375.0,-1.804466435745204,False,False,1.0001333743941787,False
2014-09-26 06:00:00,MT_196,14000.0,-0.8843874623122822,False,False,1.000728946609762,False
2014-09-26 11:30:00,MT_196,20375.0,0.36861497298698254,False,False,0.9838380459544287,False
2014-09-26 17:15:00,MT_196,29708.3333333333,1.5288693311026105,False,False,1.054813946535587,False
2014-09-26 18:00:00,MT_196,30625.0,1.5844987609915293,False,False,1.091345512187689,False
2014-09-26 23:15:00,MT_196,19041.6666666667,-0.13315607495944048,False,False,1.0087832334515008,False
2014-09-27 00:45:00,MT_196,10000.0,-1.4443882682008293,False,False,1.0103391997751234,False
2014-09-27 01:15:00,MT_196,10791.6666666667,-1.3328876076883271,False,False,0.9950118075046545,False
2014-09-27 02:15:00,MT_196,10583.3333333333,-1.3744578661973494,False,False,1.0301003099494124,False
2014-09-27 02:45:00,MT_196,11000.0,-1.3174799116242204,False,False,1.0962711995124992,False
2014-09-27 05:30:00,MT_196,20875.0,0.1152594606192024,False,False,1.707019007418966,False
2014-09-27 15:00:00,MT_196,29125.0,1.220023011688481,False,False,1.031656308186971,False
2014-09-27 15:30:00,MT_196,30458.3333333333,1.419838587523024,False,False,1.051208148908332,False
2014-09-27 17:15:00,MT_196,25291.6666666667,0.7358748365351665,False,False,0.9958518635214142,False
2014-09-27 18:30:00,MT_196,24583.3333333333,0.685586458785965,False,False,0.9748344714478545,False
2014-09-27 20:15:00,MT_196,21791.6666666667,0.24818501895614908,False,False,0.98682780890411,False
2014-09-27 21:00:00,MT_196,21000.0,0.126785804462519,False,False,0.99961970962423,False
2014-09-27 22:30:00,MT_196,19708.3333333333,-0.06610577791175988,False,False,0.9719705168543533,False
2014-09-27 22:45:00,MT_196,19333.3333333333,-0.1256321815048395,False,False,0.9984615200694184,False
2014-09-28 04:30:00,MT_196,9791.66666666667,-1.6126480468868183,False,False,0.9862363378282731,False
2014-09-28 05:00:00,MT_196,9583.33333333333,-1.644674730860939,False,False,1.0220602295626233,False
2014-09-28 06:45:00,MT_196,17166.6666666667,-0.4546471129101647,False,False,0.9674615835509276,False
2014-09-28 07:45:00,MT_196,17208.3333333333,-0.456450539979866,False,False,0.9720313606120675,False
2014-09-28 14:30:00,MT_196,22208.3333333333,0.42326647300882125,False,False,0.9840878002636481,False
2014-09-28 17:15:00,MT_196,23791.6666666667,0.855824672363954,False,False,0.9967843012007803,False
2014-09-29 10:45:00,MT_196,19541.6666666667,0.07910725154470181,False,False,1.0036013830710073,False
2014-09-29 13:45:00,MT_196,29416.6666666667,2.321512244707832,False,False,1.2698140201492898,False
2014-09-29 14:30:00,MT_196,28541.6666666667,1.9503007186414056,False,False,1.1175909378766,False
2014-09-29 16:30:00,MT_196,28208.3333333333,1.5995368777838532,False,False,1.0766241761303217,False
2014-09-29 18:00:00,MT_196,26875.0,1.2377333884582538,False,False,0.9944329703392193,False
2014-09-29 19:00:00,MT_196,23791.6666666667,0.6856816324584224,False,False,0.9852064692737414,False
2014-09-29 23:30:00,MT_196,18250.0,-0.28384869276479835,False,False,1.0270242923129949,False
2014-09-30 00:45:00,MT_196,9875.0,-1.7511936267691979,False,False,1.0535645939030551,False
2014-09-30 03:00:00,MT_196,10166.6666666667,-1.571852579053401,False,False,0.9941344217907079,False
2014-09-30 03:15:00,MT_196,11000.0,-1.4230063641061783,False,False,1.0052282539925521,False
2014-09-30 04:00:00,MT_196,9750.0,-1.5942169513891868,False,False,0.967498708658031,False
2014-09-30 11:45:00,MT_196,19708.3333333333,0.050355805291516995,False,False,1.1175289024608426,False
2014-09-30 16:00:00,MT_196,30625.0,1.6912417534787054,False,False,1.0655741830215846,False
2014-09-30 16:45:00,MT_196,29000.0,1.430126762981079,False,False,1.025861214086126,False
2014-09-30 19:15:00,MT_196,20791.6666666667,0.17179103287825492,False,False,1.0579010821186652,False
2014-10-01 02:15:00,MT_196,10958.3333333333,-1.2842359406183703,False,False,1.0398792220782187,False
2014-10-01 02:30:00,MT_196,10875.0,-1.2987654978959908,False,False,1.0468229747328064,False
2014-10-01 04:45:00,MT_196,9375.0,-1.5484385519123713,False,False,0.9857152897476958,False
2014-10-01 12:45:00,MT_196,27875.0,1.2322103170380072,False,False,1.11099246852865,False
2014-10-01 15:30:00,MT_196,31791.6666666667,1.7677478249120577,False,False,1.1086629967803767,False
2014-10-01 17:15:00,MT_196,30208.3333333333,1.4878311543561233,False,False,1.017912550335638,False
2014-10-01 20:00:00,MT_196,21208.3333333333,0.16771298448419922,False,False,1.0552837855941217,False
2014-10-02 02:00:00,MT_196,10000.0,-1.4577618521316926,False,False,1.0367759188070835,False
2014-10-02 02:30:00,MT_196,10000.0,-1.4566758000271975,False,False,1.0300514122490168,False
2014-10-02 05:00:00,MT_196,9583.33333333333,-1.5128059786827563,False,False,1.1050581589422674,False
2014-10-02 05:15:00,MT_196,16125.0,-0.564977106106391,False,False,1.0694781933978426,False
2014-10-02 06:45:00,MT_196,15000.0,-0.7305459631821554,False,False,0.9665315277173229,False
2014-10-02 09:15:00,MT_196,20333.3333333333,0.04759262402484972,False,False,1.0074179189515167,False
2014-10-02 09:30:00,MT_196,22083.3333333333,0.30014106961706605,False,False,0.9656105151328442,False
2014-10-02 13:30:00,MT_196,24000.0,0.6128993600849555,False,False,0.9937722781272252,False
2014-10-02 23:45:00,MT_196,15000.0,-0.7501499269360186,False,False,1.0667109731249893,False
2014-10-03 02:30:00,MT_196,11083.3333333333,-1.5133307137551824,False,False,0.9695490640842158,False
2014-10-03 05:15:00,MT_196,15958.3333333333,-0.6228824078223916,False,False,1.0306884818981463,False
2014-10-03 08:15:00,MT_196,17958.3333333333,-0.2536928046109212,False,False,1.0344058520195316,False
2014-10-03 09:45:00,MT_196,20083.3333333333,0.1577502981486944,False,False,1.0139065934066878,False
2014-10-03 11:30:00,MT_196,21791.6666666667,0.47934726251584325,False,False,0.9730397954526099,False
2014-10-03 18:00:00,MT_196,26875.0,0.8333265319720603,False,False,1.042504122913538,False
2014-10-03 22:30:00,MT_196,20208.3333333333,-0.1075809175366323,False,False,0.9899536178259876,False
2014-10-04 03:45:00,MT_196,10208.3333333333,-1.419391542262327,False,False,1.0037745016169397,False
2014-10-04 04:00:00,MT_196,10000.0,-1.445325750171754,False,False,1.0110858231578184,False
2014-10-04 13:45:00,MT_196,27375.0,0.8831221004113246,False,False,0.9973832976649726,False
2014-10-04 18:00:00,MT_196,24041.6666666667,0.6120898319788661,False,False,0.9940264221957155,False
2014-10-04 20:00:00,MT_196,22500.0,0.4037591262522508,False,False,0.9894725170710521,False
2014-10-04 22:30:00,MT_196,19500.0,-0.056554358226519184,False,False,0.9762958532144984,False
2014-10-04 23:45:00,MT_196,14000.0,-0.9250553679112686,False,False,0.9946662096060641,False
2014-10-05 01:30:00,MT_196,10541.6666666667,-1.4632760721250304,False,False,0.9831829978413028,False
2014-10-05 01:45:00,MT_196,10083.3333333333,-1.5378593031766503,False,False,0.9772102022382285,False
2014-10-05 02:00:00,MT_196,9625.0,-1.6079116789067416,False,False,0.9611615732445153,False
2014-10-05 09:30:00,MT_196,20000.0,0.030264610968399143,False,False,1.0424465310414976,False
2014-10-05 09:45:00,MT_196,21041.6666666667,0.1983308439885051,False,False,0.9946250636015527,False
2014-10-05 10:00:00,MT_196,22208.3333333333,0.383016402398621,False,False,0.9673263383514424,False
2014-10-05 11:30:00,MT_196,21708.3333333333,0.29553616108888703,False,False,1.0642334736590007,False
2014-10-05 11:45:00,MT_196,24375.0,0.7193364271036599,False,False,0.9716714979421182,False
2014-10-05 20:15:00,MT_196,22125.0,0.6333517506247586,False,False,0.9765111412880523,False
2014-10-05 20:30:00,MT_196,21333.3333333333,0.48036501611803656,False,False,0.9639564281376239,False
2014-10-05 22:30:00,MT_196,18041.6666666667,-0.1505223841071724,False,False,1.0138425383277951,False
2014-10-06 00:00:00,MT_196,14208.3333333333,-0.8799272990557425,False,False,1.018157610161575,False
2014-10-06 02:30:00,MT_196,14666.6666666667,-0.9487405406618096,False,False,1.3686939853176239,False
2014-10-06 05:00:00,MT_196,12833.3333333333,-1.6752583811556219,False,False,1.1795137752930125,False
2014-10-06 13:15:00,MT_196,20875.0,0.514799166846271,False,False,0.9954954298813665,False
2014-10-06 22:45:00,MT_196,19416.6666666667,0.22859317662336082,False,False,0.9668617200415526,False
2014-10-07 04:45:00,MT_196,9500.0,-1.96988220159641,False,False,1.0596399180457208,False
2014-10-07 05:00:00,MT_196,9333.33333333333,-1.974467187299908,False,False,1.122787895215313,False
2014-10-07 09:00:00,MT_196,21166.6666666667,0.723795274157732,False,False,1.0294391115139134,False
2014-10-07 09:30:00,MT_196,19833.3333333333,0.4161980379538005,False,False,0.9728935216620367,False
2014-10-07 09:45:00,MT_196,20083.3333333333,0.46831576487348386,False,False,0.9624648719692143,False
2014-10-07 10:45:00,MT_196,19500.0,0.33520507870236876,False,False,0.9825125912791924,False
2014-10-07 12:15:00,MT_196,21375.0,0.7465897204304638,False,False,0.9731727435264359,False
2014-10-07 13:30:00,MT_196,24416.6666666667,1.3907413732380682,False,False,1.117559596881698,False
2014-10-07 14:00:00,MT_196,24125.0,1.301801528612567,False,False,1.0524548694069935,False
2014-10-07 16:45:00,MT_196,23833.3333333333,1.1290296385690584,False,False,0.9643868706583155,False
2014-10-07 19:45:00,MT_196,21958.3333333333,0.7443100190020565,False,False,0.9927651977677489,False
2014-10-08 06:15:00,MT_196,17833.3333333333,-0.12625425877222415,False,False,1.069872615724017,False
2014-10-08 08:30:00,MT_196,18500.0,0.001690217713740428,False,False,1.0477559296263936,False
2014-10-08 13:30:00,MT_196,23000.0,0.916872609239129,False,False,0.9767188617218009,False
2014-10-08 14:15:00,MT_196,22916.6666666667,0.9198978728052429,False,False,0.9931069435765969,False
2014-10-08 16:30:00,MT_196,23291.6666666667,1.0866717311227325,False,False,1.002923521767439,False
2014-10-08 18:45:00,MT_196,21291.6666666667,0.6696866230113548,False,False,0.9771911439095244,False
2014-10-08 19:30:00,MT_196,19833.3333333333,0.35151598380847515,False,False,1.0144393005908081,False
2014-10-08 22:00:00,MT_196,20958.3333333333,0.6077430143691532,False,False,1.0077690646649622,False
2014-10-09 00:45:00,MT_196,10083.3333333333,-1.7938065367490947,False,False,1.0106625038067,False
2014-10-09 05:15:00,MT_196,15208.3333333333,-0.6588527004979006,False,False,1.0534220214498142,False
2014-10-09 07:30:00,MT_196,16291.6666666667,-0.4134856592219484,False,False,0.9946192145995338,False
2014-10-09 08:15:00,MT_196,17125.0,-0.22737751847812868,False,False,1.132019513381827,False
2014-10-09 10:00:00,MT_196,20083.3333333333,0.44612005845847896,False,False,0.9678697177163773,False
2014-10-09 12:45:00,MT_196,21291.6666666667,0.713856191674772,False,False,0.989592767237786,False
2014-10-09 15:00:00,MT_196,25500.0,1.5312314239603064,False,False,1.193310785640976,False
2014-10-09 16:30:00,MT_196,25083.3333333333,1.3798065959296992,False,False,1.0929379975472715,False
2014-10-09 18:00:00,MT_196,21625.0,0.6464070381522964,False,False,1.0027046306738865,False
2014-10-09 19:45:00,MT_196,20416.6666666667,0.3919345616198327,False,False,1.0054190789750983,False
2014-10-09 22:45:00,MT_196,19208.3333333333,0.17151744138559763,False,False,0.96632885521652,False
2014-10-10 00:15:00,MT_196,13541.6666666667,-0.9752011958814264,False,False,1.0422168603596906,False
2014-10-10 01:00:00,MT_196,12333.3333333333,-1.233606484119914,False,False,0.976048496705792,False
2014-10-10 02:15:00,MT_196,12500.0,-1.250999418187707,False,False,1.1021679264748967,False
2014-10-10 14:00:00,MT_196,25958.3333333333,1.6436540087569906,False,False,1.1753753308249923,False
2014-10-10 16:45:00,MT_196,24875.0,1.3241286312635434,False,False,1.0492828248031612,False
2014-10-10 21:30:00,MT_196,20250.0,0.28151040685814577,False,False,0.9883742808035711,False
2014-10-10 22:30:00,MT_196,18291.6666666667,-0.12863889915147475,False,False,0.9952094712333419,False
2014-10-10 23:00:00,MT_196,19291.6666666667,0.07880330008715916,False,False,0.9910058425547971,False
2014-10-11 02:30:00,MT_196,9625.0,-1.7977565724655789,False,False,0.983397020934086,False
2014-10-11 09:15:00,MT_196,20583.3333333333,0.3712083993054108,False,False,0.9978424136408849,False
2014-10-11 09:45:00,MT_196,21000.0,0.44908452563095375,False,False,0.9978833166644661,False
2014-10-11 18:30:00,MT_196,22833.3333333333,0.6517158248905572,False,False,0.9836714301354064,False
2014-10-12 00:30:00,MT_196,12125.0,-1.2502901880715864,False,False,1.0009231017782094,False
2014-10-12 16:15:00,MT_196,22833.3333333333,0.8489179350888771,False,False,0.9959970359874508,False
2014-10-12 17:30:00,MT_196,21625.0,0.6582009232766527,False,False,0.991536269606347,False
2014-10-12 22:15:00,MT_196,19125.0,0.1691579419525181,False,False,1.0204827330341846,False
2014-10-12 22:45:00,MT_196,17166.6666666667,-0.24225401499123084,False,False,1.0224097714944456,False
2014-10-13 00:15:00,MT_196,12458.3333333333,-1.2149570620567898,False,False,0.9959032189744637,False
2014-10-13 01:00:00,MT_196,11791.6666666667,-1.3651236738632535,False,False,0.9830003718976562,False
2014-10-13 06:00:00,MT_196,15125.0,-0.8165539417231645,False,False,0.9621273704907728,False
2014-10-13 08:15:00,MT_196,16166.6666666667,-0.5550507799283265,False,False,1.011088346671169,False
2014-10-13 12:00:00,MT_196,19541.6666666667,0.3425122465572203,False,False,1.008001984125349,False
2014-10-13 15:00:00,MT_196,23083.3333333333,1.3050388924565202,False,False,1.0674812578685455,False
2014-10-13 22:30:00,MT_196,20000.0,0.6355097932674866,False,False,1.0108230500100766,False
2014-10-13 22:45:00,MT_196,19541.6666666667,0.5011915642651105,False,False,0.9935358510419456,False
2014-10-14 01:45:00,MT_196,10250.0,-1.9492672773810718,False,False,1.033677066576896,False
2014-10-14 02:00:00,MT_196,10333.3333333333,-1.9058801114961956,False,False,0.992604735181669,False
2014-10-14 06:45:00,MT_196,15000.0,-0.5285063546675107,False,False,0.9749990059660907,False
2014-10-14 21:00:00,MT_196,19583.3333333333,0.5412205345955915,False,False,0.9798038709524722,False
2014-10-14 22:45:00,MT_196,18833.3333333333,0.3702772766310344,False,False,0.9890396504544372,False
2014-10-15 08:15:00,MT_196,16333.3333333333,-0.2730891630226497,False,False,1.0482807366123283,False
2014-10-15 13:15:00,MT_196,20916.6666666667,0.843676516263427,False,False,0.9686812268315902,False
2014-10-15 15:45:00,MT_196,23000.0,1.3556596265172824,False,False,1.1318037481677656,False
2014-10-15 16:30:00,MT_196,22541.6666666667,1.2253611775477447,False,False,1.029309281345978,False
2014-10-15 20:15:00,MT_196,20625.0,0.6614389737211924,False,False,0.9765227938937177,False
2014-10-16 11:45:00,MT_196,20333.3333333333,0.5322966264169725,False,False,0.9743961039408892,False
2014-10-16 17:00:00,MT_196,23916.6666666667,1.1557307158119854,False,False,1.017499150769911,False
2014-10-17 00:30:00,MT_196,12000.0,-1.3752725705632407,False,False,0.986170103842156,False
2014-10-17 00:45:00,MT_196,10250.0,-1.7383825449120527,False,False,1.0965484273482156,False
2014-10-17 01:15:00,MT_196,11541.6666666667,-1.4674290176025029,False,False,0.9893754469203896,False
2014-10-17 02:45:00,MT_196,10458.3333333333,-1.709454786061211,False,False,0.9685549444951572,False
2014-10-17 22:30:00,MT_196,20083.3333333333,0.28311542298972486,False,False,0.9861102249173405,False
2014-10-18 00:15:00,MT_196,14208.3333333333,-0.9979263449628286,False,False,0.996148671217459,False
2014-10-18 02:30:00,MT_196,10458.3333333333,-1.8254610422018496,False,False,0.9823555603972423,False
2014-10-18 03:00:00,MT_196,10375.0,-1.8375388534469912,False,False,0.9815717103966737,False
2014-10-18 05:00:00,MT_196,10125.0,-1.8362247452014597,False,False,1.0938857157843744,False
2014-10-18 13:30:00,MT_196,25250.0,1.3278048869691508,False,False,1.1335003821962029,False
2014-10-18 14:45:00,MT_196,26291.6666666667,1.442447505050671,False,False,1.1149136369092625,False
2014-10-18 15:00:00,MT_196,25958.3333333333,1.3618202728283773,False,False,1.065675738024197,False
2014-10-18 17:45:00,MT_196,25416.6666666667,1.0734396215208364,False,False,0.983670809072438,False
2014-10-19 01:15:00,MT_196,11916.6666666667,-1.4072899905966476,False,False,1.0040674327424812,False
2014-10-19 01:45:00,MT_196,11125.0,-1.560100583406061,False,False,0.981068459240953,False
2014-10-19 14:00:00,MT_196,25375.0,1.0338130492283353,False,False,1.1543323374390209,False
2014-10-19 15:30:00,MT_196,26833.3333333333,1.312131704186787,False,False,1.296420555081798,False
2014-10-19 17:00:00,MT_196,26916.6666666667,1.345090263407201,False,False,1.2429989969558621,False
2014-10-19 19:30:00,MT_196,23000.0,0.5863635320013696,False,False,0.9838497923581069,False
2014-10-19 20:30:00,MT_196,22666.6666666667,0.5254469952428173,False,False,0.978181135854633,False
2014-10-19 20:45:00,MT_196,22500.0,0.4945508539457427,False,False,0.9818896225691834,False
2014-10-20 00:15:00,MT_196,15500.0,-0.7856958018575234,False,False,1.058525698297166,False
2014-10-20 02:00:00,MT_196,14416.6666666667,-1.074904806131962,False,False,1.1528395524542097,False
2014-10-20 09:00:00,MT_196,19500.0,-0.2164519378276413,False,False,1.0229929612253077,False
2014-10-20 13:15:00,MT_196,23083.3333333333,0.6158585257482921,False,False,0.9734336097725063,False
2014-10-20 16:15:00,MT_196,25125.0,1.160419794024146,False,False,1.0288199925236876,False
2014-10-20 17:00:00,MT_196,23791.6666666667,0.8748500306481742,False,False,0.991715452535681,False
2014-10-20 18:45:00,MT_196,22500.0,0.5981351226691751,False,False,0.9870405438474235,False
2014-10-20 21:00:00,MT_196,22000.0,0.5050652371258794,False,False,0.9611844204555615,False
2014-10-20 21:45:00,MT_196,21166.6666666667,0.30130027517470004,False,False,0.9712089079533935,False
2014-10-21 04:15:00,MT_196,9750.0,-1.8611375000089652,False,False,1.0048571300485452,False
2014-10-21 10:15:00,MT_196,20083.3333333333,0.18825337312767518,False,False,0.9760321081661866,False
2014-10-21 14:15:00,MT_196,30458.3333333333,1.9473831212774435,False,False,1.206654725336526,False
2014-10-21 15:45:00,MT_196,30166.6666666667,1.6565842093951286,False,False,1.0500793347665334,False
2014-10-21 18:00:00,MT_196,29583.3333333333,1.3354684700492705,False,False,1.0506374065740458,False
2014-10-21 19:15:00,MT_196,23333.3333333333,0.43769561850164224,False,False,1.0166274973811482,False
2014-10-21 23:30:00,MT_196,19666.6666666667,-0.09849313950207665,False,False,0.9941943753830293,False
2014-10-22 01:30:00,MT_196,10708.3333333333,-1.4224215689709987,False,False,0.9662384123150632,False
2014-10-22 03:45:00,MT_196,10583.3333333333,-1.4556139069694072,False,False,1.0019929285204385,False
2014-10-22 11:00:00,MT_196,20166.6666666667,-0.026759248396558213,False,False,1.0388832094645555,False
2014-10-22 14:45:00,MT_196,28625.0,1.2941393338714786,False,False,1.0112371143071848,False
2014-10-22 16:30:00,MT_196,29666.6666666667,1.4725090815834836,False,False,1.0113424568211533,False
2014-10-22 18:30:00,MT_196,22750.0,0.4391822617287037,False,False,1.0338592570326492,False
2014-10-23 02:30:00,MT_196,9958.33333333333,-1.5172490944690367,False,False,1.0076548579567857,False
2014-10-23 08:15:00,MT_196,16000.0,-0.5782050954631023,False,False,1.1088242105547879,False
2014-10-23 08:45:00,MT_196,19291.6666666667,-0.06945652968197032,False,False,1.0267008822015142,False
2014-10-23 09:30:00,MT_196,18583.3333333333,-0.17957968683191788,False,False,1.060170339374771,False
2014-10-23 11:45:00,MT_196,20833.3333333333,0.1628681172597842,False,False,1.0329840679189277,False
2014-10-23 14:00:00,MT_196,26166.6666666667,1.0152717735199788,False,False,1.0374485770239987,False
2014-10-23 15:30:00,MT_196,27750.0,1.3153971002021465,False,False,1.0995045914552726,False
2014-10-23 18:15:00,MT_196,24125.0,0.8028862521188584,False,False,0.9915771988765598,False
2014-10-23 18:45:00,MT_196,22416.6666666667,0.518816787173612,False,False,0.9931982017512441,False
2014-10-23 21:00:00,MT_196,22000.0,0.4328738851672067,False,False,0.9868779633556538,False
2014-10-23 22:00:00,MT_196,21291.6666666667,0.3076120963247533,False,False,0.9743888207312754,False
2014-10-23 23:00:00,MT_196,19958.3333333333,0.0762651097153316,False,False,0.9721064926532079,False
2014-10-24 00:00:00,MT_196,14291.6666666667,-0.883066539726057,False,False,1.042281539568781,False
2014-10-24 05:15:00,MT_196,16125.0,-0.5838132909418623,False,False,1.036408986844501,False
2014-10-24 14:15:00,MT_196,30375.0,1.766782681069132,False,False,1.1007110860955238,False
2014-10-24 16:30:00,MT_196,30916.6666666667,1.7069821436236856,False,False,1.0332994506631843,False
2014-10-24 19:15:00,MT_196,24208.3333333333,0.5922565405253688,False,False,0.9967368843207156,False
2014-10-24 20:00:00,MT_196,22583.3333333333,0.343879706815714,False,False,1.028810610251534,False
2014-10-25 04:15:00,MT_196,10083.3333333333,-1.5623593590357443,False,False,0.965086993626509,False
2014-10-25 05:15:00,MT_196,16791.6666666667,-0.5385170943545939,False,False,1.0812002960411837,False
2014-10-25 10:00:00,MT_196,19916.6666666667,-0.07197509361873967,False,False,1.1753439568885664,False
2014-10-25 11:15:00,MT_196,22125.0,0.265798685137591,False,False,1.110616789151116,False
2014-10-26 03:30:00,MT_196,10708.3333333333,-1.5370689607223336,False,False,0.9995490009026003,False
2014-10-26 04:15:00,MT_196,13666.6666666667,-1.0980630589024873,False,False,1.1087915774095343,False
2014-10-26 04:45:00,MT_196,10666.6666666667,-1.5805563801161024,False,False,1.0096552215421541,False
2014-10-26 06:30:00,MT_196,17291.6666666667,-0.5625891834291621,False,False,0.969773808045105,False
2014-10-26 11:15:00,MT_196,22333.3333333333,0.18108281550742125,False,False,1.11108402704441,False
2014-10-26 16:15:00,MT_196,27541.6666666667,1.1552256702665284,False,False,1.0944193865026044,False
2014-10-26 21:30:00,MT_196,19000.0,-0.15522412400980615,False,False,1.0211469253209258,False
2014-10-27 01:00:00,MT_196,9541.66666666667,-1.8656433967278327,False,False,1.1314001793239845,False
2014-10-27 02:00:00,MT_196,9333.33333333333,-1.7116602167952704,False,False,1.0030475248836714,False
2014-10-27 02:45:00,MT_196,10166.6666666667,-1.5624501844801377,False,False,0.9837643430316831,False
2014-10-27 03:15:00,MT_196,10708.3333333333,-1.4679367371141117,False,False,0.9986692294104259,False
2014-10-27 04:00:00,MT_196,9500.0,-1.673129285393247,False,False,0.981864483587221,False
2014-10-27 04:45:00,MT_196,11041.6666666667,-1.3961524986332825,False,False,1.0270060354571795,False
2014-10-27 16:45:00,MT_196,23916.6666666667,0.9078246907283163,False,False,1.0057060498436077,False
2014-10-27 18:00:00,MT_196,23708.3333333333,0.8979753673507651,False,False,0.9649313014852718,False
2014-10-27 22:00:00,MT_196,20166.6666666667,0.2798292250881926,False,False,0.9687843729838979,False
2014-10-28 02:15:00,MT_196,13416.6666666667,-1.0628591383558785,False,False,1.1598209138660818,False
2014-10-28 05:15:00,MT_196,12750.0,-1.2629593649949917,False,False,1.0176534051310433,False
2014-10-28 08:15:00,MT_196,16875.0,-0.47066346779508833,False,False,1.034709692494226,False
2014-10-28 09:30:00,MT_196,19250.0,0.003949986702150597,False,False,1.0329949391462043,False
2014-10-28 09:45:00,MT_196,19916.6666666667,0.14265135811240978,False,False,0.9944003655217608,False
2014-10-28 10:00:00,MT_196,19500.0,0.05876886161732412,False,False,1.0138513186270497,False
2014-10-28 11:30:00,MT_196,21083.3333333333,0.4067498899486616,False,False,0.9795685667444778,False
2014-10-28 19:30:00,MT_196,20625.0,0.4632930692960424,False,False,0.9736497420641576,False
2014-10-28 19:45:00,MT_196,20958.3333333333,0.5426700946657432,False,False,0.9627114800060249,False
2014-10-28 20:15:00,MT_196,20333.3333333333,0.4027772637198519,False,False,0.9695860629053423,False
2014-10-28 22:15:00,MT_196,19083.3333333333,0.11931337984312364,False,False,0.9790578383536669,False
2014-10-28 23:45:00,MT_196,14875.0,-0.8542012287768517,False,False,1.0231396524224725,False
2014-10-29 00:00:00,MT_196,13208.3333333333,-1.2402997456626916,False,False,1.0090567281327119,False
2014-10-29 02:45:00,MT_196,11458.3333333333,-1.631638358524086,False,False,0.9812719122366987,False
2014-10-29 03:45:00,MT_196,10333.3333333333,-1.8971103265101283,False,False,0.9832840171864232,False
2014-10-29 07:30:00,MT_196,17083.3333333333,-0.35055055388368467,False,False,0.9690009082061654,False
2014-10-29 09:45:00,MT_196,22041.6666666667,0.7959683952573213,False,False,0.9976089052091122,False
2014-10-29 18:30:00,MT_196,21750.0,0.4296131536874812,False,False,1.037851006685949,False
2014-10-29 22:00:00,MT_196,20708.3333333333,0.21470379436367373,False,False,0.9753129983194142,False
2014-10-30 09:30:00,MT_196,19416.6666666667,0.05327215817523836,False,False,1.0077578870541275,False
2014-10-30 11:15:00,MT_196,23291.6666666667,0.7035838879486801,False,False,1.0008134695836342,False
2014-10-30 12:30:00,MT_196,22666.6666666667,0.5961470250245805,False,False,0.9730824035571428,False
2014-10-30 17:00:00,MT_196,21750.0,0.6775287734496216,False,False,0.9865500900777716,False
2014-10-30 17:15:00,MT_196,22041.6666666667,0.7494330055647105,False,False,0.9774831234260641,False
2014-10-30 18:00:00,MT_196,22000.0,0.7520573701696404,False,False,0.9908808726946595,False
2014-10-30 19:45:00,MT_196,21375.0,0.6129136908115144,False,False,0.9874512592859267,False
2014-10-30 21:00:00,MT_196,20916.6666666667,0.5205964158134,False,False,0.9981046016092171,False
2014-10-31 01:15:00,MT_196,12250.0,-1.2592531731594747,False,False,0.9773106957167854,False
2014-10-31 07:30:00,MT_196,16125.0,-0.5336334818887101,False,False,1.0062114477673465,False
2014-10-31 10:00:00,MT_196,20708.3333333333,0.4562468232258247,False,False,0.9704425743729751,False
2014-10-31 12:15:00,MT_196,23291.6666666667,1.0326507766182305,False,False,1.0379757457377687,False
2014-10-31 13:15:00,MT_196,23083.3333333333,0.9920430493717023,False,False,1.0198683511350648,False
2014-10-31 16:45:00,MT_196,22791.6666666667,0.970911537176298,False,False,0.9725611340901433,False
2014-10-31 19:30:00,MT_196,22500.0,0.8830850818066384,False,False,1.0039749787579,False
2014-11-01 01:45:00,MT_196,10666.6666666667,-1.7676931111929388,False,False,0.9674942798896917,False
2014-11-01 04:15:00,MT_196,13875.0,-1.0905471512402702,False,False,1.0923936966474,False
2014-11-01 05:15:00,MT_196,13916.6666666667,-1.0729611783443593,False,False,1.031756711590074,False
2014-11-01 07:45:00,MT_196,17458.3333333333,-0.31200608775958144,False,False,0.9939414969134628,False
2014-11-01 08:45:00,MT_196,21041.6666666667,0.49567963060783715,False,False,0.9989231040602468,False
2014-11-01 13:00:00,MT_196,23708.3333333333,1.0786668168534899,False,False,1.0070195957949388,False
2014-11-01 17:30:00,MT_196,24375.0,1.1150110674381026,False,False,0.9870680495572324,False
2014-11-01 18:45:00,MT_196,24208.3333333333,1.0129304658544482,False,False,0.9935121686864736,False
2014-11-01 21:45:00,MT_196,20833.3333333333,0.3024785558746939,False,False,0.9793506517724562,False
2014-11-02 02:45:00,MT_196,10708.3333333333,-1.7663033742393204,False,False,0.9765514720192211,False
2014-11-02 03:45:00,MT_196,10875.0,-1.7209280030758685,False,False,0.9763905551279676,False
2014-11-02 05:15:00,MT_196,13000.0,-1.2796605705886375,False,False,1.0099719937927014,False
2014-11-02 06:00:00,MT_196,14833.3333333333,-0.8935484401352523,False,False,0.9933928719434669,False
2014-11-02 09:15:00,MT_196,20416.6666666667,0.2610693514145551,False,False,0.9960631217714554,False
2014-11-02 13:30:00,MT_196,20375.0,0.31506713718395885,False,False,0.9969577895460432,False
2014-11-02 14:00:00,MT_196,21250.0,0.5094699744628,False,False,0.960885220048153,False
2014-11-02 17:45:00,MT_196,21833.3333333333,0.7452309609741115,False,False,0.9958675782576775,False
2014-11-03 02:00:00,MT_196,13041.6666666667,-1.2340985968701998,False,False,1.0720434471050466,False
2014-11-03 03:15:00,MT_196,13541.6666666667,-1.1834062632001265,False,False,1.2872641031168743,False
2014-11-03 06:30:00,MT_196,18083.3333333333,-0.0788985822858935,False,False,1.174890796091036,False
2014-11-03 13:15:00,MT_196,19875.0,0.4960509650896466,False,False,1.0140992046056179,False
2014-11-03 16:45:00,MT_196,18666.6666666667,0.25152760214737524,False,False,1.2892015940431385,False
2014-11-04 00:45:00,MT_196,11958.3333333333,-1.8682290295256603,False,False,1.179602623177491,False
2014-11-04 09:15:00,MT_196,20166.6666666667,0.8116758142877075,False,False,1.0467340833783576,False
2014-11-04 10:00:00,MT_196,19333.3333333333,0.5731121502202199,False,False,0.9717834709843379,False
2014-11-04 10:30:00,MT_196,20083.3333333333,0.7875759159172097,False,False,1.0101006437492808,False
2014-11-04 11:00:00,MT_196,18958.3333333333,0.47287351180232134,False,False,0.9916514665282505,False
2014-11-04 13:45:00,MT_196,18583.3333333333,0.38374874544995935,False,False,1.0712323799912078,False
2014-11-04 15:00:00,MT_196,20458.3333333333,0.9195654770413391,False,False,0.993483142302348,False
2014-11-04 17:30:00,MT_196,20708.3333333333,0.9868498684920426,False,False,1.0014530368492,False
2014-11-04 20:30:00,MT_196,19958.3333333333,0.7745157130278175,False,False,1.0166537908653976,False
2014-11-04 20:45:00,MT_196,19333.3333333333,0.6003074369470934,False,False,0.9802065673231082,False
2014-11-04 22:15:00,MT_196,17583.3333333333,0.12338686200163279,False,False,0.9875911731034023,False
2014-11-04 23:15:00,MT_196,17458.3333333333,0.10259723031173071,False,False,0.9962311089450578,False
2014-11-05 01:30:00,MT_196,10833.3333333333,-1.7242256218902938,False,False,0.9734256775125496,False
2014-11-05 08:30:00,MT_196,15833.3333333333,-0.31069642139617365,False,False,1.0988479208847497,False
2014-11-05 10:45:00,MT_196,18291.6666666667,0.40475509233173795,False,False,1.0069553421358233,False
2014-11-05 11:45:00,MT_196,19333.3333333333,0.7089767612366075,False,False,0.9900622082330148,False
2014-11-05 13:30:00,MT_196,17750.0,0.28193954697401796,False,False,1.200030352130589,False
2014-11-05 15:00:00,MT_196,19583.3333333333,0.7944698878699219,False,False,1.0143530126337303,False
2014-11-05 17:30:00,MT_196,20041.6666666667,0.9154763478633938,False,False,1.014907537892425,False
2014-11-06 04:45:00,MT_196,11208.3333333333,-1.4177764208446215,False,False,1.004253974037225,False
2014-11-06 06:30:00,MT_196,17125.0,0.12800698399806332,False,False,1.2279958045620893,False
2014-11-06 15:00:00,MT_196,21750.0,1.301969636899985,False,False,1.0678898936739754,False
2014-11-06 17:15:00,MT_196,20291.6666666667,0.8980849930187241,False,False,1.0064798763764848,False
2014-11-06 19:45:00,MT_196,20375.0,0.8729779511070408,False,False,0.9952430779093543,False
2014-11-06 21:30:00,MT_196,20333.3333333333,0.8321938880446849,False,False,1.0888825976992766,False
2014-11-06 21:45:00,MT_196,18625.0,0.40656864255130554,False,False,0.979277814719859,False
2014-11-07 10:15:00,MT_196,19500.0,0.5664204712265989,False,False,0.9709628674692521,False
2014-11-07 10:45:00,MT_196,19625.0,0.5964276262706075,False,False,0.9688574429809415,False
2014-11-07 12:15:00,MT_196,20958.3333333333,0.9128900422246407,False,False,1.0095670091333715,False
2014-11-07 13:15:00,MT_196,19791.6666666667,0.5959654637495548,False,False,1.031945504127592,False
2014-11-07 16:15:00,MT_196,21250.0,0.9168016241340677,False,False,0.9843117571912708,False
2014-11-07 17:00:00,MT_196,21000.0,0.8445312696623741,False,False,0.996644414324088,False
2014-11-07 21:00:00,MT_196,20416.6666666667,0.6588461031381285,False,False,0.9785938988900256,False
2014-11-07 21:15:00,MT_196,20750.0,0.7413144422476685,False,False,0.9986372544086525,False
2014-11-07 22:00:00,MT_196,19875.0,0.5242613931769405,False,False,0.9900349411461739,False
2014-11-08 00:30:00,MT_196,11083.3333333333,-1.5780420114058353,False,False,1.0156600275684273,False
2014-11-08 01:45:00,MT_196,9333.33333333333,-1.990888372451797,False,False,1.0222788719188618,False
2014-11-08 02:00:00,MT_196,9833.33333333333,-1.8654082780027852,False,False,0.9877960474478891,False
2014-11-08 04:45:00,MT_196,11416.6666666667,-1.4438251955607537,False,False,0.990446265024648,False
2014-11-08 10:15:00,MT_196,20666.6666666667,0.711579409157,False,False,0.9879199910002261,False
2014-11-08 12:30:00,MT_196,22250.0,1.0495083593445869,False,False,0.9850002989266544,False
2014-11-08 19:00:00,MT_196,21666.6666666667,0.7636398286607535,False,False,0.9934615608885671,False
2014-11-08 23:15:00,MT_196,17958.3333333333,-0.008948553325516171,False,False,0.9956391278001231,False
2014-11-09 03:45:00,MT_196,9083.33333333333,-1.8739426004070476,False,False,0.9880983731769251,False
2014-11-09 09:15:00,MT_196,19875.0,0.4258503114342609,False,False,0.9979316324160611,False
2014-11-09 10:15:00,MT_196,21166.6666666667,0.6849062942749332,False,False,0.9844280892927492,False
2014-11-09 16:30:00,MT_196,19583.3333333333,0.4667056133406209,False,False,1.0317665479261418,False
2014-11-09 19:30:00,MT_196,18875.0,0.3895669061795371,False,False,1.0778498955592037,False
2014-11-10 06:00:00,MT_196,12666.6666666667,-1.0198208682637397,False,False,1.068675613792091,False
2014-11-10 07:45:00,MT_196,14750.0,-0.516164269518863,False,False,1.0201571364041884,False
2014-11-10 08:15:00,MT_196,15333.3333333333,-0.37248820849773967,False,False,1.0382565590477368,False
2014-11-10 15:30:00,MT_196,19041.6666666667,0.6525254400118752,False,False,1.0133049796728533,False
2014-11-10 17:15:00,MT_196,19500.0,0.7874132115644487,False,False,1.0708849659293957,False
2014-11-11 05:30:00,MT_196,14041.6666666667,-1.4107319043687103,False,False,1.0467443886421337,False
2014-11-11 05:45:00,MT_196,14958.3333333333,-1.062979521681452,False,False,0.9988972716283265,False
2014-11-11 13:00:00,MT_196,20416.6666666667,1.1058950890772026,False,False,1.0592909034843163,False
2014-11-11 14:45:00,MT_196,21041.6666666667,1.3651246433489685,False,False,1.1023703408316727,False
2014-11-11 15:00:00,MT_196,21125.0,1.3823627363482467,False,False,1.0978234173955326,False
2014-11-11 21:00:00,MT_196,19583.3333333333,0.6367294737309617,False,False,1.0118547624921321,False
2014-11-12 11:30:00,MT_196,20041.6666666667,0.7741507396058657,False,False,0.9964382301797892,False
2014-11-13 00:00:00,MT_196,14958.3333333333,-1.5435527205315138,False,False,1.2323488800742408,False
2014-11-13 14:00:00,MT_196,20458.3333333333,0.8741526873046357,False,False,1.0116218695922765,False
2014-11-13 15:00:00,MT_196,21041.6666666667,1.125851900965276,False,False,0.9917130417199979,False
2014-11-13 17:15:00,MT_196,21750.0,1.4346252640437656,False,False,1.11782574798703,False
2014-11-13 21:00:00,MT_196,20833.3333333333,0.9737815047652275,False,False,1.1461816132430065,False
2014-11-13 22:30:00,MT_196,19208.3333333333,0.26826871370810823,False,False,0.9714439390490751,False
2014-11-14 00:30:00,MT_196,15208.3333333333,-1.4857692165014358,False,False,1.161257294751023,False
2014-11-14 06:00:00,MT_196,13666.6666666667,-1.102585301089763,False,False,1.016917414828992,False
2014-11-14 11:00:00,MT_196,18750.0,0.314548761262137,False,False,1.0170653358606394,False
2014-11-14 13:45:00,MT_196,20916.6666666667,0.8960257862171993,False,False,0.9955576476512925,False
2014-11-14 15:00:00,MT_196,21208.3333333333,0.9608101435622834,False,False,0.9925349921979694,False
2014-11-14 16:30:00,MT_196,20291.6666666667,0.7136623918969546,False,False,1.0489907979670507,False
2014-11-14 17:15:00,MT_196,19958.3333333333,0.6272278054968787,False,False,1.0842362745904746,False
2014-11-14 20:15:00,MT_196,19791.6666666667,0.5984169118609265,False,False,0.9896693269995332,False
2014-11-14 22:00:00,MT_196,19000.0,0.41045996622421077,False,False,0.9807659104981852,False
2014-11-14 22:30:00,MT_196,17625.0,0.048183770368852796,False,False,0.9865431091973775,False
2014-11-14 23:15:00,MT_196,17333.3333333333,-0.019904767034469483,False,False,1.0224555409192402,False
2014-11-14 23:45:00,MT_196,14000.0,-0.9128091070674175,False,False,1.0514239473708284,False
2014-11-15 00:30:00,MT_196,10791.6666666667,-1.7263028410581447,False,False,1.0424420119816311,False
2014-11-15 03:30:00,MT_196,9583.33333333333,-1.8641659190683957,False,False,0.9892154500485733,False
2014-11-15 06:00:00,MT_196,12833.3333333333,-1.016698559513697,False,False,1.0674753751849342,False
2014-11-15 15:00:00,MT_196,22083.3333333333,1.0086631923807774,False,False,1.005874097283601,False
2014-11-15 18:15:00,MT_196,21125.0,0.6793338432499857,False,False,1.0071671697863875,False
2014-11-15 20:00:00,MT_196,20541.6666666667,0.5657256450732308,False,False,0.9719769030523886,False
2014-11-15 21:45:00,MT_196,20791.6666666667,0.600347885985256,False,False,1.046421380686703,False
2014-11-16 03:15:00,MT_196,10833.3333333333,-1.4637527108814368,False,False,1.0265809659542355,False
2014-11-16 19:00:00,MT_196,21166.6666666667,0.815566068021906,False,False,0.9982788259728071,False
2014-11-16 19:30:00,MT_196,19791.6666666667,0.5082154128932487,False,False,0.9914666314018598,False
2014-11-17 00:00:00,MT_196,12333.3333333333,-1.1603972225009334,False,False,1.017923028499754,False
2014-11-17 01:00:00,MT_196,14583.3333333333,-0.6990374727205942,False,False,1.1275506989984083,False
2014-11-17 08:00:00,MT_196,17875.0,-0.29299663279088456,False,False,0.9941244436555264,False
2014-11-17 13:00:00,MT_196,19083.3333333333,0.3375359548551491,False,False,1.1060218426946369,False
2014-11-17 17:45:00,MT_196,20166.6666666667,0.8805431747138213,False,False,1.0217025159207274,False
2014-11-17 19:00:00,MT_196,20500.0,1.0779987862600964,False,False,1.0089605820706398,False
2014-11-17 19:45:00,MT_196,19458.3333333333,0.6227416932396728,False,False,0.9798703464470133,False
2014-11-17 21:00:00,MT_196,19833.3333333333,0.7932309815051315,False,False,1.0010695188149354,False
2014-11-18 07:15:00,MT_196,17958.3333333333,0.012564401309714056,False,False,1.1185074235294388,False
2014-11-18 15:15:00,MT_196,20875.0,1.1764108248286695,False,False,1.0304065181060196,False
2014-11-18 17:30:00,MT_196,20666.6666666667,1.1143179901466886,False,False,1.0064176363950257,False
2014-11-18 18:30:00,MT_196,20750.0,1.1317348228713782,False,False,1.0517641265111322,False
2014-11-18 22:45:00,MT_196,18541.6666666667,0.23820593270670248,False,False,0.9845152289349244,False
2014-11-19 11:00:00,MT_196,18708.3333333333,0.33511394307359377,False,False,0.9983811609217503,False
2014-11-19 15:15:00,MT_196,19666.6666666667,0.880650659323605,False,False,0.9950801494415367,False
2014-11-19 20:15:00,MT_196,19833.3333333333,0.9735632620303292,False,False,1.0818861654175702,False
2014-11-19 21:15:00,MT_196,18791.6666666667,0.5075372035997225,False,False,0.9987387729739226,False
2014-11-20 01:30:00,MT_196,9166.66666666667,-3.3072346864464826,True,False,3.9906639324937934,True
2014-11-20 09:45:00,MT_196,19291.6666666667,0.7589239559710238,False,False,1.006452052654145,False
2014-11-20 11:00:00,MT_196,19708.3333333333,0.8475939091491528,False,False,1.0072812694363633,False
2014-11-20 11:30:00,MT_196,20166.6666666667,0.9593826362035426,False,False,1.026898313967393,False
2014-11-20 12:30:00,MT_196,20333.3333333333,0.9782641770561158,False,False,1.0192887419555632,False
2014-11-20 15:15:00,MT_196,20708.3333333333,1.0438891312951633,False,False,0.9818080316279212,False
2014-11-20 17:45:00,MT_196,21416.6666666667,1.2106217299613105,False,False,1.0194120435025942,False
2014-11-20 22:30:00,MT_196,18125.0,0.30422755835236476,False,False,0.975836281770595,False
2014-11-21 03:00:00,MT_196,13625.0,-1.0953167711770657,False,False,1.2339371614379273,False
2014-11-21 04:15:00,MT_196,16000.0,-0.49369892621907213,False,False,1.3828477841486064,False
2014-11-21 12:45:00,MT_196,23000.0,1.9390198469756177,False,False,1.5990606384258494,False
2014-11-21 15:45:00,MT_196,21208.3333333333,1.1727550276132366,False,False,0.977155725294933,False
2014-11-21 16:00:00,MT_196,20083.3333333333,0.7466054217952766,False,False,1.0228474750794179,False
2014-11-21 16:30:00,MT_196,20416.6666666667,0.8631815872624149,False,False,1.0081061020107032,False
2014-11-21 17:30:00,MT_196,21166.6666666667,1.1038162785697696,False,False,0.9979643463302107,False
2014-11-21 22:00:00,MT_196,19916.6666666667,0.5628170005053087,False,False,0.9987234600271805,False
2014-11-22 03:15:00,MT_196,14375.0,-1.3842021085843266,False,False,1.265229213728966,False
2014-11-22 04:45:00,MT_196,14500.0,-1.355658482337023,False,False,1.058287766281179,False
2014-11-22 10:30:00,MT_196,21125.0,0.9340189698949117,False,False,0.9757085446869904,False
2014-11-22 16:30:00,MT_196,23625.0,1.3978651197122893,False,False,1.0621223220138218,False
2014-11-22 20:00:00,MT_196,21208.3333333333,0.5622507958259879,False,False,0.9744739882821175,False
2014-11-23 04:45:00,MT_196,9666.66666666667,-2.000667779925181,False,False,1.0880140289587215,False
2014-11-23 05:00:00,MT_196,10041.6666666667,-1.875695617950293,False,False,1.0557480495209137,False
2014-11-23 11:15:00,MT_196,21250.0,0.6331249217639324,False,False,0.9896773542537742,False
2014-11-23 12:00:00,MT_196,21250.0,0.6424621302109531,False,False,1.0049242896136288,False
2014-11-23 12:30:00,MT_196,20875.0,0.5739325029598356,False,False,1.000783761083973,False
2014-11-23 18:30:00,MT_196,21583.3333333333,0.9598042377278827,False,False,1.0143318570565976,False
2014-11-23 19:15:00,MT_196,20833.3333333333,0.7916229571577849,False,False,0.9968473691287045,False
2014-11-23 19:30:00,MT_196,21000.0,0.8316485839551955,False,False,0.999544848866194,False
2014-11-23 22:30:00,MT_196,17208.3333333333,-0.04585111215959376,False,False,1.026779728157326,False
2014-11-23 23:30:00,MT_196,15583.3333333333,-0.42648510456756666,False,False,1.0404571906985678,False
2014-11-23 23:45:00,MT_196,13833.3333333333,-0.8540040690049392,False,False,0.9842112249232045,False
2014-11-24 03:00:00,MT_196,10000.0,-1.7172353521997146,False,False,0.9737951237977471,False
2014-11-24 04:45:00,MT_196,10416.6666666667,-1.6079241632122012,False,False,1.0306514063128145,False
2014-11-24 06:30:00,MT_196,16500.0,-0.1401819166438109,False,False,1.1372961460160766,False
2014-11-24 08:45:00,MT_196,17333.3333333333,0.06840947012432964,False,False,1.0598624280983,False
2014-11-24 11:30:00,MT_196,18416.6666666667,0.3914171426320542,False,False,0.9932675593031202,False
2014-11-24 14:15:00,MT_196,19416.6666666667,0.7002048011723956,False,False,0.9971751775130944,False
2014-11-25 00:15:00,MT_196,12916.6666666667,-0.9505022190467172,False,False,0.9856878894897607,False
2014-11-25 04:15:00,MT_196,12500.0,-1.0968180521774955,False,False,1.0992180625290173,False
2014-11-25 07:00:00,MT_196,16541.6666666667,-0.001450571329903081,False,False,1.1251678722662266,False
2014-11-26 00:00:00,MT_196,12625.0,-1.1105751395021066,False,False,1.005423167493361,False
2014-11-26 03:00:00,MT_196,14458.3333333333,-0.8535521892143882,False,False,1.430517822327416,False
2014-11-26 07:15:00,MT_196,16708.3333333333,-0.3640371272854893,False,False,0.9599908454286941,False
2014-11-26 08:30:00,MT_196,17333.3333333333,-0.14724333633757997,False,False,1.079920944132485,False
2014-11-26 13:15:00,MT_196,18458.3333333333,0.3680624093541434,False,False,1.1064141589851588,False
2014-11-26 14:45:00,MT_196,19208.3333333333,0.7283780430928277,False,False,1.020825079384499,False
2014-11-26 19:30:00,MT_196,19583.3333333333,0.9959343849099139,False,False,1.0498974152017715,False
2014-11-26 20:45:00,MT_196,19666.6666666667,1.0410351419281503,False,False,1.2049983388143666,False
2014-11-26 21:45:00,MT_196,18583.3333333333,0.5205176929653482,False,False,1.0250207080426286,False
2014-11-26 23:15:00,MT_196,17375.0,-0.028593055553916325,False,False,0.9880892748772889,False
2014-11-27 01:00:00,MT_196,9791.66666666667,-3.1927831182207154,True,False,3.888020846145628,True
2014-11-27 06:15:00,MT_196,18416.6666666667,0.509408159549998,False,False,1.5506585540692572,False
2014-11-27 06:30:00,MT_196,18041.6666666667,0.39411967055005726,False,False,1.4061618198175334,False
2014-11-27 10:30:00,MT_196,18166.6666666667,0.4495859643337089,False,False,0.9679258098789587,False
2014-11-27 11:30:00,MT_196,18166.6666666667,0.4505791800227796,False,False,0.9955195612894215,False
2014-11-27 12:00:00,MT_196,18333.3333333333,0.505378582639921,False,False,0.995948143160749,False
2014-11-27 19:45:00,MT_196,19375.0,0.8128546770147456,False,False,0.9918272416548491,False
2014-11-27 20:15:00,MT_196,18875.0,0.669139862146851,False,False,0.9938735271717434,False
2014-11-27 22:00:00,MT_196,17916.6666666667,0.3945776221211327,False,False,0.9801155189466503,False
2014-11-28 02:45:00,MT_196,11875.0,-1.6141534444669274,False,False,0.9831208224369279,False
2014-11-28 05:00:00,MT_196,11666.6666666667,-1.8852344045006324,False,False,1.2104804272060545,False
2014-11-28 06:15:00,MT_196,18958.3333333333,0.735604454169005,False,False,1.6311833024571492,False
2014-11-28 09:45:00,MT_196,20000.0,1.0595812788196035,False,False,1.1420276301577035,False
2014-11-28 14:45:00,MT_196,19750.0,0.930827260956817,False,False,1.0191887226461878,False
2014-11-28 22:00:00,MT_196,18750.0,0.45384463270583575,False,False,0.9799568260478155,False
2014-11-28 23:45:00,MT_196,15625.0,-0.5818851246559383,False,False,1.03283015037188,False
2014-11-29 03:45:00,MT_196,10333.3333333333,-1.8693449485310916,False,False,0.9881202898122193,False
2014-11-29 05:15:00,MT_196,11333.3333333333,-1.5473472988653902,False,False,1.0510460547423524,False
2014-11-29 09:30:00,MT_196,22666.6666666667,1.544213890299867,False,False,1.2801122514865364,False
2014-11-29 09:45:00,MT_196,20750.0,1.0196801769675345,False,False,1.0142749966152278,False
2014-11-29 10:45:00,MT_196,19166.6666666667,0.5914966950285809,False,False,1.0757473406763713,False
2014-11-29 22:30:00,MT_196,17416.6666666667,-0.03559115565484249,False,False,0.9961336307430191,False
2014-11-30 11:00:00,MT_196,19458.3333333333,0.4403086029387149,False,False,1.0538907238605968,False
2014-11-30 13:30:00,MT_196,19875.0,0.5546290124580393,False,False,0.9814627957773132,False
2014-11-30 16:00:00,MT_196,20750.0,0.8467447355831169,False,False,0.9856181644683819,False
2014-11-30 16:15:00,MT_196,20500.0,0.7917164430409903,False,False,0.9775769186556602,False
2014-11-30 19:00:00,MT_196,21000.0,0.9637749613822686,False,False,1.0553716114056013,False
2014-12-01 00:00:00,MT_196,11291.6666666667,-1.3935452069905923,False,False,1.0716727392808312,False
2014-12-01 02:30:00,MT_196,9166.66666666667,-1.8911422916112046,False,False,1.0649167261830135,False
2014-12-01 08:45:00,MT_196,17375.0,0.1382151390712644,False,False,1.0741408183040762,False
2014-12-01 10:00:00,MT_196,18250.0,0.36426184597633104,False,False,1.0231498508407741,False
2014-12-01 10:45:00,MT_196,17833.3333333333,0.2810379075679909,False,False,0.9931372815793776,False
2014-12-01 12:00:00,MT_196,18125.0,0.38546519893429787,False,False,1.0501173746035413,False
2014-12-01 15:45:00,MT_196,18958.3333333333,0.6716196558547499,False,False,1.02212779932481,False
2014-12-01 16:45:00,MT_196,19208.3333333333,0.7658116696470758,False,False,1.056225605346454,False
2014-12-01 21:45:00,MT_196,18083.3333333333,0.5030435187519398,False,False,0.9818718856512053,False
2014-12-02 00:30:00,MT_196,13000.0,-0.8890967445424,False,False,0.9708495088736423,False
2014-12-02 01:45:00,MT_196,12875.0,-1.0424971889674568,False,False,1.0887474078339157,False
2014-12-02 08:15:00,MT_196,16375.0,-0.3734814973158465,False,False,1.045949402746917,False
2014-12-02 09:30:00,MT_196,18166.6666666667,0.34068321889552255,False,False,1.0147514839974885,False
2014-12-02 16:00:00,MT_196,18500.0,0.4685986923000467,False,False,1.1826300530080927,False
2014-12-02 18:30:00,MT_196,20333.3333333333,1.2821203103471803,False,False,1.153465151464408,False
2014-12-02 21:00:00,MT_196,19083.3333333333,0.8516144443634468,False,False,1.1502859604107771,False
2014-12-03 01:00:00,MT_196,12791.6666666667,-1.7749852360595488,False,False,1.1168028321297503,False
2014-12-03 05:45:00,MT_196,16041.6666666667,-0.443306600107939,False,False,1.0361353030370302,False
2014-12-03 06:30:00,MT_196,19416.6666666667,0.9808422629103531,False,False,1.5503532017917376,False
2014-12-03 07:15:00,MT_196,17500.0,0.15511609512344265,False,False,1.1581883077041017,False
2014-12-03 08:30:00,MT_196,18333.3333333333,0.4961047342657856,False,False,1.074485451401681,False
2014-12-03 14:00:00,MT_196,19041.6666666667,0.8110454598256511,False,False,1.004294481309868,False
2014-12-03 14:15:00,MT_196,20583.3333333333,1.457590569107798,False,False,1.385754703665074,False
2014-12-04 01:45:00,MT_196,12750.0,-1.869589021371123,False,False,1.1453267010031898,False
2014-12-04 03:30:00,MT_196,13041.6666666667,-1.7176122196121657,False,False,1.1494955307064338,False
2014-12-04 04:45:00,MT_196,14666.6666666667,-1.068449996930801,False,False,1.0684668619312976,False
2014-12-04 09:30:00,MT_196,18250.0,0.37234217934332764,False,False,0.9929562129437741,False
2014-12-04 10:30:00,MT_196,18166.6666666667,0.3482953688872052,False,False,0.9805472641423622,False
2014-12-04 13:30:00,MT_196,19083.3333333333,0.7031015696745246,False,False,1.0370462160349863,False
2014-12-04 16:15:00,MT_196,20291.6666666667,1.2365831657971689,False,False,1.0504237520915336,False
2014-12-04 16:45:00,MT_196,18541.6666666667,0.5067858563495523,False,False,1.2055621645413483,False
2014-12-04 22:00:00,MT_196,18125.0,0.34625658333641623,False,False,0.977564331684904,False
2014-12-05 00:00:00,MT_196,13166.6666666667,-1.6723948582272319,False,False,1.3333411943374158,False
2014-12-05 00:30:00,MT_196,10166.6666666667,-2.9171808322702617,False,False,2.8628078121262894,False
2014-12-05 02:15:00,MT_196,13541.6666666667,-1.4592915302934495,False,False,1.063944694638661,False
2014-12-05 08:45:00,MT_196,17875.0,0.3049112125426434,False,False,1.077898128431346,False
2014-12-05 09:00:00,MT_196,18500.0,0.5443188470311152,False,False,1.059945971064489,False
2014-12-05 10:30:00,MT_196,19083.3333333333,0.7708140512612327,False,False,1.0181965764402325,False
2014-12-05 14:15:00,MT_196,19625.0,0.9754162824963117,False,False,1.0465106322254372,False
2014-12-05 15:30:00,MT_196,19625.0,0.978617437428581,False,False,1.0358288528849378,False
2014-12-05 20:45:00,MT_196,19250.0,0.7757633528471872,False,False,0.9910454656584309,False
2014-12-05 22:45:00,MT_196,16875.0,-0.10408406307312786,False,False,1.0212169369931372,False
2014-12-06 00:00:00,MT_196,13583.3333333333,-1.3072776295291075,False,False,1.0159000722925038,False
2014-12-06 00:30:00,MT_196,10125.0,-2.583133089156123,False,False,2.3443243114793115,False
2014-12-06 06:00:00,MT_196,15458.3333333333,-0.6319149508295333,False,False,0.9779947531559677,False
2014-12-06 06:30:00,MT_196,16541.6666666667,-0.24295351241050298,False,False,1.0447281641555797,False
2014-12-06 07:00:00,MT_196,17833.3333333333,0.23824490245556332,False,False,1.1787035530495995,False
2014-12-06 10:30:00,MT_196,21500.0,1.397339116650636,False,False,1.2062225392587826,False
2014-12-06 16:00:00,MT_196,21333.3333333333,1.019762787590659,False,False,1.0048101489134318,False
2014-12-06 22:00:00,MT_196,17875.0,-0.06796221378536837,False,False,0.9986631898654441,False
2014-12-07 04:00:00,MT_196,8208.33333333333,-2.170026573794004,False,False,1.234951613201941,False
2014-12-07 09:15:00,MT_196,19833.3333333333,0.5859504056297024,False,False,1.0093886532913057,False
2014-12-07 12:00:00,MT_196,21375.0,0.9247799030172825,False,False,1.003424995178007,False
2014-12-07 14:15:00,MT_196,18708.3333333333,0.3929293460222253,False,False,1.0325072770495969,False
2014-12-07 15:00:00,MT_196,19458.3333333333,0.5782462374753863,False,False,1.0231272971979835,False
2014-12-07 20:45:00,MT_196,18333.3333333333,0.42780963379569853,False,False,1.0301866832723756,False
2014-12-08 04:30:00,MT_196,13750.0,-0.7075730588527901,False,False,1.2963346038457828,False
2014-12-08 10:15:00,MT_196,19041.6666666667,0.6875671871138072,False,False,1.07203307237308,False
2014-12-08 13:45:00,MT_196,20791.6666666667,1.2073764679295262,False,False,1.0412442355106901,False
2014-12-08 16:00:00,MT_196,21708.3333333333,1.4288569826079778,False,False,1.0965806523940598,False
2014-12-08 17:15:00,MT_196,19750.0,0.8823194307255487,False,False,1.0372151539975822,False
2014-12-08 19:45:00,MT_196,18708.3333333333,0.573553548360203,False,False,0.9906065785126313,False
2014-12-09 01:00:00,MT_196,12250.0,-1.1156702609355327,False,False,0.980733431589613,False
2014-12-09 02:45:00,MT_196,12500.0,-1.1179311348832834,False,False,1.190667334299178,False
2014-12-09 04:30:00,MT_196,17833.3333333333,0.28963594113647007,False,False,2.0064046903529684,False
2014-12-09 04:45:00,MT_196,14458.3333333333,-0.7134199698389995,False,False,1.0708422752260955,False
2014-12-09 07:45:00,MT_196,20291.6666666667,0.9782256209689135,False,False,1.262803688525202,False
2014-12-09 11:15:00,MT_196,18208.3333333333,0.14990563938711784,False,False,1.088774878441746,False
2014-12-09 13:00:00,MT_196,18375.0,0.2610795553715315,False,False,1.1456412624590329,False
2014-12-09 16:15:00,MT_196,20166.6666666667,0.907131372986599,False,False,1.008146077639035,False
2014-12-09 20:45:00,MT_196,18375.0,0.3435746895246745,False,False,0.9782116749223876,False
2014-12-09 21:30:00,MT_196,18041.6666666667,0.2319330290268214,False,False,0.9883017698060268,False
2014-12-10 04:45:00,MT_196,14708.3333333333,-0.9385663562828706,False,False,1.0650490624163538,False
2014-12-10 11:00:00,MT_196,18083.3333333333,0.24579585268088164,False,False,1.0361386867783131,False
2014-12-10 14:15:00,MT_196,19625.0,0.7061488450340159,False,False,0.9948461501332097,False
2014-12-10 17:45:00,MT_196,21833.3333333333,1.3927594056705648,False,False,1.1437726929293217,False
2014-12-10 18:30:00,MT_196,20916.6666666667,1.074746320211945,False,False,1.0175911885159115,False
2014-12-10 21:30:00,MT_196,18500.0,0.26738736692995874,False,False,1.0085457212865256,False
2014-12-10 22:15:00,MT_196,17291.6666666667,-0.13170356461826135,False,False,1.0046418698356185,False
2014-12-11 00:15:00,MT_196,13500.0,-1.3688971302442963,False,False,1.0079386242583939,False
2014-12-11 01:30:00,MT_196,11666.6666666667,-1.971588597832573,False,False,1.12264245973116,False
2014-12-11 01:45:00,MT_196,12208.3333333333,-1.7949499095273913,False,False,1.0431535545689443,False
2014-12-11 04:45:00,MT_196,13458.3333333333,-1.3599544641916979,False,False,0.9942537601125854,False
2014-12-11 05:15:00,MT_196,12833.3333333333,-1.5462699253976546,False,False,1.0250385360929013,False
2014-12-11 05:30:00,MT_196,13083.3333333333,-1.4580080213886772,False,False,1.0127254463670783,False
2014-12-11 09:15:00,MT_196,23500.0,1.826996113173124,False,False,1.523878070929031,False
2014-12-11 13:00:00,MT_196,20333.3333333333,0.8283857871465338,False,False,1.0004103127030284,False
2014-12-11 16:00:00,MT_196,20500.0,0.8448022105256037,False,False,0.9816164735225957,False
2014-12-12 00:00:00,MT_196,13250.0,-1.3644841402753916,False,False,1.0613638809894512,False
2014-12-12 00:15:00,MT_196,14583.3333333333,-0.9571093612801095,False,False,1.024714584172457,False
2014-12-12 20:45:00,MT_196,19625.0,0.38335688781948496,False,False,0.9862323732624995,False
2014-12-13 00:30:00,MT_196,13250.0,-1.4225824741856985,False,False,1.0234219483839857,False
2014-12-13 10:30:00,MT_196,23166.6666666667,1.3128639613100475,False,False,1.1247857156523566,False
2014-12-13 14:00:00,MT_196,23333.3333333333,1.1765783406511119,False,False,1.0545653651681723,False
2014-12-13 19:15:00,MT_196,20958.3333333333,0.6395729123295215,False,False,0.9871725732750382,False
2014-12-13 23:00:00,MT_196,16750.0,-0.2438636335835909,False,False,1.0254459332102508,False
2014-12-14 00:00:00,MT_196,14791.6666666667,-0.645809418376648,False,False,1.0025466996267296,False
2014-12-14 00:30:00,MT_196,15583.3333333333,-0.49094373160082905,False,False,1.0767540757075942,False
2014-12-14 01:15:00,MT_196,13666.6666666667,-0.9117737044162123,False,False,1.1730533142734594,False
2014-12-14 05:15:00,MT_196,13791.6666666667,-1.2657322002853655,False,False,1.024622848014869,False
2014-12-14 06:00:00,MT_196,16541.6666666667,-0.5917723162436884,False,False,0.9897944068754571,False
2014-12-14 10:45:00,MT_196,20625.0,0.4628494607807886,False,False,0.9962900427650648,False
2014-12-14 11:15:00,MT_196,22333.3333333333,0.9579288055621389,False,False,1.0076722383435133,False
2014-12-14 12:00:00,MT_196,22166.6666666667,0.9108258393378639,False,False,0.9918385970914962,False
2014-12-14 12:15:00,MT_196,20958.3333333333,0.5652765553024282,False,False,1.0050512135852585,False
2014-12-14 13:30:00,MT_196,18625.0,-0.06635969313437415,False,False,1.2351167117597788,False
2014-12-14 13:45:00,MT_196,19208.3333333333,0.11737156330209057,False,False,1.092523398170766,False
2014-12-14 15:15:00,MT_196,18458.3333333333,-0.046764286479634154,False,False,1.335291431674189,False
2014-12-14 20:00:00,MT_196,18500.0,0.10726806993137666,False,False,1.2320904046692716,False
2014-12-14 23:15:00,MT_196,16458.3333333333,-0.5614596311979774,False,False,1.013853672870515,False
2014-12-15 03:00:00,MT_196,10458.3333333333,-2.0693681965660358,False,False,1.3533701928112183,False
2014-12-15 03:45:00,MT_196,9958.33333333333,-2.071240248538066,False,False,1.310259609617498,False
2014-12-15 08:00:00,MT_196,19416.6666666667,0.5406015198198999,False,False,1.1261007456842265,False
2014-12-15 08:15:00,MT_196,19583.3333333333,0.5788071121320911,False,False,1.108283870741237,False
2014-12-15 08:45:00,MT_196,21875.0,1.1379396486904563,False,False,1.2168513169368598,False
2014-12-15 14:00:00,MT_196,19083.3333333333,0.5883115911031837,False,False,1.0193734377682337,False
2014-12-15 20:30:00,MT_196,19708.3333333333,0.6967272334480762,False,False,0.9886724166657244,False
2014-12-16 04:15:00,MT_196,13000.0,-1.5464656129575982,False,False,1.0008021325763292,False
2014-12-16 06:15:00,MT_196,17000.0,-0.20550506154472922,False,False,1.0897738105327666,False
2014-12-16 06:45:00,MT_196,15333.3333333333,-0.7741307615894085,False,False,0.9746565701439739,False
2014-12-16 12:45:00,MT_196,21583.3333333333,1.2549144819889098,False,False,1.1095948396928632,False
2014-12-16 13:30:00,MT_196,19625.0,0.5899012941196894,False,False,1.0166237928985815,False
2014-12-16 21:45:00,MT_196,18333.3333333333,0.13291269819331322,False,False,0.9862724998967636,False
2014-12-17 05:00:00,MT_196,9833.33333333333,-1.993490429251694,False,False,1.192391546775388,False
2014-12-17 05:45:00,MT_196,13916.6666666667,-0.9351925892191362,False,False,0.9949738810989215,False
2014-12-17 20:30:00,MT_196,19291.6666666667,0.4992463416152565,False,False,0.9807456074138654,False
2014-12-17 22:15:00,MT_196,17750.0,0.09595272506304706,False,False,0.9853402906828754,False
2014-12-17 22:30:00,MT_196,17791.6666666667,0.10915253216918942,False,False,0.9829743780166794,False
2014-12-17 23:00:00,MT_196,17208.3333333333,-0.04189074033113214,False,False,0.989517198267885,False
2014-12-18 01:15:00,MT_196,10625.0,-1.7302590870277925,False,False,0.966941069805529,False
2014-12-18 03:30:00,MT_196,8333.33333333333,-2.2836344292068826,False,False,1.7070435791922207,False
2014-12-18 13:30:00,MT_196,19083.3333333333,0.49261878691552236,False,False,1.0725634634885821,False
2014-12-18 18:30:00,MT_196,20166.6666666667,0.7012847317915969,False,False,0.9967378132689428,False
2014-12-18 19:30:00,MT_196,20458.3333333333,0.774175575390356,False,False,0.9905109684153507,False
2014-12-18 22:45:00,MT_196,18625.0,0.3036927460806081,False,False,0.9838851524809211,False
2014-12-19 06:30:00,MT_196,16583.3333333333,-0.1930055302516523,False,False,1.064112202041256,False
2014-12-19 11:30:00,MT_196,19333.3333333333,0.45033606346142574,False,False,0.9945832548011253,False
2014-12-19 13:00:00,MT_196,20458.3333333333,0.7011853838123391,False,False,0.997761564245632,False
2014-12-19 16:15:00,MT_196,21541.6666666667,0.9396867166887996,False,False,0.9829089443128761,False
2014-12-19 18:30:00,MT_196,21250.0,0.8718782931963058,False,False,1.023838472349235,False
2014-12-19 19:30:00,MT_196,23291.6666666667,1.3234683123913606,False,False,1.1340308347191768,False
2014-12-19 21:45:00,MT_196,17500.0,-0.022449226758560016,False,False,1.0335534385402887,False
2014-12-19 23:15:00,MT_196,17166.6666666667,-0.092166407230664,False,False,1.012827733478402,False
2014-12-20 01:30:00,MT_196,9333.33333333333,-1.9095921496703858,False,False,1.0127930594775416,False
2014-12-20 08:30:00,MT_196,17708.3333333333,0.08968171994251237,False,False,1.038662219809508,False
2014-12-20 11:15:00,MT_196,22041.6666666667,0.9092325388971855,False,False,0.9795915898113644,False
2014-12-20 14:45:00,MT_196,21375.0,0.6885652038113723,False,False,1.0150482561862666,False
2014-12-20 16:45:00,MT_196,24458.3333333333,1.283098715733888,False,False,1.0074485784741622,False
2014-12-20 17:15:00,MT_196,23250.0,1.023649576448109,False,False,0.9803537738762277,False
2014-12-20 18:45:00,MT_196,21000.0,0.5668337011904597,False,False,1.0065943475522776,False
2014-12-20 22:45:00,MT_196,18375.0,0.03845567153271572,False,False,0.9935012345500279,False
2014-12-20 23:00:00,MT_196,18916.6666666667,0.14265671400106783,False,False,0.9819553836249794,False
2014-12-21 08:45:00,MT_196,17958.3333333333,-0.06621824828936397,False,False,1.0530553570987506,False
2014-12-21 10:30:00,MT_196,23541.6666666667,1.089892885132955,False,False,1.0870170871643439,False
2014-12-21 16:00:00,MT_196,21291.6666666667,0.6957196865126729,False,False,0.9774790158977128,False
2014-12-21 21:15:00,MT_196,20125.0,0.5158482268160444,False,False,0.9887913243001325,False
2014-12-22 04:15:00,MT_196,11666.6666666667,-1.2661859099151396,False,False,1.038968526964255,False
2014-12-22 09:45:00,MT_196,19083.3333333333,0.24258039632998574,False,False,0.9982523278377877,False
2014-12-22 10:30:00,MT_196,18791.6666666667,0.21728145608066496,False,False,0.9826675285031298,False
2014-12-22 15:45:00,MT_196,21250.0,0.7813845938055226,False,False,0.9814218636705145,False
2014-12-22 18:00:00,MT_196,22625.0,1.0330312578017717,False,False,0.9770084369349844,False
2014-12-22 20:00:00,MT_196,19708.3333333333,0.3825648209911496,False,False,0.9916178751096114,False
2014-12-22 21:15:00,MT_196,19875.0,0.42008548363599235,False,False,0.971350096792151,False
2014-12-22 23:00:00,MT_196,18125.0,0.034987939332463296,False,False,0.9817289737920687,False
2014-12-23 00:30:00,MT_196,16458.3333333333,-0.3439282348148212,False,False,1.1383419568483053,False
2014-12-23 01:15:00,MT_196,13041.6666666667,-1.1251341809524893,False,False,1.0049910802071869,False
2014-12-23 02:00:00,MT_196,10041.6666666667,-1.8313219422872224,False,False,0.9615473121976137,False
2014-12-23 02:30:00,MT_196,11208.3333333333,-1.575882647291549,False,False,1.007249607576122,False
2014-12-23 04:30:00,MT_196,11916.6666666667,-1.4226934372885593,False,False,1.0047545314130426,False
2014-12-23 05:45:00,MT_196,12041.6666666667,-1.3913355446408682,False,False,1.0924623983976562,False
2014-12-23 11:00:00,MT_196,19833.3333333333,0.34160448896129986,False,False,0.9913635911032271,False
2014-12-23 11:45:00,MT_196,19416.6666666667,0.23876742104047277,False,False,1.034551451280528,False
2014-12-23 20:45:00,MT_196,20958.3333333333,0.5163028197357047,False,False,0.9867426350095465,False
2014-12-23 23:00:00,MT_196,19333.3333333333,0.15188735155953875,False,False,0.9839603580234901,False
2014-12-24 06:00:00,MT_196,13875.0,-1.063073708612853,False,False,0.9979984930820385,False
2014-12-24 13:45:00,MT_196,19083.3333333333,0.1794599069944531,False,False,1.2118427954846256,False
2014-12-24 15:45:00,MT_196,20958.3333333333,0.6681644357525127,False,False,0.9949197340312149,False
2014-12-24 16:15:00,MT_196,20958.3333333333,0.6816171843977281,False,False,0.9858041309304338,False
2014-12-24 19:15:00,MT_196,19708.3333333333,0.4815247993849462,False,False,1.0196192089553473,False
2014-12-24 19:45:00,MT_196,19083.3333333333,0.34525801646450055,False,False,1.0127400606998467,False
2014-12-24 21:00:00,MT_196,18958.3333333333,0.3380035173982435,False,False,0.9871056820972133,False
2014-12-24 23:15:00,MT_196,16291.6666666667,-0.30556549407039124,False,False,1.0214699888474865,False
2014-12-25 02:00:00,MT_196,7958.33333333333,-2.201120083831199,False,False,1.586991461366177,False
2014-12-25 04:00:00,MT_196,8291.66666666667,-1.9756436935848436,False,False,1.1887955304452227,False
2014-12-25 07:00:00,MT_196,9083.33333333333,-1.6045789202070477,False,False,2.21779511218261,False
2014-12-25 08:15:00,MT_196,11583.3333333333,-0.9331412604978855,False,False,1.8621066711789858,False
2014-12-25 11:15:00,MT_196,8791.66666666667,-1.2370957476289632,False,False,3.64531374322843,True
2014-12-25 11:30:00,MT_196,8750.0,-1.2188362650389086,False,False,3.6291593555191675,True
2014-12-25 16:45:00,MT_196,10208.3333333333,-0.5780100382493296,False,False,2.9171782278306857,False
2014-12-25 18:45:00,MT_196,11375.0,-0.1521213361633721,False,False,2.695342323870031,False
2014-12-26 09:30:00,MT_196,19666.6666666667,2.378505906091649,False,False,2.393030434956494,False
2014-12-26 11:45:00,MT_196,19333.3333333333,1.7494602577632012,False,False,1.7770960524167199,False
2014-12-26 12:00:00,MT_196,20375.0,1.9638834366221145,False,False,1.8922592787075851,False
2014-12-26 15:00:00,MT_196,21291.6666666667,1.6104940342735328,False,False,1.4853335788336544,False
2014-12-26 20:30:00,MT_196,20208.3333333333,0.7590998202922132,False,False,0.9889787281577048,False
2014-12-26 21:30:00,MT_196,17916.6666666667,0.24833527417687679,False,False,0.9878182829284512,False
2014-12-27 23:45:00,MT_196,15916.6666666667,-0.4941080125484343,False,False,1.0348880908865914,False
2014-12-28 04:30:00,MT_196,14416.6666666667,-0.7277874818840914,False,False,1.253309078600471,False
2014-12-28 07:00:00,MT_196,14000.0,-0.8066452913563051,False,False,1.0319574180422837,False
2014-12-29 01:15:00,MT_196,10208.3333333333,-1.577007887602147,False,False,0.9972225196792418,False
2014-12-29 03:15:00,MT_196,8958.33333333333,-1.8950675904073537,False,False,1.0147830821225017,False
2014-12-29 08:45:00,MT_196,23333.3333333333,1.4557030783500415,False,False,1.351188298829133,False
2014-12-29 13:30:00,MT_196,21000.0,0.9783809647622683,False,False,0.9774328876795266,False
2014-12-29 17:30:00,MT_196,24958.3333333333,1.6490860510193497,False,False,1.1079704306961884,False
2014-12-29 21:00:00,MT_196,19791.6666666667,0.4234719638241458,False,False,0.9775196529491077,False
2014-12-29 22:30:00,MT_196,17750.0,0.018453843237367703,False,False,0.9755187979709049,False
2014-12-30 06:15:00,MT_196,14791.6666666667,-0.5770080627111178,False,False,0.9857586904129659,False
2014-12-30 06:45:00,MT_196,14833.3333333333,-0.5681254796092498,False,False,0.974515030237489,False
2014-12-30 10:45:00,MT_196,18291.6666666667,0.08310833053155152,False,False,1.0590245314409708,False
2014-12-30 20:30:00,MT_196,19833.3333333333,0.3997156898532005,False,False,0.9599459999151555,False
2014-12-30 22:45:00,MT_196,18333.3333333333,0.09013515621366926,False,False,0.9814598645431859,False
2014-12-31 00:30:00,MT_196,15083.3333333333,-0.5523471976069009,False,False,1.0854226722019915,False
2014-12-31 02:15:00,MT_196,10208.3333333333,-1.5491629171007195,False,False,0.9745534248532008,False
2014-12-31 05:45:00,MT_196,13875.0,-0.8771576922220564,False,False,0.9903492178634411,False
2014-12-31 07:15:00,MT_196,15166.6666666667,-0.6266900415729191,False,False,0.9871866216917793,False
2014-12-31 07:45:00,MT_196,16125.0,-0.41417698126362884,False,False,0.9869438785113704,False
2014-12-31 19:15:00,MT_196,16416.6666666667,-0.3593554357061973,False,False,1.9521560461980874,False
2014-12-31 22:30:00,MT_196,9916.66666666667,-1.3659360377656864,False,False,2.1212076148669112,False
